customer_id,order_id,product_id,phone_number,customer_name,gender,age_group,city,region,customer_segment,order_date,product_category,product_name,quantity,unit_price,discount_rate,order_revenue,delivery_fee,payment_method,sales_channel,order_status,delivery_status,delivery_days,customer_rating,return_flag
CUST00001,ORD000001,PRD0017,2348082692761,Customer 1,,60+,Abuja,North Central,Occasional,2024-01-29,Fashion,Sneakers,5,10000,0.2,40000.0,2500,Bank Transfer,Mobile App,cancelled,delivered,2.0,4.0,NO
CUST00002,ORD000002,PRD0004,2348059532120,Customer 2,Male,46-60,Kaduna,North West,,2024-10-23,Sports,Running Shoes,2,40000,0.05,76000.0,1000,Card,Instagram,Completed,Delayed,14.0,5.0,No
CUST00003,ORD000003,PRD0002,2348056395726,Customer 3,F,60+,Kaduna,North West,Regular,2026-06-22,Beauty,Makeup Kit,5,75000,0.0,375000.0,0,Card,Mobile App,,delivered,1.0,,Yes
CUST00004,ORD000004,PRD0020,2348080821128,Customer 4,Female,46-60,Port Harcourt,South South,Regular,2025-12-08,Home & Kitchen,Air Fryer,5,75000,0.0,375000.0,1000,Cash on Delivery,Store,Returned,Delayed,5.0,4.0,No
CUST00005,ORD000005,PRD0021,2348036427770,Customer 5,MALE,60+,Port Harcourt,South South,Premium,2026-06-14,Electronics,Laptop,5,3500,0.2,14000.0,2500,Wallet,Store,Completed,delivered,10.0,3.0,No
CUST00006,ORD000006,PRD0018,2348074847255,Customer 6,,26-35,Lagos,South West,Premium,2026-05-30,Electronics,Laptop,4,75000,0.15,255000.0,1000,Bank Transfer,mobile app,Cancelled,In Transit,,4.0,Yes
CUST00007,ORD000007,PRD0015,2348036601246,Customer 7,female,26-35,Enugu,South East,Occasional,2026-04-05,Sports,Running Shoes,4,15000,0.1,54000.0,1000,Wallet,Marketplace,Pending,DELIVERED,12.0,3.0,
CUST00008,ORD000008,PRD0028,2348075833712,Customer 8,,,Kano,North West,premium ,2024-12-06,Groceries,Cereal,2,120000,0.2,192000.0,1000,Bank Transfer,mobile app,Completed,,4.0,4.0,yes
CUST00009,ORD000009,PRD0003,2348067133364,Customer 9,,60+,Kaduna,North West,Regular,2024-10-22,Groceries,Beverage Pack,1,15000,0.0,15000.0,1000,,Website,Completed,Delivered,1.0,4.0,No
CUST00010,ORD000010,PRD0010,2348090112132,Customer 10,M,36-45,Enugu,South East,Premium,2025-01-05,Beauty,Perfume,3,10000,0.05,28500.0,3500,CARD,Mobile App,Completed,,6.0,,No
CUST00011,ORD000011,PRD0009,2348038791348,Customer 11,,18-25,Benin City,South South,Regular,2024-03-10,Fashion,Jeans,2,5000,0.0,10000.0,1500,Card,Store,Completed,Delayed,5.0,2.0,
CUST00012,ORD000012,PRD0007,2348060885184,Customer 12,,46-60,Kano,North West,Occasional,2026-01-19,Sports,Gym Bag,1,40000,0.05,38000.0,1500,Card,Marketplace,completed,,11.0,4.0,
CUST00013,ORD000013,PRD0009,2348033904052,Customer 13,Male,46-60,Kano,North West,Regular,2025-11-10,Beauty,Hair Dryer,4,120000,0.1,432000.0,2500,Cash on Delivery,Website,completed,delivered,5.0,3.0,
CUST00014,ORD000014,PRD0011,2348010508117,Customer 14,Female,18-25,Abuja,North Central,,2024-11-10,Electronics,Wireless Earbuds,3,25000,0.05,71250.0,0,Bank Transfer,Instagram,cancelled,Delayed,12.0,1.0,No
CUST00015,ORD000015,PRD0026,2348010555625,Customer 15,,26-35,Lagos,South West,Occasional,2026-03-31,Groceries,Beverage Pack,5,40000,0.2,160000.0,3500,Bank Transfer,Mobile App,pending,Returned,11.0,5.0,
CUST00016,ORD000016,PRD0023,2348050420397,Customer 16,F,60+,Lagos,South West,,2026-02-25,Sports,Running Shoes,5,120000,0.1,540000.0,2500,Wallet,Mobile App,Completed,Delivered,9.0,4.0,No
CUST00017,ORD000017,PRD0004,2348069586750,Customer 17,,36-45,Ibadan,South West,Premium,2025-12-09,Electronics,Smartphone,3,3500,0.1,9450.0,3500,Bank Transfer,website,,In Transit,6.0,4.0,yes
CUST00018,ORD000018,PRD0027,2348020595629,Customer 18,Male,26-35,Abuja,North Central,Occasional,2024-10-03,Groceries,Cereal,3,25000,0.15,63750.0,0,bank transfer,Website,Completed,,10.0,5.0,Yes
CUST00019,ORD000019,PRD0023,2348036890720,Customer 19,,60+,Ibadan,South West,Occasional,2024-04-19,Electronics,Laptop,4,5000,0.15,17000.0,1500,Cash on Delivery,Website,Completed,Delivered,7.0,4.0,No
CUST00020,ORD000020,PRD0024,2348066386164,Customer 20,Female,18-25,Kaduna,North West,Business,2024-08-07,Electronics,Smart TV,2,10000,0.0,20000.0,1000,Cash on Delivery,mobile app,Cancelled,Delayed,4.0,1.0,
CUST00021,ORD000021,PRD0010,2348061671249,Customer 21,Female,36-45,Kaduna,North West,Premium,2024-03-13,Groceries,Beverage Pack,2,5000,0.1,9000.0,0,USSD,Website,cancelled,delivered,12.0,3.0,No
CUST00022,ORD000022,PRD0030,2348074881930,Customer 22,Male,,Ibadan,South West,Premium,2025-09-26,Fashion,Handbag,2,40000,0.0,80000.0,2500,Card,Store,Completed,Delayed,5.0,4.0,
CUST00023,ORD000023,PRD0017,2348099094781,Customer 23,Male,46-60,Ibadan,South West,REGULAR,2024-05-20,Groceries,Cereal,5,10000,0.05,47500.0,3500,Wallet,Instagram,completed,Delivered,12.0,3.0,No
CUST00024,ORD000024,PRD0010,2348035440677,Customer 24,Male,36-45,Kano,North West,Occasional,2025-11-21,Electronics,Smart TV,5,10000,0.15,42500.0,0,Card,Instagram,pending,delivered,7.0,1.0,No
CUST00025,ORD000025,PRD0017,2348028830055, Customer 25 ,MALE,26-35,Enugu,South East,Regular,2024-03-13,Home & Kitchen,Vacuum Cleaner,1,25000,0.1,22500.0,2500,Card,Marketplace,Completed,In Transit,2.0,4.0,No
CUST00026,ORD000026,PRD0021,2348078156663,Customer 26, m ,26-35,Enugu,South East,Business,2025-01-06,Fashion,Shirt,1,7500,0.1,6750.0,3500,Card,Instagram,,DELIVERED,12.0,5.0,No
CUST00027,ORD000027,PRD0025,2348020056982,Customer 27,Male,,Lagos,South West,,2026-06-11,Beauty,Hair Dryer,5,25000,0.1,112500.0,0,,Website,,Delayed,1.0,4.0,yes
CUST00028,ORD000028,PRD0027,2348088037313,Customer 28,,26-35,Abuja,North Central,REGULAR,2024-11-10,Electronics,Wireless Earbuds,1,3500,0.05,3325.0,1500,Cash on Delivery,,Completed,Returned,6.0,1.0,
CUST00029,ORD000029,PRD0025,2348091745975,Customer 29,,36-45,Ibadan,South West,Business,2026-01-04,Sports,Running Shoes,5,10000,0.1,45000.0,2500,Wallet,,Completed,In Transit,7.0,5.0,No
CUST00030,ORD000030,PRD0002,2348039264601,Customer 30,M,46-60,Port Harcourt,South South,Regular,2025-11-13,Groceries,Cooking Oil,1,25000,0.0,25000.0,2500,Wallet,website,pending,Delivered,11.0,,Yes
CUST00031,ORD000031,PRD0001,2348025983090,Customer 31,Female,18-25,Benin City,South South,REGULAR,2025-09-18,Groceries,Beverage Pack,4,25000,0.2,80000.0,1500,,Instagram,Cancelled,,4.0,4.0,NO
CUST00032,ORD000032,PRD0018,2348033872218,Customer 32,,18-25,Abuja,North Central,Regular,2026-08-14,Sports,Gym Bag,1,7500,0.2,6000.0,1500,Bank Transfer,mobile app,cancelled,,4.0,4.0,Yes
CUST00033,ORD000033,PRD0029,2348067909080,Customer 33,,36-45,Benin City,South South,premium ,2025-07-04,Home & Kitchen,Air Fryer,2,7500,0.1,13500.0,1000,Wallet,Mobile App,Completed,,,5.0,No
CUST00034,ORD000034,PRD0013,2348056644561,Customer 34,,18-25,Benin City,South South,REGULAR,2024-07-22,Sports,Yoga Mat,4,15000,0.05,57000.0,3500,CARD,mobile app,pending,Delivered,3.0,4.0,
CUST00035,ORD000035,PRD0020,2348047398382,Customer 35,,46-60,Kaduna,North West,Regular,2024-02-01,Sports,Yoga Mat,5,75000,0.15,318750.0,1500,USSD,Website,cancelled,Delivered,8.0,5.0,
CUST00036,ORD000036,PRD0003,2348016299540,Customer 36,,60+,Benin City,South South,Premium,2024-02-23,Electronics,Laptop,3,15000,0.1,40500.0,1500,Bank Transfer,Mobile App,completed,,11.0,5.0,
CUST00037,ORD000037,PRD0003,2348013083917,Customer 37,female,,Kano,North West,Regular,2024-08-07,Sports,Gym Bag,3,15000,0.15,38250.0,3500,Wallet,Instagram,Returned,,6.0,5.0,NO
CUST00038,ORD000038,PRD0001,2348068383582,Customer 38,Female,18-25,Abuja,North Central,Regular,2026-05-30,Home & Kitchen,Blender,4,10000,0.0,40000.0,2500,bank transfer,Marketplace,Returned,DELIVERED,3.0,4.0,
CUST00039,ORD000039,PRD0013,2348019746185,Customer 39,Female,,Ibadan,South West,Premium,2025-06-23,Beauty,Hair Dryer,4,40000,0.05,152000.0,3500,Bank Transfer,Marketplace,completed,,2.0,4.0,Yes
CUST00040,ORD000040,PRD0012,2348029041166,Customer 40,Female,36-45,Port Harcourt,South South,Regular,2026-06-26,Groceries,Cooking Oil,3,75000,0.1,202500.0,2500,Cash on Delivery,Mobile App,Cancelled,Delivered,11.0,4.0,No
CUST00041,ORD000041,PRD0014,2348026244722,Customer 41,,26-35,Kano,North West,Premium,2025-12-30,Fashion,Shirt,5,75000,0.0,375000.0,1500,Card,Website,Completed,Returned,9.0,5.0,
CUST00042,ORD000042,PRD0004,2348052569934,Customer 42,FEMALE,36-45,Enugu,South East,Occasional,2026-05-24,Electronics,Smart TV,3,3500,0.05,9975.0,0,USSD,Store,Cancelled,Delivered,12.0,5.0,No
CUST00043,ORD000043,PRD0013,2348051915552,Customer 43,female,46-60,Port Harcourt,South South,,2024-02-06,Groceries,Cooking Oil,5,120000,0.15,510000.0,0,Bank Transfer,website,Completed,delivered,1.0,5.0,yes
CUST00044,ORD000044,PRD0019,2348058571379,Customer 44, f ,46-60,Ibadan,South West,,2026-05-21,Beauty,Perfume,3,75000,0.1,202500.0,1500,Bank Transfer,Website,Pending,DELIVERED,13.0,5.0,No
CUST00045,ORD000045,PRD0028,2348043657225,Customer 45,Female,46-60,Port Harcourt,South South,,2025-12-05,Groceries,Cereal,3,10000,0.2,24000.0,1500,USSD,Instagram,pending,Returned,8.0,2.0,No
CUST00046,ORD000046,PRD0005,2348021471483,Customer 46,Female,26-35,Benin City,South South,Occasional,2025-08-04,Beauty,Makeup Kit,3,40000,0.15,102000.0,1500,Bank Transfer,Marketplace,,Delivered,2.0,3.0,
CUST00047,ORD000047,PRD0014,2348013549887,Customer 47,Male,26-35,Lagos,South West,Regular,2024-05-31,Electronics,Smartphone,3,7500,0.2,18000.0,1500,Cash on Delivery,Store,cancelled,In Transit,11.0,5.0,No
CUST00048,ORD000048,PRD0025,2348095099920,Customer 48,,60+,Lagos,South West,Occasional,2024-03-08,Beauty,Skincare Set,4,120000,0.2,384000.0,1500,Cash on Delivery,Marketplace,Cancelled,delivered,10.0,4.0,Yes
CUST00049,ORD000049,PRD0014,2348074658799,Customer 49,Female,18-25,Ibadan,South West,,2026-02-15,Groceries,Rice,1,25000,0.0,25000.0,3500,Cash on Delivery,website,,DELIVERED,11.0,5.0,NO
CUST00050,ORD000050,PRD0008,2348065607939, Customer 50 ,MALE,18-25,Ibadan,South West,Regular,2024-02-16,Home & Kitchen,Vacuum Cleaner,4,15000,0.2,48000.0,2500,Card,,Completed,Returned,4.0,4.0,
CUST00051,ORD000051,PRD0006,2348074064719,Customer 51,M,36-45,Abuja,North Central,Business,2026-05-03,Groceries,Rice,1,7500,0.05,7125.0,3500,,Website,,Delivered,13.0,4.0,No
CUST00052,ORD000052,PRD0002,2348061514628,Customer 52,F,26-35,Kaduna,North West,Occasional,2026-07-08,Electronics,Smartphone,3,3500,0.0,10500.0,1500,Cash on Delivery,Website,Cancelled,In Transit,,3.0,
CUST00053,ORD000053,PRD0020,2348065748573,Customer 53,Female,36-45,Benin City,South South,Business,2024-04-10,Sports,Yoga Mat,5,25000,0.0,125000.0,3500,,Marketplace,cancelled,In Transit,5.0,1.0,No
CUST00054,ORD000054,PRD0009,2348011014403,Customer 54, m ,18-25,Lagos,South West,Occasional,2024-04-10,Fashion,Handbag,5,120000,0.2,480000.0,0,Cash on Delivery,Website,COMPLETED,Returned,4.0,4.0,NO
CUST00055,ORD000055,PRD0016,2348058007384,Customer 55,Male,46-60,Kano,North West,premium ,2024-10-20,Groceries,Cereal,2,3500,0.0,7000.0,0,CARD,Instagram,Returned,Returned,1.0,5.0,No
CUST00056,ORD000056,PRD0003,2348018562690,Customer 56,Male,46-60,Kano,North West,Premium,2025-10-12,Sports,Yoga Mat,1,40000,0.15,34000.0,1000,,Instagram,cancelled,Delivered,14.0,,No
CUST00057,ORD000057,PRD0015,2348043646420,Customer 57,male,,Kaduna,North West,Regular,2024-09-24,Electronics,Laptop,1,25000,0.2,20000.0,0,CARD,Marketplace,COMPLETED,delivered,1.0,,Yes
CUST00058,ORD000058,PRD0007,2348066692457,Customer 58,MALE,60+,Kaduna,North West,premium ,2024-10-14,Electronics,Smart TV,5,7500,0.2,30000.0,1000,Cash on Delivery,Instagram,Pending,Returned,,2.0,yes
CUST00059,ORD000059,PRD0019,2348045987793,Customer 59,Male,46-60,Kaduna,North West,Regular,2025-03-19,Home & Kitchen,Cookware Set,5,40000,0.15,170000.0,0,CARD,Instagram,pending,Delayed,5.0,,NO
CUST00060,ORD000060,PRD0011,2348096397726,Customer 60,male,46-60,Abuja,North Central,Regular,2026-06-02,Home & Kitchen,Air Fryer,1,10000,0.2,8000.0,2500,USSD,Website,Pending,Delivered,,,No
CUST00061,ORD000061,PRD0024,2348040312455,Customer 61,Female,60+,Enugu,South East,Regular,2024-02-27,Beauty,Perfume,4,25000,0.0,100000.0,1000,Card,mobile app,COMPLETED,,9.0,1.0,No
CUST00062,ORD000062,PRD0018,2348031649318,Customer 62,,,Lagos,South West,,2024-05-03,Beauty,Skincare Set,5,75000,0.2,300000.0,1000,Card,Instagram,,In Transit,12.0,5.0,NO
CUST00063,ORD000063,PRD0020,2348048260075,Customer 63,Female,18-25,Kaduna,North West,Regular,2025-12-11,Sports,Gym Bag,3,10000,0.05,28500.0,2500,USSD,mobile app,cancelled,In Transit,12.0,4.0,No
CUST00064,ORD000064,PRD0027,2348096557840,Customer 64,M,18-25,Kaduna,North West,,2025-02-28,Groceries,Cereal,1,120000,0.05,114000.0,2500,,Website,Pending,,10.0,4.0,NO
CUST00065,ORD000065,PRD0024,2348064201530,Customer 65,Female,26-35,Enugu,South East,REGULAR,2024-03-22,Sports,Football,2,40000,0.0,80000.0,2500,Bank Transfer,Marketplace,Completed,Delivered,,4.0,No
CUST00066,ORD000066,PRD0001,2348071980514,Customer 66,,26-35,Ibadan,South West,Premium,2024-05-15,Beauty,Perfume,2,5000,0.2,8000.0,0,Bank Transfer,Website,completed,Delivered,1.0,4.0,Yes
CUST00067,ORD000067,PRD0012,2348050099195,Customer 67,Female,46-60,Port Harcourt,South South,REGULAR,2026-06-26,Electronics,Smartphone,4,120000,0.2,384000.0,1000,Wallet,,Completed,delivered,5.0,5.0,
CUST00068,ORD000068,PRD0004,2348034629293,Customer 68,male,,Port Harcourt,South South,Regular,2025-04-08,Fashion,Sneakers,3,120000,0.15,306000.0,3500,USSD,Website,Cancelled,,4.0,4.0,yes
CUST00069,ORD000069,PRD0017,2348042717187,Customer 69,,18-25,Abuja,North Central,Business,2026-01-29,Beauty,Makeup Kit,4,10000,0.2,32000.0,2500,Cash on Delivery,Instagram,pending,Delivered,4.0,,
CUST00070,ORD000070,PRD0009,2348093849179,Customer 70,Female,,Abuja,North Central,Occasional,2025-06-05,Fashion,Sneakers,3,40000,0.15,102000.0,0,Bank Transfer,Instagram,cancelled,Delivered,6.0,4.0,
CUST00071,ORD000071,PRD0014,2348016395033,Customer 71, m ,,Lagos,South West,premium ,2024-05-30,Groceries,Cereal,2,3500,0.05,6650.0,3500,Cash on Delivery,website,Completed,DELIVERED,8.0,4.0,
CUST00072,ORD000072,PRD0016,2348011051566,Customer 72,Male,26-35,Kano,North West,Premium,2026-08-08,Electronics,Smart TV,2,40000,0.2,64000.0,0,Cash on Delivery,Store,Cancelled,Delivered,4.0,1.0,No
CUST00073,ORD000073,PRD0002,2348027942409,Customer 73, f ,46-60,Lagos,South West,Regular,2026-02-08,Sports,Football,1,10000,0.15,8500.0,0,Bank Transfer,Marketplace,Completed,Delivered,7.0,4.0,NO
CUST00074,ORD000074,PRD0015,2348094872098,Customer 74,Female,18-25,Lagos,South West,Occasional,2025-07-13,Groceries,Cereal,3,15000,0.1,40500.0,1500,Wallet,Marketplace,Completed,Delayed,5.0,1.0,
CUST00075,ORD000075,PRD0009,2348019314288, Customer 75 ,M,36-45,Port Harcourt,South South,Regular,2024-02-09,Beauty,Perfume,1,120000,0.15,102000.0,1000,Cash on Delivery,,pending,delivered,4.0,1.0,Yes
CUST00076,ORD000076,PRD0011,2348048450654,Customer 76,M,,Benin City,South South,Premium,2025-06-16,Sports,Football,1,25000,0.1,22500.0,3500,Bank Transfer,Instagram,,In Transit,,5.0,Yes
CUST00077,ORD000077,PRD0023,2348052308574,Customer 77,Female,,Ibadan,South West,Occasional,2025-03-03,Beauty,Hair Dryer,1,3500,0.2,2800.0,2500,USSD,Marketplace,Completed,Delayed,1.0,3.0,Yes
CUST00078,ORD000078,PRD0028,2348010611229,Customer 78,,,Benin City,South South,Regular,2026-06-01,Electronics,Wireless Earbuds,3,7500,0.15,19125.0,1500,Bank Transfer,Store,cancelled,In Transit,8.0,4.0,No
CUST00079,ORD000079,PRD0013,2348039709005,Customer 79,,18-25,Port Harcourt,South South,Premium,2026-07-14,Beauty,Perfume,4,7500,0.2,24000.0,1000,,Website,completed,Delivered,8.0,,NO
CUST00080,ORD000080,PRD0005,2348059243921,Customer 80,,60+,Kano,North West,Premium,2025-05-30,Fashion,Sneakers,4,40000,0.15,136000.0,1000,Cash on Delivery,website,Completed,Returned,5.0,4.0,No
CUST00081,ORD000081,PRD0015,2348010241281,Customer 81,Female,,Abuja,North Central,Regular,2024-11-10,Sports,Gym Bag,1,75000,0.2,60000.0,2500,Card,Marketplace,completed,Delivered,13.0,1.0,
CUST00082,ORD000082,PRD0004,2348089590139,Customer 82,,60+,Port Harcourt,South South,Regular,2024-07-27,Sports,Gym Bag,2,10000,0.1,18000.0,3500,Card,Website,pending,In Transit,4.0,5.0,No
CUST00083,ORD000083,PRD0012,2348084885446,Customer 83,M,60+,Benin City,South South,Premium,2024-02-10,Electronics,Laptop,3,3500,0.05,9975.0,1000,Card,Mobile App,Completed,,,5.0,NO
CUST00084,ORD000084,PRD0013,2348068853127,Customer 84,Female,60+,Benin City,South South,premium ,2026-06-08,Electronics,Smartphone,5,120000,0.15,510000.0,2500,Card,,Completed,,12.0,4.0,No
CUST00085,ORD000085,PRD0027,2348021663882,Customer 85,,,Kano,North West,premium ,2026-02-06,Groceries,Cereal,5,120000,0.1,540000.0,0,Cash on Delivery,Instagram,pending,In Transit,2.0,4.0,
CUST00086,ORD000086,PRD0022,2348032529245,Customer 86,M,18-25,Abuja,North Central,Premium,2025-09-05,Home & Kitchen,Air Fryer,5,7500,0.05,35625.0,3500,Card,Marketplace,Pending,,1.0,,No
CUST00087,ORD000087,PRD0002,2348053722148,Customer 87,F,46-60,Lagos,South West,Premium,2026-06-18,Electronics,Wireless Earbuds,2,120000,0.1,216000.0,0,,,Completed,In Transit,3.0,5.0,No
CUST00088,ORD000088,PRD0016,2348030597621,Customer 88,Female,,Enugu,South East,,2025-12-22,Fashion,Handbag,5,25000,0.1,112500.0,1500,Wallet,,Cancelled,,,5.0,No
CUST00089,ORD000089,PRD0021,2348085637670,Customer 89,Female,60+,Kano,North West,Occasional,2025-01-17,Fashion,Jeans,1,25000,0.05,23750.0,0,Cash on Delivery,Website,Pending,In Transit,9.0,5.0,Yes
CUST00090,ORD000090,PRD0016,2348040761894,Customer 90,Male,36-45,Benin City,South South,Business,2025-11-13,Sports,Football,5,25000,0.1,112500.0,0,USSD,Store,,DELIVERED,5.0,4.0,Yes
CUST00091,ORD000091,PRD0002,2348044484576,Customer 91,,60+,Abuja,North Central,Occasional,2025-11-16,Groceries,Cooking Oil,1,7500,0.15,6375.0,1500,Card,,,,14.0,4.0,No
CUST00092,ORD000092,PRD0018,2348044740408,Customer 92,,26-35,Port Harcourt,South South,Occasional,2024-08-17,Sports,Football,5,7500,0.2,30000.0,1000,Card,Mobile App,completed,Delayed,11.0,,yes
CUST00093,ORD000093,PRD0002,2348071500774,Customer 93,,26-35,Benin City,South South,Regular,2025-06-10,Home & Kitchen,Blender,2,40000,0.1,72000.0,3500,CARD,,Completed,,6.0,3.0,Yes
CUST00094,ORD000094,PRD0024,2348011605828,Customer 94,Female,46-60,Abuja,North Central,Occasional,2026-04-05,Beauty,Perfume,5,5000,0.05,23750.0,1000,Bank Transfer,Website,cancelled,DELIVERED,3.0,5.0,No
CUST00095,ORD000095,PRD0018,2348031704101,Customer 95,MALE,,Lagos,South West,Premium,2024-06-20,Electronics,Smartphone,5,15000,0.1,67500.0,3500,Card,Store,COMPLETED,Returned,1.0,5.0,No
CUST00096,ORD000096,PRD0002,2348043500332,Customer 96,Female,60+,Enugu,South East,Business,2025-07-30,Fashion,Handbag,4,7500,0.1,27000.0,0,,Mobile App,Pending,DELIVERED,4.0,5.0,No
CUST00097,ORD000097,PRD0004,2348098876210,Customer 97,Female,26-35,Abuja,North Central,Premium,2026-04-08,Beauty,Makeup Kit,4,3500,0.15,11900.0,2500,Cash on Delivery,Mobile App,Completed,DELIVERED,,3.0,Yes
CUST00098,ORD000098,PRD0023,2348045276829,Customer 98,,26-35,Port Harcourt,South South,Occasional,2025-12-16,Sports,Running Shoes,4,40000,0.05,152000.0,1000,Card,Marketplace,cancelled,Delivered,11.0,5.0,No
CUST00099,ORD000099,PRD0022,2348052813999,Customer 99, f ,36-45,Enugu,South East,REGULAR,2025-02-18,Sports,Gym Bag,1,40000,0.0,40000.0,0,Bank Transfer,Website,,delivered,2.0,5.0,No
CUST00100,ORD000100,PRD0019,2348050474801, Customer 100 ,Female,60+,Port Harcourt,South South,Occasional,2025-04-11,Fashion,Jeans,5,5000,0.2,20000.0,1000,Cash on Delivery,Mobile App,Completed,Delayed,,4.0,
CUST00101,ORD000101,PRD0030,2348085488400,Customer 101,F,26-35,Kaduna,North West,Regular,2024-03-24,Groceries,Beverage Pack,4,120000,0.2,384000.0,3500,USSD,,Completed,Delivered,14.0,1.0,
CUST00102,ORD000102,PRD0026,2348060405290,Customer 102,Female,60+,Kano,North West,Regular,2024-10-12,Electronics,Wireless Earbuds,2,25000,0.0,50000.0,3500,Cash on Delivery,Instagram,Returned,In Transit,12.0,4.0,No
CUST00103,ORD000103,PRD0001,2348053582014,Customer 103,Female,36-45,Kaduna,North West,premium ,2024-10-11,Fashion,Handbag,3,25000,0.0,75000.0,1500,CARD,Store,COMPLETED,In Transit,13.0,1.0,NO
CUST00104,ORD000104,PRD0017,2348091619281,Customer 104,female,60+,Kano,North West,Regular,2025-06-04,Groceries,Beverage Pack,4,7500,0.1,27000.0,2500,Bank Transfer,Marketplace,cancelled,Delivered,5.0,4.0,NO
CUST00105,ORD000105,PRD0028,2348072260881,Customer 105,Male,46-60,Enugu,South East,Regular,2026-07-06,Electronics,Laptop,4,3500,0.0,14000.0,1000,Card,Store,Completed,,11.0,3.0,
CUST00106,ORD000106,PRD0018,2348012084299,Customer 106,male,36-45,Kano,North West,Occasional,2024-03-06,Fashion,Handbag,3,25000,0.15,63750.0,1500,Cash on Delivery,Marketplace,,Delayed,1.0,,Yes
CUST00107,ORD000107,PRD0023,2348092495830,Customer 107,Female,,Enugu,South East,Occasional,2024-02-01,Groceries,Cooking Oil,4,7500,0.1,27000.0,0,Card,website,,,7.0,5.0,Yes
CUST00108,ORD000108,PRD0006,2348060755159,Customer 108,Female,36-45,Kaduna,North West,Occasional,2025-03-16,Beauty,Hair Dryer,1,25000,0.15,21250.0,1500,Card,Store,,,1.0,4.0,NO
CUST00109,ORD000109,PRD0001,2348044640804,Customer 109,Female,46-60,Port Harcourt,South South,premium ,2026-03-17,Groceries,Beverage Pack,1,3500,0.05,3325.0,3500,CARD,Store,,Delayed,2.0,3.0,No
CUST00110,ORD000110,PRD0010,2348094068508,Customer 110,Male,,Abuja,North Central,Occasional,2024-03-07,Fashion,Sneakers,3,7500,0.1,20250.0,0,Bank Transfer,Mobile App,Pending,,4.0,5.0,Yes
CUST00111,ORD000111,PRD0022,2348086596816,Customer 111,F,36-45,Kaduna,North West,Premium,2025-04-06,Electronics,Laptop,3,10000,0.0,30000.0,2500,Wallet,Mobile App,Cancelled,In Transit,13.0,5.0,No
CUST00112,ORD000112,PRD0017,2348054633701,Customer 112,Male,,Kaduna,North West,premium ,2026-07-28,Fashion,Handbag,3,40000,0.1,108000.0,1500,Card,Website,Completed,Delivered,11.0,5.0,No
CUST00113,ORD000113,PRD0030,2348037258879,Customer 113,female,36-45,Benin City,South South,Regular,2026-07-16,Home & Kitchen,Cookware Set,4,7500,0.0,30000.0,3500,bank transfer,Instagram,Completed,Returned,4.0,3.0,No
CUST00114,ORD000114,PRD0029,2348064012386,Customer 114, m ,36-45,Enugu,South East,Occasional,2024-09-13,Fashion,Jeans,3,7500,0.2,18000.0,3500,bank transfer,website,pending,Returned,8.0,5.0,Yes
CUST00115,ORD000115,PRD0028,2348068992169,Customer 115,FEMALE,26-35,Lagos,South West,Occasional,2024-01-28,Fashion,Sneakers,3,5000,0.2,12000.0,3500,Wallet,mobile app,Completed,delivered,1.0,1.0,No
CUST00116,ORD000116,PRD0008,2348029245410,Customer 116,Male,36-45,Kaduna,North West,Premium,2026-03-09,Groceries,Cooking Oil,3,7500,0.15,19125.0,3500,Bank Transfer,Instagram,cancelled,,,5.0,Yes
CUST00117,ORD000117,PRD0012,2348022789449,Customer 117,,46-60,Lagos,South West,REGULAR,2026-03-02,Home & Kitchen,Cookware Set,3,10000,0.05,28500.0,0,Wallet,mobile app,Cancelled,Returned,,4.0,
CUST00118,ORD000118,PRD0030,2348072446329,Customer 118,Female,60+,Lagos,South West,Premium,2024-06-27,Sports,Running Shoes,3,25000,0.0,75000.0,1000,Card,Mobile App,pending,Delivered,8.0,4.0,Yes
CUST00119,ORD000119,PRD0020,2348049248210,Customer 119,female,60+,Kaduna,North West,Occasional,2024-05-09,Fashion,Shirt,5,120000,0.15,510000.0,1000,Bank Transfer,mobile app,COMPLETED,DELIVERED,9.0,5.0,Yes
CUST00120,ORD000120,PRD0015,2348034609528,Customer 120,Female,,Abuja,North Central,Business,2025-05-03,Groceries,Beverage Pack,5,3500,0.05,16625.0,2500,Card,Store,Cancelled,Delivered,10.0,4.0,
CUST00121,ORD000121,PRD0012,2348084654144,Customer 121,,,Abuja,North Central,Premium,2026-06-13,Sports,Gym Bag,3,10000,0.05,28500.0,0,Card,Marketplace,cancelled,Delivered,14.0,4.0,Yes
CUST00122,ORD000122,PRD0020,2348036136389,Customer 122,MALE,36-45,Kano,North West,REGULAR,2024-11-16,Home & Kitchen,Air Fryer,3,7500,0.2,18000.0,0,Wallet,,Pending,Delivered,14.0,,No
CUST00123,ORD000123,PRD0007,2348027936509,Customer 123,,36-45,Benin City,South South,Regular,2025-03-31,Groceries,Beverage Pack,5,25000,0.2,100000.0,1500,,Mobile App,pending,Delivered,14.0,,Yes
CUST00124,ORD000124,PRD0016,2348093733470,Customer 124,Male,46-60,Enugu,South East,Regular,2026-04-08,Electronics,Laptop,4,25000,0.05,95000.0,3500,Cash on Delivery,Store,completed,Delivered,11.0,4.0,yes
CUST00125,ORD000125,PRD0001,2348087307689, Customer 125 ,female,,Benin City,South South,REGULAR,2024-09-29,Groceries,Cooking Oil,4,3500,0.15,11900.0,1500,Wallet,Marketplace,COMPLETED,,10.0,4.0,yes
CUST00126,ORD000126,PRD0009,2348022926147,Customer 126,F,26-35,Abuja,North Central,Premium,2026-05-23,Groceries,Cereal,5,10000,0.2,40000.0,1000,Cash on Delivery,Store,completed,DELIVERED,8.0,5.0,Yes
CUST00127,ORD000127,PRD0023,2348097533919,Customer 127,male,46-60,Lagos,South West,Occasional,2025-10-06,Home & Kitchen,Blender,2,75000,0.2,120000.0,1500,Cash on Delivery,Mobile App,COMPLETED,In Transit,1.0,5.0,yes
CUST00128,ORD000128,PRD0008,2348050154176,Customer 128,Female,18-25,Benin City,South South,Premium,2024-10-29,Electronics,Wireless Earbuds,1,7500,0.2,6000.0,0,CARD,Website,Completed,In Transit,4.0,4.0,
CUST00129,ORD000129,PRD0009,2348073432231,Customer 129,,18-25,Ibadan,South West,Premium,2026-03-26,Home & Kitchen,Air Fryer,2,7500,0.0,15000.0,3500,Card,website,,Delivered,13.0,3.0,
CUST00130,ORD000130,PRD0002,2348052116327,Customer 130,,18-25,Kano,North West,Business,2026-01-26,Beauty,Makeup Kit,5,75000,0.15,318750.0,1000,USSD,website,,In Transit,5.0,5.0,Yes
CUST00131,ORD000131,PRD0029,2348019816326,Customer 131, f ,26-35,Port Harcourt,South South,Occasional,2024-09-27,Home & Kitchen,Blender,3,5000,0.0,15000.0,1500,USSD,Store,Completed,In Transit,10.0,4.0,yes
CUST00132,ORD000132,PRD0028,2348097438654,Customer 132, m ,60+,Ibadan,South West,Premium,2024-09-16,Beauty,Skincare Set,4,120000,0.2,384000.0,1500,Cash on Delivery,website,pending,Delivered,14.0,2.0,
CUST00133,ORD000133,PRD0005,2348072935049,Customer 133,F,46-60,Abuja,North Central,Premium,2024-07-18,Sports,Yoga Mat,3,120000,0.15,306000.0,3500,Wallet,website,,In Transit,11.0,4.0,Yes
CUST00134,ORD000134,PRD0026,2348065862429,Customer 134,Male,18-25,Enugu,South East,Premium,2026-06-25,Fashion,Sneakers,5,15000,0.1,67500.0,2500,CARD,Store,Completed,Delivered,6.0,5.0,yes
CUST00135,ORD000135,PRD0009,2348051250605,Customer 135,Female,18-25,Abuja,North Central,Regular,2026-08-08,Beauty,Perfume,3,15000,0.05,42750.0,3500,Card,Website,cancelled,,10.0,5.0,No
CUST00136,ORD000136,PRD0014,2348072326167,Customer 136, m ,36-45,Enugu,South East,Regular,2026-05-09,Electronics,Laptop,2,25000,0.0,50000.0,3500,CARD,Store,completed,Returned,10.0,5.0,Yes
CUST00137,ORD000137,PRD0021,2348039537816,Customer 137,FEMALE,46-60,Abuja,North Central,Regular,2024-01-08,Sports,Running Shoes,1,10000,0.15,8500.0,1000,USSD,Website,Pending,,8.0,2.0,Yes
CUST00138,ORD000138,PRD0003,2348031501723,Customer 138, f ,36-45,Kano,North West,Regular,2024-02-29,Electronics,Wireless Earbuds,5,120000,0.1,540000.0,0,,Marketplace,COMPLETED,Delivered,3.0,4.0,
CUST00139,ORD000139,PRD0023,2348090229591,Customer 139,Male,46-60,Port Harcourt,South South,Business,2026-07-07,Sports,Running Shoes,5,75000,0.05,356250.0,3500,USSD,Marketplace,,Delayed,3.0,3.0,
CUST00140,ORD000140,PRD0003,2348047482269,Customer 140,Male,18-25,Kano,North West,Regular,2026-04-07,Beauty,Hair Dryer,4,120000,0.15,408000.0,1000,USSD,Store,,,5.0,3.0,Yes
CUST00141,ORD000141,PRD0015,2348081046004,Customer 141,Female,60+,Kano,North West,Regular,2026-01-02,Sports,Gym Bag,3,7500,0.1,20250.0,1500,Bank Transfer,Mobile App,Completed,Delivered,,3.0,Yes
CUST00142,ORD000142,PRD0030,2348017243339,Customer 142,Male,46-60,Kano,North West,Occasional,2026-05-28,Electronics,Smart TV,5,10000,0.1,45000.0,2500,,Store,completed,delivered,1.0,5.0,No
CUST00143,ORD000143,PRD0011,2348091863548,Customer 143,male,,Kano,North West,Occasional,2025-09-04,Sports,Running Shoes,1,75000,0.2,60000.0,1500,Card,Website,completed,Returned,8.0,5.0,Yes
CUST00144,ORD000144,PRD0021,2348032627927,Customer 144,male,26-35,Enugu,South East,REGULAR,2024-12-20,Fashion,Shirt,5,25000,0.2,100000.0,3500,Card,Store,Completed,In Transit,3.0,3.0,No
CUST00145,ORD000145,PRD0004,2348087589174,Customer 145,F,,Lagos,South West,Regular,2024-07-19,Beauty,Hair Dryer,5,75000,0.15,318750.0,0,Card,Mobile App,completed,Delivered,6.0,5.0,
CUST00146,ORD000146,PRD0022,2348019936156,Customer 146,Female,46-60,Abuja,North Central,Premium,2024-10-29,Groceries,Cooking Oil,3,15000,0.05,42750.0,1500,Card,Website,Completed,Delivered,1.0,4.0,Yes
CUST00147,ORD000147,PRD0017,2348020455781,Customer 147,,18-25,Kano,North West,Occasional,2026-06-12,Fashion,Shirt,3,75000,0.0,225000.0,1000,CARD,Mobile App,completed,delivered,6.0,2.0,Yes
CUST00148,ORD000148,PRD0012,2348010763352,Customer 148,FEMALE,46-60,Ibadan,South West,Regular,2024-02-17,Electronics,Laptop,2,5000,0.15,8500.0,1000,Card,Marketplace,Completed,Delivered,6.0,5.0,Yes
CUST00149,ORD000149,PRD0014,2348026528931,Customer 149,FEMALE,26-35,Ibadan,South West,Regular,2024-02-15,Home & Kitchen,Cookware Set,2,3500,0.2,5600.0,0,Card,Instagram,Completed,In Transit,13.0,5.0,NO
CUST00150,ORD000150,PRD0017,2348040064688, Customer 150 ,FEMALE,46-60,Port Harcourt,South South,Premium,2025-11-09,Fashion,Shirt,3,7500,0.05,21375.0,3500,USSD,Mobile App,Pending,Delayed,12.0,2.0,
CUST00151,ORD000151,PRD0018,2348091024225,Customer 151,M,,Kano,North West,Premium,2025-03-17,Home & Kitchen,Air Fryer,3,75000,0.1,202500.0,2500,Card,Website,,,14.0,4.0,yes
CUST00152,ORD000152,PRD0005,2348017222724,Customer 152,Female,18-25,Kaduna,North West,Regular,2026-02-03,Home & Kitchen,Vacuum Cleaner,2,7500,0.0,15000.0,2500,USSD,Mobile App,COMPLETED,,4.0,4.0,Yes
CUST00153,ORD000153,PRD0023,2348085325019,Customer 153,FEMALE,46-60,Abuja,North Central,premium ,2026-02-17,Sports,Yoga Mat,4,120000,0.15,408000.0,3500,,Website,completed,,5.0,4.0,No
CUST00154,ORD000154,PRD0009,2348043021073,Customer 154,Male,46-60,Lagos,South West,premium ,2026-05-20,Beauty,Hair Dryer,1,40000,0.05,38000.0,1500,Bank Transfer,Store,completed,,7.0,4.0,
CUST00155,ORD000155,PRD0015,2348021116725,Customer 155,Female,18-25,Ibadan,South West,Premium,2024-01-12,Groceries,Cooking Oil,3,75000,0.1,202500.0,1500,Bank Transfer,Marketplace,Completed,Delivered,,5.0,Yes
CUST00156,ORD000156,PRD0014,2348093132160,Customer 156,Female,36-45,Lagos,South West,Premium,2024-09-15,Electronics,Laptop,2,10000,0.2,16000.0,1500,Card,Instagram,cancelled,In Transit,4.0,4.0,Yes
CUST00157,ORD000157,PRD0014,2348042739440,Customer 157,,26-35,Kano,North West,Regular,2025-02-21,Home & Kitchen,Vacuum Cleaner,2,75000,0.1,135000.0,2500,CARD,Store,Pending,DELIVERED,12.0,2.0,NO
CUST00158,ORD000158,PRD0026,2348079636235,Customer 158, m ,26-35,Kaduna,North West,Occasional,2024-02-18,Electronics,Smartphone,1,15000,0.05,14250.0,1000,USSD,Marketplace,cancelled,In Transit,8.0,5.0,
CUST00159,ORD000159,PRD0002,2348065573983,Customer 159,male,26-35,Lagos,South West,Premium,2025-02-16,Sports,Running Shoes,5,25000,0.05,118750.0,0,Wallet,Website,Cancelled,Delivered,3.0,4.0,Yes
CUST00160,ORD000160,PRD0021,2348066796178,Customer 160,Male,18-25,Enugu,South East,Business,2025-03-05,Home & Kitchen,Cookware Set,1,120000,0.15,102000.0,1500,Bank Transfer,Mobile App,Completed,Delayed,,2.0,
CUST00161,ORD000161,PRD0026,2348037790557,Customer 161,Male,18-25,Benin City,South South,Premium,2026-06-16,Fashion,Jeans,3,10000,0.15,25500.0,1500,Cash on Delivery,,cancelled,Returned,6.0,4.0,Yes
CUST00162,ORD000162,PRD0018,2348028000822,Customer 162,Female,,Abuja,North Central,premium ,2024-11-13,Groceries,Cereal,2,120000,0.2,192000.0,1000,Bank Transfer,,Cancelled,,,4.0,yes
CUST00163,ORD000163,PRD0021,2348077775796,Customer 163,Female,36-45,Port Harcourt,South South,Premium,2025-06-12,Sports,Football,5,15000,0.1,67500.0,2500,Bank Transfer,Mobile App,cancelled,delivered,,5.0,Yes
CUST00164,ORD000164,PRD0015,2348071844737,Customer 164,Male,26-35,Enugu,South East,Regular,2024-12-04,Groceries,Beverage Pack,3,40000,0.05,114000.0,0,bank transfer,Marketplace,Cancelled,Returned,12.0,4.0,No
CUST00165,ORD000165,PRD0016,2348049763932,Customer 165,Male,,Kano,North West,Occasional,2025-12-12,Fashion,Jeans,3,25000,0.2,60000.0,1500,USSD,Mobile App,,Delayed,13.0,4.0,No
CUST00166,ORD000166,PRD0027,2348097583899,Customer 166,F,60+,Ibadan,South West,,2025-05-22,Groceries,Cereal,5,15000,0.05,71250.0,1000,bank transfer,Mobile App,,delivered,12.0,5.0,NO
CUST00167,ORD000167,PRD0002,2348045263003,Customer 167,F,26-35,Kaduna,North West,Business,2026-07-18,Groceries,Rice,5,15000,0.0,75000.0,1000,Card,Store,cancelled,In Transit,13.0,1.0,
CUST00168,ORD000168,PRD0007,2348078261104,Customer 168,,18-25,Enugu,South East,Occasional,2025-11-20,Beauty,Makeup Kit,3,40000,0.15,102000.0,1000,bank transfer,Marketplace,Cancelled,DELIVERED,10.0,4.0,NO
CUST00169,ORD000169,PRD0019,2348023902363,Customer 169,Female,36-45,Kano,North West,Occasional,2024-06-02,Sports,Gym Bag,4,15000,0.15,51000.0,3500,Bank Transfer,Marketplace,pending,DELIVERED,1.0,5.0,No
CUST00170,ORD000170,PRD0016,2348086331056,Customer 170,,36-45,Ibadan,South West,Regular,2025-10-05,Sports,Running Shoes,5,3500,0.0,17500.0,2500,Cash on Delivery,Instagram,Cancelled,Returned,14.0,5.0,Yes
CUST00171,ORD000171,PRD0006,2348089488753,Customer 171,,60+,Abuja,North Central,Regular,2026-05-29,Groceries,Beverage Pack,5,5000,0.2,20000.0,1500,Bank Transfer,Store,Completed,,1.0,3.0,
CUST00172,ORD000172,PRD0029,2348025418265,Customer 172,Male,26-35,Ibadan,South West,Regular,2025-04-30,Beauty,Perfume,3,5000,0.15,12750.0,2500,USSD,Website,Returned,,2.0,4.0,yes
CUST00173,ORD000173,PRD0025,2348069743485,Customer 173,Male,26-35,Kaduna,North West,Occasional,2026-08-08,Fashion,Shirt,5,40000,0.15,170000.0,2500,Wallet,Website,completed,Delivered,9.0,5.0,Yes
CUST00174,ORD000174,PRD0002,2348042373579,Customer 174,FEMALE,,Kano,North West,Occasional,2024-03-09,Groceries,Cereal,1,3500,0.05,3325.0,1000,Wallet,Instagram,cancelled,Returned,11.0,4.0,No
CUST00175,ORD000175,PRD0012,2348098541532, Customer 175 ,Female,,Abuja,North Central,Occasional,2024-02-25,Home & Kitchen,Vacuum Cleaner,2,7500,0.15,12750.0,1000,USSD,Instagram,,DELIVERED,13.0,4.0,No
CUST00176,ORD000176,PRD0029,2348062203988,Customer 176,Female,18-25,Enugu,South East,Business,2024-07-03,Groceries,Beverage Pack,2,15000,0.1,27000.0,3500,Card,Instagram,Pending,,1.0,4.0,No
CUST00177,ORD000177,PRD0001,2348085449242,Customer 177,,18-25,Enugu,South East,premium ,2025-11-04,Sports,Running Shoes,3,120000,0.05,342000.0,3500,Card,Store,Returned,,9.0,,Yes
CUST00178,ORD000178,PRD0003,2348030645181,Customer 178,Female,26-35,Lagos,South West,Occasional,2025-03-19,Home & Kitchen,Blender,4,10000,0.05,38000.0,0,bank transfer,Store,pending,Delayed,8.0,4.0,Yes
CUST00179,ORD000179,PRD0003,2348038940981,Customer 179, f ,26-35,Benin City,South South,Premium,2024-10-24,Beauty,Skincare Set,2,10000,0.1,18000.0,1500,Cash on Delivery,Marketplace,cancelled,DELIVERED,10.0,3.0,No
CUST00180,ORD000180,PRD0004,2348022651637,Customer 180,F,,Port Harcourt,South South,Premium,2026-08-30,Beauty,Skincare Set,2,7500,0.2,12000.0,3500,Bank Transfer,Marketplace,Completed,Delivered,8.0,5.0,Yes
CUST00181,ORD000181,PRD0022,2348048041284,Customer 181,Male,46-60,Enugu,South East,premium ,2025-02-20,Home & Kitchen,Vacuum Cleaner,4,120000,0.0,480000.0,0,Cash on Delivery,,Completed,In Transit,,5.0,No
CUST00182,ORD000182,PRD0016,2348041228454,Customer 182,MALE,26-35,Kano,North West,premium ,2025-09-08,Fashion,Shirt,4,120000,0.1,432000.0,0,,Website,Completed,delivered,6.0,4.0,No
CUST00183,ORD000183,PRD0028,2348044212615,Customer 183,Male,,Abuja,North Central,Occasional,2024-05-08,Sports,Yoga Mat,2,75000,0.15,127500.0,2500,Card,Store,COMPLETED,delivered,4.0,2.0,NO
CUST00184,ORD000184,PRD0004,2348062252290,Customer 184,F,36-45,Port Harcourt,South South,Regular,2025-02-01,Electronics,Laptop,4,75000,0.2,240000.0,1000,,Marketplace,COMPLETED,Delivered,11.0,4.0,No
CUST00185,ORD000185,PRD0009,2348034971578,Customer 185,,,Kaduna,North West,Business,2025-05-27,Groceries,Beverage Pack,5,40000,0.15,170000.0,2500,Cash on Delivery,mobile app,Cancelled,delivered,2.0,4.0,
CUST00186,ORD000186,PRD0001,2348079805137,Customer 186,female,46-60,Benin City,South South,Regular,2024-08-10,Fashion,Handbag,2,3500,0.0,7000.0,3500,Wallet,Marketplace,,Delayed,,5.0,yes
CUST00187,ORD000187,PRD0004,2348053955381,Customer 187,Male,46-60,Port Harcourt,South South,Regular,2024-02-21,Groceries,Beverage Pack,1,15000,0.2,12000.0,2500,Card,Store,Completed,In Transit,4.0,4.0,NO
CUST00188,ORD000188,PRD0014,2348036249279,Customer 188,Female,26-35,Benin City,South South,,2024-05-05,Sports,Running Shoes,4,7500,0.1,27000.0,2500,Bank Transfer,,,delivered,11.0,2.0,No
CUST00189,ORD000189,PRD0024,2348057893119,Customer 189,Female,46-60,Kaduna,North West,premium ,2026-01-19,Sports,Yoga Mat,1,10000,0.2,8000.0,1000,USSD,Website,Completed,delivered,6.0,1.0,yes
CUST00190,ORD000190,PRD0028,2348016597148,Customer 190,Female,,Kaduna,North West,Regular,2025-08-14,Electronics,Smartphone,3,5000,0.1,13500.0,1000,Bank Transfer,Marketplace,cancelled,In Transit,6.0,5.0,No
CUST00191,ORD000191,PRD0020,2348023095451,Customer 191,Female,60+,Lagos,South West,Occasional,2024-07-02,Beauty,Hair Dryer,3,25000,0.0,75000.0,2500,USSD,Mobile App,,Delayed,11.0,4.0,
CUST00192,ORD000192,PRD0027,2348089017486,Customer 192,female,36-45,Port Harcourt,South South,Premium,2026-06-24,Sports,Football,1,7500,0.1,6750.0,2500,Cash on Delivery,mobile app,COMPLETED,Delivered,5.0,2.0,Yes
CUST00193,ORD000193,PRD0002,2348015247547,Customer 193,,,Benin City,South South,premium ,2024-01-20,Home & Kitchen,Blender,3,25000,0.2,60000.0,3500,Cash on Delivery,Store,Completed,delivered,9.0,4.0,No
CUST00194,ORD000194,PRD0030,2348062795575,Customer 194,Female,26-35,Ibadan,South West,Regular,2024-12-08,Groceries,Cooking Oil,4,3500,0.0,14000.0,0,USSD,Instagram,,delivered,,5.0,
CUST00195,ORD000195,PRD0021,2348055108091,Customer 195,,26-35,Kaduna,North West,Regular,2024-05-29,Groceries,Beverage Pack,3,25000,0.15,63750.0,2500,bank transfer,Store,Completed,Delivered,11.0,2.0,NO
CUST00196,ORD000196,PRD0001,2348096593297,Customer 196,M,18-25,Enugu,South East,Premium,2026-08-24,Groceries,Rice,3,10000,0.15,25500.0,0,bank transfer,Store,COMPLETED,Delivered,13.0,1.0,Yes
CUST00197,ORD000197,PRD0007,2348016287167,Customer 197,,18-25,Port Harcourt,South South,Occasional,2024-09-20,Groceries,Cereal,2,75000,0.05,142500.0,0,Bank Transfer,Store,,Delayed,7.0,3.0,Yes
CUST00198,ORD000198,PRD0012,2348081427993,Customer 198,M,46-60,Port Harcourt,South South,Business,2026-04-19,Groceries,Cooking Oil,1,25000,0.15,21250.0,2500,Wallet,Marketplace,cancelled,Delivered,5.0,4.0,No
CUST00199,ORD000199,PRD0022,2348010981097,Customer 199,Female,60+,Benin City,South South,premium ,2024-04-16,Home & Kitchen,Vacuum Cleaner,3,120000,0.15,306000.0,1000,bank transfer,website,,Delayed,6.0,5.0,No
CUST00200,ORD000200,PRD0014,2348022107418, Customer 200 ,M,,Enugu,South East,Premium,2026-05-30,Electronics,Smart TV,2,120000,0.1,216000.0,0,Cash on Delivery,Store,cancelled,In Transit,12.0,4.0,No
CUST00201,ORD000201,PRD0008,2348098767996,Customer 201,Male,36-45,Kano,North West,Regular,2026-08-16,Sports,Running Shoes,4,120000,0.1,432000.0,2500,Bank Transfer,website,,Returned,14.0,5.0,yes
CUST00202,ORD000202,PRD0014,2348094313007,Customer 202,Female,18-25,Kano,North West,Premium,2025-02-01,Sports,Football,3,25000,0.15,63750.0,1500,USSD,Store,,Delivered,5.0,5.0,NO
CUST00203,ORD000203,PRD0026,2348025171385,Customer 203,Male,26-35,Enugu,South East,Occasional,2024-09-15,Fashion,Jeans,3,5000,0.2,12000.0,2500,Bank Transfer,Store,,Delayed,7.0,5.0,No
CUST00204,ORD000204,PRD0024,2348035201387,Customer 204,F,26-35,Port Harcourt,South South,Premium,2025-10-22,Beauty,Makeup Kit,3,7500,0.1,20250.0,3500,USSD,Instagram,Completed,In Transit,14.0,5.0,Yes
CUST00205,ORD000205,PRD0002,2348034947657,Customer 205,female,36-45,Enugu,South East,REGULAR,2024-12-10,Fashion,Shirt,4,3500,0.2,11200.0,3500,Cash on Delivery,mobile app,COMPLETED,Delivered,,5.0,
CUST00206,ORD000206,PRD0027,2348090516877,Customer 206,,18-25,Kano,North West,REGULAR,2024-06-21,Home & Kitchen,Air Fryer,1,7500,0.2,6000.0,0,Cash on Delivery,Mobile App,COMPLETED,,2.0,5.0,No
CUST00207,ORD000207,PRD0003,2348098889567,Customer 207,Male,18-25,Port Harcourt,South South,Occasional,2024-03-11,Groceries,Cooking Oil,2,5000,0.05,9500.0,0,Cash on Delivery,Instagram,Pending,Delivered,,,Yes
CUST00208,ORD000208,PRD0016,2348092893381,Customer 208,MALE,,Kano,North West,Occasional,2026-01-19,Fashion,Jeans,2,10000,0.05,19000.0,2500,USSD,Instagram,Returned,,3.0,3.0,
CUST00209,ORD000209,PRD0009,2348091139601,Customer 209,M,,Kano,North West,Premium,2024-11-22,Home & Kitchen,Blender,5,5000,0.15,21250.0,2500,Card,Mobile App,Pending,Returned,14.0,5.0,No
CUST00210,ORD000210,PRD0001,2348093066741,Customer 210,Male,18-25,Kaduna,North West,Regular,2024-01-30,Home & Kitchen,Air Fryer,2,3500,0.15,5950.0,0,USSD,Marketplace,completed,DELIVERED,6.0,,yes
CUST00211,ORD000211,PRD0014,2348011864257,Customer 211,M,60+,Kaduna,North West,Business,2024-09-07,Groceries,Cereal,4,75000,0.05,285000.0,0,Cash on Delivery,Store,,Delivered,14.0,,
CUST00212,ORD000212,PRD0010,2348093454097,Customer 212,,26-35,Lagos,South West,Regular,2024-08-29,Groceries,Rice,3,75000,0.2,180000.0,1500,Wallet,Mobile App,Completed,delivered,5.0,5.0,Yes
CUST00213,ORD000213,PRD0001,2348092325641,Customer 213, f ,36-45,Abuja,North Central,Occasional,2024-07-07,Home & Kitchen,Air Fryer,4,3500,0.1,12600.0,1500,Wallet,Marketplace,pending,Delivered,11.0,3.0,Yes
CUST00214,ORD000214,PRD0026,2348041945319,Customer 214,Male,26-35,Enugu,South East,Premium,2024-02-20,Sports,Yoga Mat,1,120000,0.15,102000.0,1000,,Marketplace,,Delivered,14.0,4.0,
CUST00215,ORD000215,PRD0030,2348063239385,Customer 215,Male,26-35,Lagos,South West,Regular,2024-04-29,Beauty,Hair Dryer,4,7500,0.15,25500.0,1500,,Store,COMPLETED,,12.0,,Yes
CUST00216,ORD000216,PRD0020,2348091365701,Customer 216,Male,26-35,Lagos,South West,Regular,2024-12-03,Electronics,Smart TV,4,120000,0.0,480000.0,2500,Cash on Delivery,Instagram,Completed,Returned,5.0,5.0,No
CUST00217,ORD000217,PRD0015,2348036605006,Customer 217,,36-45,Benin City,South South,Business,2024-02-15,Fashion,Shirt,1,75000,0.1,67500.0,2500,Cash on Delivery,Store,,,,5.0,
CUST00218,ORD000218,PRD0022,2348016339453,Customer 218,Female,60+,Port Harcourt,South South,Regular,2024-10-30,Home & Kitchen,Blender,2,40000,0.0,80000.0,1000,Bank Transfer,Store,,,3.0,4.0,Yes
CUST00219,ORD000219,PRD0008,2348040824385,Customer 219,Female,,Port Harcourt,South South,Business,2026-05-21,Fashion,Jeans,3,75000,0.0,225000.0,3500,,Mobile App,Completed,Delayed,8.0,5.0,Yes
CUST00220,ORD000220,PRD0024,2348037730141,Customer 220,Female,,Ibadan,South West,Regular,2026-05-22,Fashion,Sneakers,2,5000,0.05,9500.0,0,Bank Transfer,Store,,delivered,3.0,3.0,NO
CUST00221,ORD000221,PRD0027,2348044486799,Customer 221,Female,60+,Kaduna,North West,Regular,2024-01-06,Sports,Running Shoes,5,25000,0.15,106250.0,1500,bank transfer,Store,completed,In Transit,3.0,5.0,
CUST00222,ORD000222,PRD0030,2348087091338,Customer 222,Male,46-60,Enugu,South East,Premium,2024-09-23,Electronics,Smart TV,4,40000,0.05,152000.0,1000,USSD,Website,completed,delivered,5.0,5.0,NO
CUST00223,ORD000223,PRD0011,2348076258086,Customer 223,Female,60+,Lagos,South West,Occasional,2024-03-08,Sports,Gym Bag,4,120000,0.0,480000.0,1500,Card,Marketplace,Completed,,5.0,4.0,NO
CUST00224,ORD000224,PRD0002,2348064412406,Customer 224,female,60+,Kaduna,North West,,2025-05-30,Electronics,Smartphone,4,10000,0.0,40000.0,3500,Wallet,Store,cancelled,,3.0,2.0,No
CUST00225,ORD000225,PRD0025,2348081507544, Customer 225 , m ,60+,Kano,North West,premium ,2026-06-09,Groceries,Beverage Pack,4,120000,0.15,408000.0,2500,CARD,Website,completed,Delivered,6.0,,
CUST00226,ORD000226,PRD0019,2348072423461,Customer 226,Female,60+,Kano,North West,Regular,2024-08-01,Home & Kitchen,Vacuum Cleaner,4,7500,0.0,30000.0,0,Wallet,Instagram,completed,Delivered,8.0,5.0,
CUST00227,ORD000227,PRD0012,2348071185820,Customer 227,Female,36-45,Lagos,South West,Regular,2024-10-23,Electronics,Smart TV,3,120000,0.0,360000.0,1500,USSD,Store,Cancelled,,9.0,5.0,No
CUST00228,ORD000228,PRD0005,2348048225189,Customer 228,Male,,Abuja,North Central,Regular,2024-08-20,Electronics,Smartphone,1,25000,0.1,22500.0,2500,Cash on Delivery,Marketplace,Cancelled,,13.0,2.0,NO
CUST00229,ORD000229,PRD0023,2348038063865,Customer 229,,46-60,Kano,North West,Premium,2026-01-03,Home & Kitchen,Cookware Set,4,5000,0.0,20000.0,1500,CARD,Store,Completed,delivered,6.0,4.0,NO
CUST00230,ORD000230,PRD0002,2348097240301,Customer 230,M,26-35,Kano,North West,Premium,2026-06-01,Sports,Football,4,40000,0.1,144000.0,2500,Wallet,Marketplace,pending,delivered,8.0,3.0,Yes
CUST00231,ORD000231,PRD0002,2348031159066,Customer 231,Female,,Abuja,North Central,Premium,2025-11-10,Fashion,Shirt,5,120000,0.2,480000.0,0,Cash on Delivery,,Cancelled,In Transit,12.0,4.0,
CUST00232,ORD000232,PRD0008,2348017703264,Customer 232,Female,18-25,Kaduna,North West,Business,2024-02-21,Electronics,Smartphone,1,7500,0.05,7125.0,1500,USSD,mobile app,COMPLETED,Delivered,12.0,5.0,No
CUST00233,ORD000233,PRD0011,2348076382302,Customer 233,Female,46-60,Enugu,South East,Premium,2024-07-26,Beauty,Perfume,2,40000,0.15,68000.0,1000,Card,Website,Pending,Delivered,7.0,,No
CUST00234,ORD000234,PRD0022,2348045955433,Customer 234,Female,60+,Lagos,South West,,2025-03-28,Beauty,Makeup Kit,3,5000,0.05,14250.0,0,USSD,Mobile App,COMPLETED,,3.0,5.0,Yes
CUST00235,ORD000235,PRD0005,2348036622904,Customer 235,,46-60,Abuja,North Central,Premium,2025-10-05,Groceries,Rice,4,10000,0.1,36000.0,0,Cash on Delivery,Website,Cancelled,In Transit,2.0,3.0,
CUST00236,ORD000236,PRD0011,2348069428539,Customer 236,,,Kaduna,North West,premium ,2025-09-30,Beauty,Hair Dryer,3,25000,0.0,75000.0,0,USSD,Marketplace,,Delayed,7.0,5.0,Yes
CUST00237,ORD000237,PRD0016,2348059985291,Customer 237, f ,18-25,Kano,North West,Occasional,2024-05-26,Home & Kitchen,Cookware Set,5,75000,0.15,318750.0,0,CARD,Mobile App,Pending,Returned,13.0,4.0,NO
CUST00238,ORD000238,PRD0025,2348087243647,Customer 238, m ,60+,Enugu,South East,Regular,2026-08-10,Groceries,Cereal,5,25000,0.05,118750.0,1000,USSD,Mobile App,Cancelled,delivered,14.0,5.0,Yes
CUST00239,ORD000239,PRD0012,2348084958049,Customer 239,Male,18-25,Kaduna,North West,Regular,2025-07-01,Electronics,Smartphone,1,3500,0.15,2975.0,2500,USSD,Store,Pending,In Transit,4.0,5.0,
CUST00240,ORD000240,PRD0018,2348062710062,Customer 240,Male,,Enugu,South East,Regular,2024-02-11,Sports,Running Shoes,4,120000,0.15,408000.0,2500,Bank Transfer,Mobile App,COMPLETED,,5.0,5.0,No
CUST00241,ORD000241,PRD0021,2348044321588,Customer 241,,36-45,Port Harcourt,South South,Premium,2024-05-25,Fashion,Jeans,2,10000,0.0,20000.0,1500,,Marketplace,Cancelled,In Transit,9.0,4.0,Yes
CUST00242,ORD000242,PRD0024,2348047347179,Customer 242,Male,26-35,Enugu,South East,Premium,2024-03-09,Home & Kitchen,Air Fryer,4,75000,0.2,240000.0,0,Cash on Delivery,,Completed,In Transit,,3.0,No
CUST00243,ORD000243,PRD0018,2348082692976,Customer 243,Female,26-35,Enugu,South East,Premium,2025-10-01,Home & Kitchen,Blender,2,75000,0.05,142500.0,2500,Card,Website,,Delivered,8.0,5.0,NO
CUST00244,ORD000244,PRD0023,2348082248022,Customer 244,Female,18-25,Kano,North West,Occasional,2024-09-24,Beauty,Makeup Kit,1,75000,0.15,63750.0,1500,,website,Completed,Returned,12.0,,No
CUST00245,ORD000245,PRD0010,2348016909718,Customer 245,female,46-60,Port Harcourt,South South,Regular,2025-03-14,Home & Kitchen,Blender,1,3500,0.1,3150.0,1500,Cash on Delivery,mobile app,pending,DELIVERED,11.0,4.0,No
CUST00246,ORD000246,PRD0010,2348031240150,Customer 246, m ,,Ibadan,South West,Regular,2026-05-03,Sports,Gym Bag,2,75000,0.05,142500.0,1500,Card,Store,Completed,Delivered,10.0,3.0,No
CUST00247,ORD000247,PRD0028,2348065655100,Customer 247,FEMALE,,Abuja,North Central,Premium,2026-08-01,Sports,Yoga Mat,5,75000,0.0,375000.0,2500,CARD,Mobile App,completed,delivered,1.0,2.0,No
CUST00248,ORD000248,PRD0024,2348022203516,Customer 248,,46-60,Kano,North West,Occasional,2025-01-24,Home & Kitchen,Air Fryer,1,10000,0.2,8000.0,2500,USSD,Marketplace,COMPLETED,,9.0,4.0,No
CUST00249,ORD000249,PRD0014,2348049679399,Customer 249, f ,26-35,Abuja,North Central,Occasional,2024-07-07,Electronics,Smartphone,1,15000,0.05,14250.0,1500,USSD,,Returned,Returned,12.0,2.0,No
CUST00250,ORD000250,PRD0021,2348027767203, Customer 250 ,,,Benin City,South South,,2025-03-08,Beauty,Hair Dryer,2,15000,0.15,25500.0,1500,Cash on Delivery,website,Returned,,13.0,5.0,No
CUST00251,ORD000251,PRD0030,2348034875939,Customer 251,,46-60,Ibadan,South West,Premium,2024-08-19,Electronics,Smart TV,5,5000,0.0,25000.0,2500,USSD,Store,Cancelled,In Transit,9.0,4.0,No
CUST00252,ORD000252,PRD0009,2348099651868,Customer 252,Male,36-45,Ibadan,South West,Regular,2025-06-03,Sports,Gym Bag,5,120000,0.15,510000.0,0,Card,mobile app,COMPLETED,DELIVERED,11.0,4.0,No
CUST00253,ORD000253,PRD0011,2348073955158,Customer 253,,46-60,Port Harcourt,South South,Regular,2026-07-02,Sports,Yoga Mat,5,7500,0.2,30000.0,2500,USSD,website,Completed,,1.0,4.0,No
CUST00254,ORD000254,PRD0024,2348017851212,Customer 254,female,46-60,Kano,North West,Premium,2025-12-27,Electronics,Smart TV,1,120000,0.1,108000.0,3500,Wallet,Mobile App,Pending,Delivered,7.0,2.0,Yes
CUST00255,ORD000255,PRD0015,2348032942189,Customer 255,,36-45,Ibadan,South West,Regular,2024-10-21,Electronics,Smartphone,2,10000,0.15,17000.0,0,USSD,Website,Pending,Delivered,7.0,5.0,
CUST00256,ORD000256,PRD0006,2348077571705,Customer 256,M,26-35,Lagos,South West,Occasional,2024-10-02,Home & Kitchen,Air Fryer,3,25000,0.2,60000.0,1500,Card,,Completed,DELIVERED,2.0,2.0,
CUST00257,ORD000257,PRD0017,2348039920339,Customer 257,Male,60+,Benin City,South South,Premium,2026-01-07,Fashion,Jeans,1,10000,0.0,10000.0,0,Card,Website,Returned,delivered,8.0,4.0,No
CUST00258,ORD000258,PRD0001,2348021060524,Customer 258, f ,,Enugu,South East,Regular,2024-08-29,Groceries,Beverage Pack,2,7500,0.2,12000.0,0,CARD,Marketplace,Completed,Delivered,7.0,,Yes
CUST00259,ORD000259,PRD0015,2348077834595,Customer 259,Female,,Port Harcourt,South South,Regular,2025-08-21,Fashion,Jeans,2,40000,0.2,64000.0,2500,USSD,mobile app,cancelled,In Transit,8.0,5.0,NO
CUST00260,ORD000260,PRD0003,2348028944296,Customer 260,Male,,Kano,North West,Regular,2025-02-15,Fashion,Jeans,3,25000,0.15,63750.0,2500,Wallet,mobile app,,delivered,14.0,5.0,NO
CUST00261,ORD000261,PRD0013,2348046743726,Customer 261,Male,36-45,Benin City,South South,Regular,2024-10-19,Home & Kitchen,Blender,2,10000,0.0,20000.0,2500,Wallet,Marketplace,completed,Delivered,12.0,2.0,Yes
CUST00262,ORD000262,PRD0026,2348023574945,Customer 262,Male,18-25,Enugu,South East,Occasional,2025-08-01,Fashion,Sneakers,5,40000,0.0,200000.0,1000,Bank Transfer,Mobile App,,In Transit,12.0,5.0,
CUST00263,ORD000263,PRD0028,2348064787561,Customer 263,,,Ibadan,South West,Premium,2024-12-03,Sports,Yoga Mat,2,40000,0.05,76000.0,0,Wallet,Store,,Delivered,11.0,5.0,NO
CUST00264,ORD000264,PRD0011,2348035446859,Customer 264,MALE,18-25,Enugu,South East,Premium,2025-12-09,Fashion,Sneakers,5,120000,0.05,570000.0,1500,,Store,completed,In Transit,2.0,5.0,No
CUST00265,ORD000265,PRD0027,2348025694371,Customer 265,Female,60+,Port Harcourt,South South,Business,2024-03-01,Sports,Football,3,120000,0.0,360000.0,1500,Cash on Delivery,website,Cancelled,delivered,12.0,,No
CUST00266,ORD000266,PRD0004,2348060273700,Customer 266,Female,36-45,Kano,North West,Business,2024-10-04,Groceries,Rice,1,75000,0.05,71250.0,1000,Card,Marketplace,Completed,,2.0,,No
CUST00267,ORD000267,PRD0001,2348099654564,Customer 267,Male,,Ibadan,South West,Business,2026-08-03,Electronics,Smart TV,5,40000,0.0,200000.0,1000,Cash on Delivery,Mobile App,COMPLETED,Returned,7.0,4.0,
CUST00268,ORD000268,PRD0021,2348020246273,Customer 268,Male,60+,Benin City,South South,Business,2025-04-17,Groceries,Cooking Oil,2,5000,0.1,9000.0,0,CARD,Website,cancelled,Delivered,,5.0,No
CUST00269,ORD000269,PRD0022,2348069222414,Customer 269,,46-60,Kaduna,North West,Premium,2024-01-26,Beauty,Hair Dryer,4,120000,0.1,432000.0,1000,Bank Transfer,,Cancelled,Returned,,5.0,Yes
CUST00270,ORD000270,PRD0021,2348050914658,Customer 270,Male,46-60,Enugu,South East,Regular,2026-08-09,Groceries,Cereal,5,7500,0.2,30000.0,1000,,Website,Completed,Returned,11.0,,Yes
CUST00271,ORD000271,PRD0011,2348073017530,Customer 271,,26-35,Abuja,North Central,,2025-12-10,Fashion,Sneakers,1,7500,0.15,6375.0,3500,Card,mobile app,,In Transit,4.0,5.0,No
CUST00272,ORD000272,PRD0002,2348011438377,Customer 272,,,Abuja,North Central,Premium,2025-08-13,Sports,Football,5,25000,0.15,106250.0,1000,Cash on Delivery,website,Completed,Delivered,6.0,4.0,No
CUST00273,ORD000273,PRD0015,2348069757848,Customer 273,Male,60+,Kaduna,North West,Premium,2026-01-31,Sports,Yoga Mat,3,75000,0.0,225000.0,1000,Cash on Delivery,Instagram,Pending,DELIVERED,14.0,,No
CUST00274,ORD000274,PRD0028,2348087370452,Customer 274,Male,26-35,Enugu,South East,premium ,2024-05-28,Electronics,Smartphone,4,40000,0.05,152000.0,0,Wallet,Website,completed,Delivered,5.0,4.0,No
CUST00275,ORD000275,PRD0023,2348082873104, Customer 275 ,,18-25,Kano,North West,REGULAR,2025-02-04,Groceries,Cereal,5,120000,0.05,570000.0,0,Card,Mobile App,completed,,5.0,4.0,
CUST00276,ORD000276,PRD0026,2348022236760,Customer 276,Male,18-25,Benin City,South South,Regular,2024-06-14,Sports,Running Shoes,3,25000,0.05,71250.0,0,,Mobile App,cancelled,DELIVERED,9.0,,Yes
CUST00277,ORD000277,PRD0026,2348088101407,Customer 277,male,46-60,Enugu,South East,Regular,2026-07-20,Sports,Football,4,25000,0.2,80000.0,3500,Card,Store,Completed,In Transit,3.0,5.0,
CUST00278,ORD000278,PRD0009,2348073588561,Customer 278,M,18-25,Benin City,South South,Regular,2024-07-27,Home & Kitchen,Cookware Set,3,25000,0.0,75000.0,1000,Bank Transfer,website,Returned,Delivered,11.0,4.0,Yes
CUST00279,ORD000279,PRD0028,2348024765865,Customer 279,Male,26-35,Lagos,South West,Occasional,2024-06-28,Groceries,Cooking Oil,1,120000,0.0,120000.0,2500,Bank Transfer,Store,Cancelled,delivered,7.0,4.0,
CUST00280,ORD000280,PRD0015,2348088496937,Customer 280,Female,36-45,Ibadan,South West,Occasional,2025-01-30,Fashion,Handbag,3,25000,0.2,60000.0,0,Cash on Delivery,website,Completed,Returned,7.0,1.0,Yes
CUST00281,ORD000281,PRD0005,2348099115213,Customer 281,Male,26-35,Enugu,South East,Premium,2024-05-26,Electronics,Smart TV,2,10000,0.05,19000.0,0,Card,mobile app,,delivered,5.0,4.0,yes
CUST00282,ORD000282,PRD0020,2348074862105,Customer 282,,,Benin City,South South,Regular,2024-02-14,Fashion,Handbag,2,5000,0.05,9500.0,0,Bank Transfer,Website,pending,Delivered,4.0,4.0,No
CUST00283,ORD000283,PRD0022,2348016032287,Customer 283,,18-25,Enugu,South East,Regular,2026-03-09,Beauty,Perfume,4,7500,0.15,25500.0,2500,,Website,Pending,Delayed,14.0,4.0,No
CUST00284,ORD000284,PRD0002,2348068932580,Customer 284,Male,36-45,Lagos,South West,,2026-05-17,Fashion,Shirt,5,120000,0.2,480000.0,1500,Card,Mobile App,COMPLETED,Delivered,,5.0,Yes
CUST00285,ORD000285,PRD0011,2348059091734,Customer 285,Female,36-45,Kano,North West,Premium,2025-04-14,Beauty,Hair Dryer,4,5000,0.15,17000.0,3500,Bank Transfer,Store,Returned,,,4.0,Yes
CUST00286,ORD000286,PRD0003,2348092787498,Customer 286,Male,60+,Abuja,North Central,Occasional,2024-02-16,Fashion,Jeans,5,5000,0.0,25000.0,3500,Cash on Delivery,Website,cancelled,Delayed,5.0,4.0,No
CUST00287,ORD000287,PRD0004,2348039957221,Customer 287,Male,46-60,Enugu,South East,Occasional,2025-11-29,Beauty,Hair Dryer,1,120000,0.0,120000.0,3500,Bank Transfer,Marketplace,Completed,delivered,13.0,5.0,NO
CUST00288,ORD000288,PRD0026,2348094279970,Customer 288,Male,,Abuja,North Central,Business,2026-07-17,Beauty,Makeup Kit,5,40000,0.15,170000.0,2500,Card,Store,Completed,,3.0,4.0,No
CUST00289,ORD000289,PRD0029,2348069726447,Customer 289,Female,,Ibadan,South West,Regular,2024-02-13,Home & Kitchen,Air Fryer,2,120000,0.05,228000.0,1000,USSD,mobile app,Completed,Delivered,9.0,5.0,NO
CUST00290,ORD000290,PRD0029,2348045274617,Customer 290,M,46-60,Lagos,South West,Business,2025-07-12,Fashion,Jeans,1,75000,0.05,71250.0,1500,USSD,Store,Completed,,5.0,4.0,
CUST00291,ORD000291,PRD0028,2348079215039,Customer 291,Male,36-45,Ibadan,South West,Occasional,2024-02-28,Groceries,Rice,5,25000,0.1,112500.0,1500,Bank Transfer,,COMPLETED,Delivered,14.0,3.0,No
CUST00292,ORD000292,PRD0026,2348080423943,Customer 292,Female,18-25,Kaduna,North West,Occasional,2025-04-12,Electronics,Laptop,4,7500,0.2,24000.0,0,Card,Store,,In Transit,11.0,4.0,No
CUST00293,ORD000293,PRD0016,2348075224675,Customer 293,,18-25,Benin City,South South,Occasional,2026-04-11,Fashion,Shirt,4,7500,0.0,30000.0,1500,USSD,Website,,In Transit,2.0,4.0,No
CUST00294,ORD000294,PRD0003,2348088333336,Customer 294,FEMALE,36-45,Port Harcourt,South South,Regular,2025-07-02,Electronics,Smartphone,3,7500,0.15,19125.0,3500,Bank Transfer,Website,Pending,In Transit,9.0,3.0,
CUST00295,ORD000295,PRD0012,2348061245614,Customer 295,Female,,Benin City,South South,Premium,2025-03-30,Sports,Running Shoes,4,40000,0.15,136000.0,0,Cash on Delivery,Mobile App,pending,In Transit,13.0,5.0,Yes
CUST00296,ORD000296,PRD0002,2348074069012,Customer 296,Male,36-45,Ibadan,South West,Premium,2026-05-31,Home & Kitchen,Blender,2,75000,0.1,135000.0,1500,Card,Instagram,pending,delivered,12.0,4.0,No
CUST00297,ORD000297,PRD0030,2348042060052,Customer 297,Female,18-25,Kano,North West,premium ,2024-07-14,Sports,Football,5,120000,0.15,510000.0,0,Cash on Delivery,Store,,Delayed,6.0,2.0,
CUST00298,ORD000298,PRD0013,2348020947521,Customer 298,,,Lagos,South West,Premium,2024-02-22,Beauty,Makeup Kit,4,7500,0.15,25500.0,3500,Card,Website,Completed,Delivered,14.0,5.0,No
CUST00299,ORD000299,PRD0025,2348084689265,Customer 299,Male,60+,Benin City,South South,Premium,2024-06-30,Beauty,Hair Dryer,5,15000,0.1,67500.0,2500,Bank Transfer,Website,cancelled,Returned,7.0,4.0,No
CUST00300,ORD000300,PRD0010,2348094693616, Customer 300 ,Female,26-35,Port Harcourt,South South,Regular,2024-01-05,Fashion,Jeans,3,7500,0.1,20250.0,1500,USSD,Store,Completed,,10.0,4.0,No
CUST00301,ORD000301,PRD0017,2348057856827,Customer 301,Male,26-35,Abuja,North Central,Premium,2024-12-30,Beauty,Perfume,2,10000,0.0,20000.0,3500,bank transfer,website,cancelled,Delayed,12.0,5.0,No
CUST00302,ORD000302,PRD0027,2348026723448,Customer 302,Male,,Lagos,South West,Regular,2024-07-10,Groceries,Beverage Pack,4,5000,0.1,18000.0,3500,bank transfer,Website,pending,In Transit,12.0,5.0,No
CUST00303,ORD000303,PRD0024,2348010628571,Customer 303,,26-35,Kano,North West,Premium,2024-07-12,Beauty,Hair Dryer,1,3500,0.0,3500.0,0,Wallet,Website,Completed,,4.0,,No
CUST00304,ORD000304,PRD0020,2348014887382,Customer 304,Female,46-60,Benin City,South South,Regular,2025-02-04,Home & Kitchen,Air Fryer,4,10000,0.05,38000.0,2500,Cash on Delivery,Website,Pending,Delayed,4.0,4.0,
CUST00305,ORD000305,PRD0018,2348087873738,Customer 305,Female,26-35,Enugu,South East,Occasional,2024-10-25,Groceries,Beverage Pack,4,40000,0.1,144000.0,0,Bank Transfer,,Pending,Delivered,7.0,4.0,yes
CUST00306,ORD000306,PRD0027,2348091152306,Customer 306,male,26-35,Kano,North West,Occasional,2024-07-21,Sports,Football,4,25000,0.05,95000.0,1500,Bank Transfer,Website,cancelled,delivered,,4.0,
CUST00307,ORD000307,PRD0027,2348091302491,Customer 307,,,Benin City,South South,Regular,2025-04-18,Electronics,Smartphone,2,75000,0.05,142500.0,1000,Wallet,,Pending,Delayed,11.0,4.0,Yes
CUST00308,ORD000308,PRD0008,2348046603720,Customer 308,female,36-45,Ibadan,South West,Premium,2024-08-15,Groceries,Cooking Oil,4,75000,0.0,300000.0,1000,USSD,Website,cancelled,,2.0,4.0,
CUST00309,ORD000309,PRD0026,2348054252058,Customer 309,Male,18-25,Port Harcourt,South South,Regular,2026-04-05,Electronics,Wireless Earbuds,1,40000,0.0,40000.0,3500,Cash on Delivery,Instagram,cancelled,Delivered,5.0,4.0,
CUST00310,ORD000310,PRD0028,2348063900258,Customer 310,Male,26-35,Enugu,South East,Regular,2025-04-21,Electronics,Smart TV,1,75000,0.1,67500.0,1500,CARD,,Cancelled,Delivered,4.0,3.0,
CUST00311,ORD000311,PRD0006,2348072030456,Customer 311,Male,36-45,Kaduna,North West,Occasional,2026-04-22,Electronics,Wireless Earbuds,2,15000,0.05,28500.0,0,Card,Store,Completed,Delayed,7.0,4.0,NO
CUST00312,ORD000312,PRD0007,2348066240652,Customer 312, f ,46-60,Lagos,South West,Business,2024-12-10,Groceries,Rice,2,15000,0.15,25500.0,3500,Cash on Delivery,Marketplace,,DELIVERED,12.0,,Yes
CUST00313,ORD000313,PRD0018,2348030736945,Customer 313,Female,18-25,Port Harcourt,South South,REGULAR,2025-01-27,Home & Kitchen,Vacuum Cleaner,1,3500,0.05,3325.0,2500,USSD,Store,Completed,Returned,1.0,1.0,yes
CUST00314,ORD000314,PRD0023,2348076967085,Customer 314,female,26-35,Kano,North West,,2025-02-25,Groceries,Cooking Oil,4,5000,0.05,19000.0,1000,Cash on Delivery,Instagram,Pending,Returned,3.0,,NO
CUST00315,ORD000315,PRD0027,2348052819280,Customer 315,Female,,Lagos,South West,Occasional,2025-11-10,Fashion,Sneakers,2,5000,0.05,9500.0,1000,Bank Transfer,Store,cancelled,Returned,7.0,2.0,
CUST00316,ORD000316,PRD0022,2348096994315,Customer 316,F,18-25,Kaduna,North West,premium ,2024-10-01,Groceries,Beverage Pack,1,10000,0.15,8500.0,0,bank transfer,Marketplace,Cancelled,Delivered,13.0,5.0,
CUST00317,ORD000317,PRD0023,2348027679998,Customer 317,,26-35,Abuja,North Central,Regular,2026-04-27,Groceries,Cereal,1,15000,0.05,14250.0,1500,Card,Marketplace,,Delayed,6.0,5.0,No
CUST00318,ORD000318,PRD0021,2348022609592,Customer 318,,,Kaduna,North West,premium ,2024-02-02,Beauty,Skincare Set,2,25000,0.1,45000.0,3500,Bank Transfer,Website,COMPLETED,DELIVERED,,4.0,yes
CUST00319,ORD000319,PRD0004,2348020958297,Customer 319,Male,36-45,Kano,North West,Business,2024-01-13,Sports,Yoga Mat,5,15000,0.1,67500.0,2500,USSD,Marketplace,cancelled,Delayed,,4.0,No
CUST00320,ORD000320,PRD0030,2348026902254,Customer 320,Male,,Benin City,South South,Occasional,2025-07-23,Sports,Running Shoes,1,15000,0.05,14250.0,0,Bank Transfer,Marketplace,Returned,Returned,14.0,4.0,No
CUST00321,ORD000321,PRD0015,2348015558342,Customer 321,Male,,Abuja,North Central,Business,2024-06-29,Home & Kitchen,Cookware Set,2,25000,0.0,50000.0,0,Cash on Delivery,Instagram,Completed,Delivered,6.0,1.0,No
CUST00322,ORD000322,PRD0007,2348095754057,Customer 322,Male,26-35,Abuja,North Central,Regular,2026-05-03,Beauty,Makeup Kit,5,7500,0.15,31875.0,0,Wallet,Website,Completed,Delivered,7.0,4.0,NO
CUST00323,ORD000323,PRD0009,2348015834153,Customer 323,Male,,Kano,North West,premium ,2024-01-28,Beauty,Perfume,2,25000,0.2,40000.0,0,bank transfer,Marketplace,Completed,,7.0,2.0,No
CUST00324,ORD000324,PRD0024,2348058750622,Customer 324,M,26-35,Port Harcourt,South South,Regular,2025-04-25,Electronics,Laptop,1,3500,0.15,2975.0,2500,Bank Transfer,Instagram,Returned,,7.0,4.0,yes
CUST00325,ORD000325,PRD0006,2348072999765, Customer 325 ,Male,,Port Harcourt,South South,Business,2024-05-04,Groceries,Beverage Pack,2,10000,0.2,16000.0,1000,Card,Store,,In Transit,9.0,5.0,Yes
CUST00326,ORD000326,PRD0025,2348091435960,Customer 326,,60+,Kano,North West,Business,2026-01-26,Sports,Gym Bag,4,3500,0.15,11900.0,2500,Card,Marketplace,Completed,delivered,1.0,3.0,No
CUST00327,ORD000327,PRD0029,2348026109150,Customer 327,Male,36-45,Kano,North West,Occasional,2024-10-04,Sports,Yoga Mat,1,10000,0.2,8000.0,2500,Cash on Delivery,Website,Completed,Delayed,13.0,4.0,No
CUST00328,ORD000328,PRD0010,2348030252069,Customer 328,Female,,Ibadan,South West,Business,2025-09-29,Beauty,Hair Dryer,4,5000,0.0,20000.0,2500,,Mobile App,,Delayed,11.0,5.0,NO
CUST00329,ORD000329,PRD0030,2348068196280,Customer 329,Female,26-35,Benin City,South South,,2025-02-25,Fashion,Shirt,3,75000,0.1,202500.0,3500,Card,Website,Completed,,6.0,4.0,NO
CUST00330,ORD000330,PRD0013,2348093949135,Customer 330,F,18-25,Enugu,South East,Occasional,2024-05-08,Fashion,Jeans,2,120000,0.0,240000.0,1000,Cash on Delivery,Instagram,,Delivered,14.0,4.0,Yes
CUST00331,ORD000331,PRD0029,2348066107446,Customer 331,F,60+,Enugu,South East,Business,2025-08-23,Beauty,Hair Dryer,2,15000,0.15,25500.0,0,Card,Mobile App,COMPLETED,Delivered,13.0,3.0,No
CUST00332,ORD000332,PRD0017,2348024300052,Customer 332,Male,,Lagos,South West,,2025-12-13,Beauty,Hair Dryer,2,25000,0.0,50000.0,1500,Card,Marketplace,completed,Delivered,1.0,3.0,No
CUST00333,ORD000333,PRD0012,2348037756733,Customer 333,male,60+,Benin City,South South,,2024-04-10,Groceries,Cereal,1,75000,0.05,71250.0,1500,Card,Instagram,Completed,In Transit,9.0,3.0,
CUST00334,ORD000334,PRD0008,2348061617295,Customer 334,Male,36-45,Lagos,South West,Regular,2024-10-10,Beauty,Perfume,4,15000,0.15,51000.0,0,USSD,Mobile App,cancelled,In Transit,9.0,5.0,No
CUST00335,ORD000335,PRD0029,2348032566144,Customer 335,Female,60+,Benin City,South South,Premium,2026-03-10,Sports,Gym Bag,1,120000,0.1,108000.0,1000,Card,,,DELIVERED,14.0,2.0,No
CUST00336,ORD000336,PRD0023,2348076236599,Customer 336, m ,26-35,Ibadan,South West,Occasional,2024-10-31,Beauty,Skincare Set,4,3500,0.15,11900.0,3500,bank transfer,Website,pending,delivered,7.0,4.0,NO
CUST00337,ORD000337,PRD0030,2348086354086,Customer 337,F,36-45,Lagos,South West,Premium,2024-10-22,Beauty,Perfume,1,5000,0.15,4250.0,1500,CARD,Website,Pending,DELIVERED,,3.0,No
CUST00338,ORD000338,PRD0014,2348043743945,Customer 338,Female,18-25,Port Harcourt,South South,,2024-05-25,Electronics,Laptop,4,75000,0.15,255000.0,2500,Cash on Delivery,Store,Completed,,10.0,4.0,No
CUST00339,ORD000339,PRD0005,2348022314057,Customer 339,Female,36-45,Abuja,North Central,Regular,2025-07-02,Fashion,Shirt,4,3500,0.1,12600.0,1000,USSD,Mobile App,Returned,Delayed,13.0,,
CUST00340,ORD000340,PRD0013,2348027184131,Customer 340,Male,,Kano,North West,Premium,2026-08-04,Electronics,Laptop,4,10000,0.15,34000.0,1500,Bank Transfer,Store,Pending,,,4.0,
CUST00341,ORD000341,PRD0021,2348056533370,Customer 341,F,26-35,Kano,North West,,2025-10-16,Electronics,Laptop,2,15000,0.0,30000.0,1500,,Store,completed,Delivered,14.0,5.0,Yes
CUST00342,ORD000342,PRD0003,2348031536639,Customer 342,female,46-60,Ibadan,South West,Business,2026-04-05,Home & Kitchen,Vacuum Cleaner,3,75000,0.2,180000.0,1000,CARD,Store,,,13.0,,NO
CUST00343,ORD000343,PRD0001,2348014667836,Customer 343,Male,,Kano,North West,premium ,2024-08-30,Fashion,Shirt,1,15000,0.15,12750.0,2500,CARD,Website,Completed,In Transit,,5.0,Yes
CUST00344,ORD000344,PRD0019,2348010296355,Customer 344,FEMALE,46-60,Abuja,North Central,Occasional,2026-02-11,Sports,Football,2,120000,0.15,204000.0,1000,,mobile app,completed,In Transit,11.0,3.0,
CUST00345,ORD000345,PRD0019,2348066646400,Customer 345,M,60+,Lagos,South West,Regular,2025-10-22,Fashion,Sneakers,4,75000,0.0,300000.0,1500,Cash on Delivery,Mobile App,,Delivered,12.0,2.0,Yes
CUST00346,ORD000346,PRD0022,2348043768931,Customer 346,M,,Enugu,South East,Occasional,2025-05-04,Groceries,Beverage Pack,5,75000,0.15,318750.0,1000,Cash on Delivery,Store,completed,Delayed,11.0,4.0,
CUST00347,ORD000347,PRD0008,2348066776977,Customer 347,FEMALE,36-45,Benin City,South South,Occasional,2026-05-21,Electronics,Wireless Earbuds,3,5000,0.2,12000.0,1000,USSD,Mobile App,Completed,Delayed,7.0,4.0,Yes
CUST00348,ORD000348,PRD0006,2348012685486,Customer 348,,18-25,Benin City,South South,Regular,2026-01-20,Home & Kitchen,Vacuum Cleaner,3,10000,0.05,28500.0,0,Wallet,Mobile App,cancelled,,5.0,4.0,Yes
CUST00349,ORD000349,PRD0029,2348051817921,Customer 349,,18-25,Abuja,North Central,Regular,2025-09-02,Electronics,Laptop,5,5000,0.0,25000.0,3500,Bank Transfer,Mobile App,,Delivered,8.0,3.0,
CUST00350,ORD000350,PRD0014,2348083397954, Customer 350 ,F,46-60,Port Harcourt,South South,Occasional,2025-09-21,Beauty,Hair Dryer,4,75000,0.05,285000.0,2500,,Store,Completed,Delivered,4.0,4.0,
CUST00351,ORD000351,PRD0001,2348086335729,Customer 351,,60+,Abuja,North Central,Occasional,2025-04-28,Sports,Football,3,40000,0.1,108000.0,3500,Cash on Delivery,Store,Pending,Delivered,6.0,5.0,Yes
CUST00352,ORD000352,PRD0027,2348095036197,Customer 352,Male,26-35,Kaduna,North West,Occasional,2024-03-24,Groceries,Cooking Oil,4,7500,0.0,30000.0,1500,Bank Transfer,Mobile App,Completed,Delayed,5.0,5.0,NO
CUST00353,ORD000353,PRD0016,2348046267462,Customer 353,,46-60,Port Harcourt,South South,Premium,2024-10-28,Sports,Running Shoes,3,10000,0.0,30000.0,0,Bank Transfer,Mobile App,,Delivered,9.0,4.0,No
CUST00354,ORD000354,PRD0030,2348012955633,Customer 354,Male,,Enugu,South East,Premium,2024-07-17,Fashion,Shirt,4,3500,0.2,11200.0,0,Wallet,website,Cancelled,delivered,11.0,4.0,
CUST00355,ORD000355,PRD0019,2348049520825,Customer 355,Female,,Ibadan,South West,Regular,2026-01-20,Fashion,Sneakers,2,40000,0.1,72000.0,3500,USSD,mobile app,Pending,Delivered,5.0,5.0,No
CUST00356,ORD000356,PRD0007,2348062691434,Customer 356,Female,26-35,Ibadan,South West,Occasional,2024-04-19,Home & Kitchen,Vacuum Cleaner,1,7500,0.2,6000.0,2500,Card,Marketplace,cancelled,In Transit,11.0,4.0,
CUST00357,ORD000357,PRD0001,2348040306287,Customer 357,F,26-35,Benin City,South South,,2026-06-10,Beauty,Perfume,2,40000,0.15,68000.0,2500,Cash on Delivery,website,,delivered,12.0,5.0,No
CUST00358,ORD000358,PRD0023,2348037878825,Customer 358,female,,Enugu,South East,,2024-03-09,Home & Kitchen,Vacuum Cleaner,3,5000,0.1,13500.0,1000,Wallet,Website,COMPLETED,Returned,2.0,,No
CUST00359,ORD000359,PRD0011,2348017541629,Customer 359,,26-35,Lagos,South West,Business,2024-04-20,Fashion,Handbag,1,15000,0.2,12000.0,0,Card,Marketplace,pending,Delayed,7.0,4.0,NO
CUST00360,ORD000360,PRD0004,2348095786646,Customer 360,,18-25,Ibadan,South West,Regular,2026-04-20,Electronics,Laptop,3,3500,0.2,8400.0,0,bank transfer,Store,COMPLETED,Delivered,1.0,4.0,Yes
CUST00361,ORD000361,PRD0026,2348026390495,Customer 361,,60+,Port Harcourt,South South,,2026-07-03,Beauty,Perfume,2,25000,0.1,45000.0,0,,,Completed,Returned,8.0,1.0,Yes
CUST00362,ORD000362,PRD0021,2348037313669,Customer 362,F,46-60,Enugu,South East,Regular,2024-04-09,Sports,Football,2,75000,0.1,135000.0,1500,,Website,Cancelled,Returned,3.0,3.0,NO
CUST00363,ORD000363,PRD0028,2348034797640,Customer 363,,,Ibadan,South West,Regular,2025-06-23,Fashion,Handbag,3,7500,0.2,18000.0,2500,USSD,Marketplace,Cancelled,Delivered,13.0,5.0,NO
CUST00364,ORD000364,PRD0009,2348080361278,Customer 364,Male,46-60,Ibadan,South West,Premium,2025-06-26,Beauty,Hair Dryer,2,5000,0.05,9500.0,3500,Bank Transfer,Store,Returned,delivered,9.0,5.0,Yes
CUST00365,ORD000365,PRD0013,2348075365850,Customer 365,,18-25,Enugu,South East,Business,2024-06-17,Sports,Football,1,120000,0.15,102000.0,2500,USSD,Store,completed,Returned,13.0,5.0,No
CUST00366,ORD000366,PRD0025,2348043691483,Customer 366,male,,Benin City,South South,REGULAR,2024-12-04,Groceries,Rice,1,10000,0.0,10000.0,3500,USSD,Website,,Delivered,,4.0,No
CUST00367,ORD000367,PRD0022,2348044249839,Customer 367,Male,26-35,Benin City,South South,Premium,2024-01-29,Groceries,Rice,3,7500,0.1,20250.0,2500,Bank Transfer,Instagram,Pending,,1.0,5.0,No
CUST00368,ORD000368,PRD0014,2348032560469,Customer 368,FEMALE,18-25,Kano,North West,Premium,2025-01-30,Fashion,Shirt,5,25000,0.05,118750.0,2500,Card,Instagram,COMPLETED,Delivered,6.0,3.0,No
CUST00369,ORD000369,PRD0007,2348020585636,Customer 369,,36-45,Benin City,South South,Regular,2024-05-15,Sports,Football,3,120000,0.2,288000.0,0,USSD,Website,,,13.0,,NO
CUST00370,ORD000370,PRD0015,2348088944206,Customer 370,Male,,Ibadan,South West,Premium,2024-02-22,Electronics,Smart TV,5,25000,0.15,106250.0,3500,Wallet,website,,DELIVERED,9.0,2.0,Yes
CUST00371,ORD000371,PRD0005,2348038214054,Customer 371, f ,,Abuja,North Central,Regular,2025-03-14,Beauty,Makeup Kit,1,5000,0.2,4000.0,1500,USSD,Instagram,Completed,delivered,5.0,2.0,NO
CUST00372,ORD000372,PRD0017,2348098106694,Customer 372,FEMALE,18-25,Port Harcourt,South South,Occasional,2024-03-17,Home & Kitchen,Blender,1,40000,0.0,40000.0,1000,Cash on Delivery,Mobile App,Completed,delivered,13.0,,No
CUST00373,ORD000373,PRD0007,2348036613761,Customer 373,Female,18-25,Ibadan,South West,Premium,2026-03-12,Sports,Running Shoes,3,75000,0.2,180000.0,1500,CARD,Store,Pending,In Transit,10.0,3.0,No
CUST00374,ORD000374,PRD0007,2348020299798,Customer 374,Female,,Port Harcourt,South South,premium ,2025-02-28,Groceries,Cereal,3,10000,0.0,30000.0,2500,USSD,Website,,,13.0,5.0,Yes
CUST00375,ORD000375,PRD0018,2348054229587, Customer 375 ,M,18-25,Enugu,South East,Regular,2025-12-11,Fashion,Sneakers,5,75000,0.15,318750.0,3500,Cash on Delivery,Instagram,completed,Delivered,6.0,2.0,NO
CUST00376,ORD000376,PRD0030,2348033659298,Customer 376,Male,46-60,Kano,North West,Occasional,2024-02-15,Home & Kitchen,Air Fryer,4,25000,0.1,90000.0,2500,USSD,Mobile App,Completed,Delivered,3.0,5.0,
CUST00377,ORD000377,PRD0001,2348033620489,Customer 377,Male,,Kaduna,North West,Regular,2024-09-10,Groceries,Cereal,5,10000,0.05,47500.0,1500,Cash on Delivery,Store,Cancelled,Delivered,3.0,5.0,
CUST00378,ORD000378,PRD0007,2348064193645,Customer 378,Male,60+,Abuja,North Central,premium ,2025-03-13,Sports,Yoga Mat,3,25000,0.1,67500.0,2500,Cash on Delivery,Instagram,pending,In Transit,4.0,5.0,No
CUST00379,ORD000379,PRD0016,2348030656564,Customer 379,female,60+,Enugu,South East,Regular,2026-03-06,Home & Kitchen,Blender,1,10000,0.2,8000.0,2500,Cash on Delivery,Instagram,completed,In Transit,1.0,5.0,No
CUST00380,ORD000380,PRD0020,2348081553061,Customer 380,Male,46-60,Kaduna,North West,Occasional,2024-08-18,Groceries,Rice,4,120000,0.2,384000.0,2500,Card,Mobile App,Completed,DELIVERED,,4.0,NO
CUST00381,ORD000381,PRD0008,2348020900467,Customer 381,Male,18-25,Port Harcourt,South South,Premium,2026-04-03,Beauty,Skincare Set,1,10000,0.15,8500.0,1000,Cash on Delivery,Mobile App,,DELIVERED,3.0,4.0,No
CUST00382,ORD000382,PRD0006,2348090147547,Customer 382,F,26-35,Enugu,South East,Regular,2025-01-29,Sports,Gym Bag,4,5000,0.15,17000.0,3500,Bank Transfer,Instagram,,,13.0,3.0,No
CUST00383,ORD000383,PRD0017,2348063342963,Customer 383,Male,46-60,Kano,North West,REGULAR,2025-01-09,Groceries,Beverage Pack,3,3500,0.2,8400.0,3500,bank transfer,mobile app,completed,In Transit,5.0,4.0,
CUST00384,ORD000384,PRD0018,2348029404549,Customer 384,,18-25,Kano,North West,Regular,2024-05-29,Electronics,Laptop,1,75000,0.15,63750.0,1000,Cash on Delivery,,Cancelled,Delivered,4.0,4.0,NO
CUST00385,ORD000385,PRD0007,2348043334196,Customer 385,FEMALE,60+,Benin City,South South,Premium,2024-01-30,Home & Kitchen,Vacuum Cleaner,1,3500,0.1,3150.0,3500,USSD,Mobile App,completed,Delivered,3.0,4.0,NO
CUST00386,ORD000386,PRD0026,2348043887416,Customer 386,Male,18-25,Benin City,South South,Business,2024-04-13,Sports,Football,5,10000,0.1,45000.0,1000,Wallet,Mobile App,pending,,9.0,4.0,
CUST00387,ORD000387,PRD0011,2348087963030,Customer 387,Female,60+,Enugu,South East,Regular,2024-06-28,Electronics,Laptop,2,120000,0.05,228000.0,1500,CARD,Website,completed,delivered,11.0,1.0,No
CUST00388,ORD000388,PRD0022,2348011517775,Customer 388,,26-35,Kaduna,North West,Occasional,2024-08-30,Electronics,Laptop,2,120000,0.15,204000.0,2500,Card,Instagram,Cancelled,In Transit,14.0,5.0,NO
CUST00389,ORD000389,PRD0012,2348046002778,Customer 389,,26-35,Ibadan,South West,Premium,2026-03-17,Home & Kitchen,Vacuum Cleaner,3,3500,0.15,8925.0,1000,Bank Transfer,Website,Completed,Delivered,12.0,4.0,
CUST00390,ORD000390,PRD0004,2348011154152,Customer 390,Male,26-35,Enugu,South East,premium ,2024-11-03,Home & Kitchen,Blender,1,75000,0.1,67500.0,2500,Wallet,Mobile App,completed,,14.0,2.0,No
CUST00391,ORD000391,PRD0015,2348018260741,Customer 391,female,60+,Benin City,South South,premium ,2024-11-10,Electronics,Smartphone,5,7500,0.2,30000.0,3500,Bank Transfer,Mobile App,Pending,Delivered,10.0,3.0,yes
CUST00392,ORD000392,PRD0005,2348037085789,Customer 392,FEMALE,18-25,Kano,North West,Regular,2024-10-12,Electronics,Smartphone,3,40000,0.05,114000.0,1500,Bank Transfer,Mobile App,Cancelled,Returned,10.0,4.0,No
CUST00393,ORD000393,PRD0010,2348055017357,Customer 393, f ,60+,Enugu,South East,Regular,2024-11-01,Home & Kitchen,Blender,1,25000,0.1,22500.0,1000,USSD,Store,,Delivered,1.0,3.0,No
CUST00394,ORD000394,PRD0028,2348027278576,Customer 394,Male,26-35,Ibadan,South West,Regular,2026-07-22,Sports,Football,4,75000,0.2,240000.0,1500,Cash on Delivery,Store,Cancelled,In Transit,8.0,,
CUST00395,ORD000395,PRD0030,2348079125241,Customer 395,Male,,Lagos,South West,Regular,2024-03-21,Fashion,Handbag,5,10000,0.1,45000.0,0,Card,Store,Completed,,12.0,,NO
CUST00396,ORD000396,PRD0008,2348030838467,Customer 396,Female,60+,Abuja,North Central,,2024-02-04,Sports,Yoga Mat,5,40000,0.1,180000.0,2500,Wallet,Website,Pending,In Transit,4.0,5.0,No
CUST00397,ORD000397,PRD0023,2348067306524,Customer 397,,,Abuja,North Central,Occasional,2025-07-25,Groceries,Cereal,3,10000,0.15,25500.0,1500,Wallet,Mobile App,Completed,Delivered,,4.0,Yes
CUST00398,ORD000398,PRD0001,2348063107499,Customer 398,Male,26-35,Kano,North West,Occasional,2024-06-20,Sports,Gym Bag,4,15000,0.1,54000.0,2500,Card,Website,,Returned,,3.0,yes
CUST00399,ORD000399,PRD0028,2348080878068,Customer 399,Male,60+,Enugu,South East,Premium,2026-03-16,Groceries,Beverage Pack,4,5000,0.05,19000.0,2500,Bank Transfer,Mobile App,,Delivered,1.0,4.0,
CUST00400,ORD000400,PRD0005,2348078900067, Customer 400 ,,60+,Lagos,South West,Regular,2024-02-15,Electronics,Wireless Earbuds,1,5000,0.2,4000.0,3500,Bank Transfer,Mobile App,,Delivered,9.0,5.0,NO
CUST00401,ORD000401,PRD0010,2348086698104,Customer 401,Female,60+,Kaduna,North West,premium ,2024-06-03,Sports,Running Shoes,5,3500,0.2,14000.0,2500,Card,Mobile App,Completed,Delivered,14.0,4.0,Yes
CUST00402,ORD000402,PRD0013,2348021891321,Customer 402,FEMALE,18-25,Kano,North West,Regular,2024-07-24,Groceries,Cereal,2,75000,0.05,142500.0,0,Wallet,Instagram,pending,Delivered,9.0,4.0,No
CUST00403,ORD000403,PRD0014,2348046813311,Customer 403,F,46-60,Enugu,South East,Occasional,2025-02-14,Electronics,Smartphone,1,75000,0.15,63750.0,1500,,Store,Pending,In Transit,9.0,4.0,yes
CUST00404,ORD000404,PRD0028,2348099073035,Customer 404,Male,46-60,Lagos,South West,Premium,2024-11-14,Home & Kitchen,Blender,2,40000,0.15,68000.0,0,Card,Store,cancelled,,4.0,5.0,Yes
CUST00405,ORD000405,PRD0022,2348032464339,Customer 405,Male,,Abuja,North Central,Occasional,2026-05-25,Sports,Football,5,40000,0.2,160000.0,1500,Card,Marketplace,Completed,,,2.0,yes
CUST00406,ORD000406,PRD0027,2348093166886,Customer 406,Female,,Lagos,South West,Regular,2026-06-27,Beauty,Hair Dryer,2,5000,0.15,8500.0,1500,Cash on Delivery,Marketplace,Pending,Delivered,6.0,4.0,Yes
CUST00407,ORD000407,PRD0017,2348088090645,Customer 407,Male,18-25,Kano,North West,Business,2026-08-11,Beauty,Makeup Kit,1,7500,0.2,6000.0,2500,,Website,Cancelled,Delayed,1.0,5.0,NO
CUST00408,ORD000408,PRD0003,2348036533765,Customer 408,FEMALE,26-35,Abuja,North Central,Premium,2026-08-31,Groceries,Rice,5,7500,0.15,31875.0,1500,USSD,Store,Cancelled,Delayed,13.0,,No
CUST00409,ORD000409,PRD0002,2348012525882,Customer 409,female,,Enugu,South East,Occasional,2026-01-03,Home & Kitchen,Blender,1,3500,0.05,3325.0,1500,Bank Transfer,Mobile App,,DELIVERED,1.0,,No
CUST00410,ORD000410,PRD0005,2348058793227,Customer 410,,36-45,Benin City,South South,Regular,2025-06-06,Home & Kitchen,Vacuum Cleaner,3,7500,0.1,20250.0,2500,Bank Transfer,Instagram,cancelled,delivered,12.0,4.0,No
CUST00411,ORD000411,PRD0027,2348075102824,Customer 411,,36-45,Enugu,South East,Premium,2026-02-06,Beauty,Makeup Kit,3,7500,0.1,20250.0,1500,CARD,website,Completed,DELIVERED,13.0,3.0,
CUST00412,ORD000412,PRD0026,2348032109873,Customer 412,,60+,Kaduna,North West,Regular,2026-07-03,Fashion,Shirt,2,120000,0.05,228000.0,3500,Cash on Delivery,Mobile App,COMPLETED,Delivered,4.0,2.0,No
CUST00413,ORD000413,PRD0007,2348070297052,Customer 413,Female,,Lagos,South West,Regular,2026-01-09,Home & Kitchen,Cookware Set,4,7500,0.05,28500.0,3500,,Store,Cancelled,delivered,6.0,2.0,No
CUST00414,ORD000414,PRD0013,2348063064924,Customer 414,F,,Kaduna,North West,Premium,2025-11-15,Sports,Gym Bag,4,25000,0.15,85000.0,3500,Card,Store,Cancelled,Returned,10.0,5.0,Yes
CUST00415,ORD000415,PRD0015,2348084201084,Customer 415,,60+,Benin City,South South,Occasional,2024-10-22,Fashion,Sneakers,4,120000,0.2,384000.0,2500,Cash on Delivery,website,Completed,Delivered,10.0,4.0,No
CUST00416,ORD000416,PRD0005,2348050029595,Customer 416, m ,36-45,Port Harcourt,South South,,2025-02-11,Sports,Yoga Mat,4,25000,0.1,90000.0,0,Bank Transfer,Store,Cancelled,In Transit,10.0,4.0,NO
CUST00417,ORD000417,PRD0030,2348094975060,Customer 417,,46-60,Kaduna,North West,Occasional,2024-08-07,Sports,Yoga Mat,2,120000,0.15,204000.0,1000,Bank Transfer,Instagram,,In Transit,2.0,,
CUST00418,ORD000418,PRD0003,2348035416727,Customer 418, f ,46-60,Benin City,South South,Occasional,2025-12-27,Home & Kitchen,Vacuum Cleaner,3,3500,0.05,9975.0,0,Card,Mobile App,completed,In Transit,,2.0,No
CUST00419,ORD000419,PRD0024,2348017899151,Customer 419,Male,46-60,Kano,North West,Occasional,2024-12-26,Electronics,Wireless Earbuds,3,120000,0.1,324000.0,2500,Card,website,COMPLETED,Returned,8.0,3.0,No
CUST00420,ORD000420,PRD0028,2348017337320,Customer 420,female,46-60,Enugu,South East,Regular,2024-08-05,Home & Kitchen,Air Fryer,1,75000,0.0,75000.0,3500,CARD,,Completed,Returned,11.0,2.0,Yes
CUST00421,ORD000421,PRD0018,2348044520151,Customer 421,Female,60+,Benin City,South South,Premium,2025-08-11,Fashion,Shirt,5,7500,0.2,30000.0,1500,Card,Mobile App,Completed,In Transit,1.0,4.0,No
CUST00422,ORD000422,PRD0023,2348012401348,Customer 422,,36-45,Kano,North West,Occasional,2026-01-18,Electronics,Laptop,2,10000,0.05,19000.0,3500,Wallet,Store,Completed,Returned,2.0,5.0,
CUST00423,ORD000423,PRD0018,2348094694619,Customer 423,Female,,Kano,North West,Occasional,2024-07-07,Home & Kitchen,Blender,3,15000,0.1,40500.0,0,Wallet,Website,Pending,Returned,14.0,3.0,
CUST00424,ORD000424,PRD0030,2348075990338,Customer 424,Female,18-25,Enugu,South East,Occasional,2024-11-21,Groceries,Rice,4,7500,0.2,24000.0,1000,Wallet,Marketplace,,Delivered,3.0,1.0,
CUST00425,ORD000425,PRD0009,2348022060177, Customer 425 ,Female,36-45,Enugu,South East,Regular,2025-07-04,Beauty,Makeup Kit,3,25000,0.15,63750.0,1500,Card,Website,pending,DELIVERED,12.0,4.0,No
CUST00426,ORD000426,PRD0003,2348035077171,Customer 426,Male,60+,Ibadan,South West,Premium,2026-03-01,Groceries,Rice,2,120000,0.0,240000.0,2500,USSD,Mobile App,Completed,Delivered,10.0,5.0,
CUST00427,ORD000427,PRD0001,2348021183135,Customer 427,M,26-35,Benin City,South South,Premium,2024-01-25,Sports,Yoga Mat,3,10000,0.15,25500.0,2500,USSD,Marketplace,,,4.0,4.0,Yes
CUST00428,ORD000428,PRD0002,2348064312973,Customer 428,Male,26-35,Lagos,South West,Regular,2024-03-24,Home & Kitchen,Air Fryer,4,120000,0.1,432000.0,2500,USSD,mobile app,Cancelled,Delivered,8.0,2.0,Yes
CUST00429,ORD000429,PRD0017,2348033663376,Customer 429,Female,60+,Abuja,North Central,REGULAR,2025-02-23,Groceries,Cereal,5,10000,0.05,47500.0,3500,Bank Transfer,Website,Returned,,,,Yes
CUST00430,ORD000430,PRD0027,2348034456506,Customer 430,,,Benin City,South South,Business,2026-05-25,Groceries,Beverage Pack,4,75000,0.2,240000.0,0,USSD,Store,,Delayed,5.0,1.0,No
CUST00431,ORD000431,PRD0006,2348017094097,Customer 431,Male,46-60,Enugu,South East,Premium,2024-06-11,Electronics,Smartphone,5,15000,0.05,71250.0,2500,USSD,mobile app,Pending,DELIVERED,11.0,3.0,Yes
CUST00432,ORD000432,PRD0012,2348098756750,Customer 432,FEMALE,46-60,Kano,North West,Premium,2024-12-11,Beauty,Hair Dryer,4,5000,0.05,19000.0,0,Cash on Delivery,Store,,Returned,1.0,,
CUST00433,ORD000433,PRD0026,2348058295949,Customer 433,,36-45,Ibadan,South West,Premium,2024-09-15,Groceries,Cereal,5,5000,0.2,20000.0,2500,CARD,Mobile App,COMPLETED,Delivered,9.0,,No
CUST00434,ORD000434,PRD0021,2348057573401,Customer 434,,,Kano,North West,Regular,2025-04-22,Beauty,Hair Dryer,2,15000,0.05,28500.0,1000,Cash on Delivery,Mobile App,completed,Delivered,5.0,3.0,No
CUST00435,ORD000435,PRD0019,2348010905783,Customer 435,Female,36-45,Port Harcourt,South South,Regular,2025-05-12,Home & Kitchen,Blender,3,7500,0.1,20250.0,1500,Cash on Delivery,Mobile App,COMPLETED,In Transit,12.0,5.0,Yes
CUST00436,ORD000436,PRD0023,2348010363846,Customer 436,M,46-60,Port Harcourt,South South,Premium,2026-02-16,Groceries,Cooking Oil,2,10000,0.05,19000.0,0,USSD,Store,Cancelled,Delivered,14.0,4.0,No
CUST00437,ORD000437,PRD0024,2348049052317,Customer 437,Male,46-60,Benin City,South South,REGULAR,2025-08-21,Groceries,Cereal,1,15000,0.15,12750.0,1000,,mobile app,,delivered,9.0,4.0,No
CUST00438,ORD000438,PRD0014,2348081023334,Customer 438,Female,,Enugu,South East,Regular,2026-02-20,Home & Kitchen,Vacuum Cleaner,3,25000,0.15,63750.0,2500,CARD,website,cancelled,Delivered,9.0,1.0,yes
CUST00439,ORD000439,PRD0009,2348093198877,Customer 439,,60+,Port Harcourt,South South,Business,2026-05-28,Fashion,Shirt,1,5000,0.05,4750.0,2500,Cash on Delivery,Marketplace,Completed,,14.0,4.0,Yes
CUST00440,ORD000440,PRD0011,2348098652902,Customer 440,,60+,Port Harcourt,South South,Premium,2025-10-15,Beauty,Skincare Set,5,10000,0.05,47500.0,1000,USSD,Instagram,Pending,Delayed,,,
CUST00441,ORD000441,PRD0014,2348015727693,Customer 441,Female,60+,Ibadan,South West,,2024-11-06,Groceries,Beverage Pack,5,7500,0.1,33750.0,2500,bank transfer,Mobile App,Completed,In Transit,8.0,,No
CUST00442,ORD000442,PRD0010,2348084494617,Customer 442,male,18-25,Enugu,South East,Regular,2024-03-12,Electronics,Smart TV,5,3500,0.0,17500.0,1000,Bank Transfer,Marketplace,Completed,In Transit,2.0,4.0,Yes
CUST00443,ORD000443,PRD0029,2348080121713,Customer 443,,46-60,Ibadan,South West,Business,2024-10-22,Home & Kitchen,Vacuum Cleaner,3,120000,0.2,288000.0,1000,,Store,Cancelled,Delayed,,4.0,
CUST00444,ORD000444,PRD0027,2348030758189,Customer 444,Female,18-25,Lagos,South West,Regular,2025-10-01,Home & Kitchen,Vacuum Cleaner,2,3500,0.15,5950.0,3500,,Store,Completed,delivered,5.0,4.0,No
CUST00445,ORD000445,PRD0030,2348029797355,Customer 445,M,18-25,Enugu,South East,Premium,2026-04-26,Sports,Running Shoes,1,5000,0.2,4000.0,1500,bank transfer,Store,Completed,delivered,,5.0,yes
CUST00446,ORD000446,PRD0027,2348069030298,Customer 446,Male,46-60,Enugu,South East,Occasional,2025-11-22,Beauty,Makeup Kit,2,10000,0.15,17000.0,3500,Wallet,Mobile App,Completed,Returned,2.0,4.0,NO
CUST00447,ORD000447,PRD0010,2348097626197,Customer 447,Male,,Lagos,South West,Regular,2025-11-13,Groceries,Cereal,3,3500,0.2,8400.0,1500,USSD,Store,Cancelled,Delayed,3.0,4.0,
CUST00448,ORD000448,PRD0006,2348019307895,Customer 448,,36-45,Ibadan,South West,premium ,2025-08-19,Beauty,Makeup Kit,2,120000,0.15,204000.0,2500,USSD,Website,Completed,Delivered,13.0,5.0,No
CUST00449,ORD000449,PRD0003,2348022889559,Customer 449,Female,46-60,Enugu,South East,Premium,2024-04-14,Sports,Football,2,75000,0.1,135000.0,1000,Bank Transfer,Marketplace,cancelled,Returned,11.0,1.0,
CUST00450,ORD000450,PRD0002,2348081495269, Customer 450 ,Male,60+,Enugu,South East,Occasional,2025-11-11,Fashion,Jeans,4,10000,0.0,40000.0,3500,Cash on Delivery,Website,,In Transit,13.0,4.0,Yes
CUST00451,ORD000451,PRD0005,2348094222292,Customer 451,M,26-35,Enugu,South East,REGULAR,2025-05-22,Sports,Gym Bag,2,3500,0.0,7000.0,2500,Bank Transfer,Marketplace,,Delayed,12.0,4.0,Yes
CUST00452,ORD000452,PRD0006,2348029931153,Customer 452,Female,26-35,Abuja,North Central,Premium,2026-01-14,Sports,Yoga Mat,3,40000,0.2,96000.0,2500,Card,Store,pending,,8.0,,No
CUST00453,ORD000453,PRD0012,2348053477686,Customer 453,FEMALE,60+,Abuja,North Central,,2026-08-12,Fashion,Handbag,3,7500,0.1,20250.0,0,USSD,Marketplace,COMPLETED,Delivered,8.0,4.0,No
CUST00454,ORD000454,PRD0030,2348020926731,Customer 454,female,26-35,Enugu,South East,Occasional,2025-06-12,Home & Kitchen,Vacuum Cleaner,4,25000,0.05,95000.0,1000,bank transfer,,pending,Delayed,8.0,5.0,NO
CUST00455,ORD000455,PRD0011,2348078627575,Customer 455,Female,36-45,Kano,North West,Occasional,2024-03-29,Groceries,Rice,5,15000,0.1,67500.0,1000,CARD,Instagram,COMPLETED,Returned,14.0,5.0,Yes
CUST00456,ORD000456,PRD0024,2348062403552,Customer 456,Female,18-25,Abuja,North Central,Business,2024-08-17,Home & Kitchen,Vacuum Cleaner,2,120000,0.15,204000.0,1000,Bank Transfer,Marketplace,COMPLETED,Delayed,10.0,4.0,yes
CUST00457,ORD000457,PRD0009,2348061198290,Customer 457,Female,46-60,Kano,North West,Business,2025-01-01,Sports,Gym Bag,4,75000,0.1,270000.0,3500,USSD,Store,completed,delivered,13.0,5.0,yes
CUST00458,ORD000458,PRD0014,2348093929762,Customer 458,Male,,Kaduna,North West,Premium,2025-03-26,Groceries,Cooking Oil,4,5000,0.2,16000.0,0,Card,Website,Returned,Delivered,5.0,1.0,No
CUST00459,ORD000459,PRD0002,2348053468071,Customer 459,Female,26-35,Abuja,North Central,Regular,2024-12-15,Home & Kitchen,Vacuum Cleaner,1,75000,0.0,75000.0,1000,USSD,Instagram,completed,DELIVERED,1.0,,Yes
CUST00460,ORD000460,PRD0007,2348053712262,Customer 460,,36-45,Ibadan,South West,Premium,2024-03-17,Beauty,Skincare Set,5,7500,0.1,33750.0,1500,,Instagram,Completed,,8.0,5.0,Yes
CUST00461,ORD000461,PRD0029,2348018119098,Customer 461,Female,60+,Benin City,South South,Regular,2025-01-28,Fashion,Shirt,3,25000,0.05,71250.0,3500,Cash on Delivery,Marketplace,COMPLETED,Returned,14.0,4.0,No
CUST00462,ORD000462,PRD0020,2348086495740,Customer 462,,26-35,Ibadan,South West,Regular,2025-10-13,Groceries,Beverage Pack,3,3500,0.1,9450.0,3500,Card,Mobile App,COMPLETED,,7.0,4.0,
CUST00463,ORD000463,PRD0004,2348083797844,Customer 463,Female,60+,Ibadan,South West,,2024-01-06,Fashion,Handbag,4,25000,0.1,90000.0,1000,,Marketplace,Cancelled,Delivered,4.0,3.0,Yes
CUST00464,ORD000464,PRD0016,2348018929678,Customer 464,Female,36-45,Port Harcourt,South South,Premium,2025-05-15,Electronics,Wireless Earbuds,3,25000,0.15,63750.0,0,Wallet,Mobile App,cancelled,Delivered,14.0,5.0,
CUST00465,ORD000465,PRD0007,2348033826593,Customer 465,,18-25,Port Harcourt,South South,Regular,2026-06-20,Beauty,Hair Dryer,3,120000,0.15,306000.0,1000,Bank Transfer,Store,COMPLETED,,9.0,4.0,yes
CUST00466,ORD000466,PRD0026,2348010110149,Customer 466,MALE,60+,Ibadan,South West,Occasional,2026-06-14,Beauty,Perfume,4,40000,0.05,152000.0,0,USSD,,,delivered,6.0,5.0,Yes
CUST00467,ORD000467,PRD0010,2348027381935,Customer 467,M,18-25,Lagos,South West,,2024-06-30,Beauty,Perfume,5,25000,0.1,112500.0,3500,Cash on Delivery,Marketplace,completed,Returned,7.0,5.0,
CUST00468,ORD000468,PRD0005,2348077425631,Customer 468,Female,26-35,Ibadan,South West,Regular,2024-07-31,Beauty,Perfume,3,15000,0.0,45000.0,2500,Cash on Delivery,mobile app,,Delivered,1.0,5.0,No
CUST00469,ORD000469,PRD0008,2348016321628,Customer 469,Male,26-35,Kaduna,North West,Business,2024-11-24,Home & Kitchen,Air Fryer,3,3500,0.0,10500.0,1000,,Marketplace,completed,Delayed,6.0,5.0,No
CUST00470,ORD000470,PRD0026,2348059562011,Customer 470,Female,60+,Kaduna,North West,Premium,2024-04-29,Sports,Yoga Mat,1,25000,0.1,22500.0,2500,USSD,Mobile App,Pending,Returned,10.0,5.0,No
CUST00471,ORD000471,PRD0017,2348016934685,Customer 471,Male,18-25,Benin City,South South,Premium,2026-03-06,Beauty,Hair Dryer,5,75000,0.05,356250.0,1000,,Marketplace,Completed,,7.0,2.0,Yes
CUST00472,ORD000472,PRD0009,2348043699887,Customer 472,,18-25,Kaduna,North West,Occasional,2025-03-09,Home & Kitchen,Cookware Set,5,3500,0.2,14000.0,0,Card,,Returned,Delayed,8.0,5.0,Yes
CUST00473,ORD000473,PRD0022,2348099648368,Customer 473,,36-45,Kano,North West,Regular,2025-04-04,Electronics,Laptop,4,3500,0.05,13300.0,1000,USSD,Marketplace,Completed,,14.0,4.0,No
CUST00474,ORD000474,PRD0019,2348022746745,Customer 474,Male,26-35,Abuja,North Central,Occasional,2025-03-12,Groceries,Beverage Pack,5,120000,0.1,540000.0,0,Wallet,,completed,Delivered,6.0,5.0,No
CUST00475,ORD000475,PRD0025,2348053981850, Customer 475 ,M,36-45,Ibadan,South West,Premium,2026-05-11,Groceries,Cereal,1,75000,0.15,63750.0,3500,Wallet,Mobile App,completed,Delayed,5.0,5.0,yes
CUST00476,ORD000476,PRD0010,2348088597303,Customer 476, f ,60+,Ibadan,South West,Regular,2025-06-18,Fashion,Shirt,2,10000,0.05,19000.0,1500,,Instagram,Completed,In Transit,7.0,4.0,
CUST00477,ORD000477,PRD0028,2348087246241,Customer 477,F,60+,Benin City,South South,REGULAR,2025-01-06,Groceries,Cooking Oil,2,120000,0.2,192000.0,1000,bank transfer,Website,Cancelled,Delayed,,2.0,NO
CUST00478,ORD000478,PRD0020,2348099680611,Customer 478,FEMALE,60+,Kano,North West,Occasional,2024-03-19,Groceries,Beverage Pack,5,3500,0.0,17500.0,1500,Card,Store,Pending,In Transit,2.0,5.0,No
CUST00479,ORD000479,PRD0013,2348078832825,Customer 479,Female,,Benin City,South South,Occasional,2024-07-03,Groceries,Beverage Pack,3,25000,0.0,75000.0,2500,Card,Mobile App,completed,Delivered,1.0,2.0,NO
CUST00480,ORD000480,PRD0005,2348014472459,Customer 480,M,36-45,Ibadan,South West,REGULAR,2026-04-04,Beauty,Skincare Set,5,25000,0.2,100000.0,2500,Wallet,Store,cancelled,Delivered,1.0,2.0,No
CUST00481,ORD000481,PRD0028,2348042307581,Customer 481,Male,60+,Enugu,South East,Regular,2025-10-10,Groceries,Cereal,5,15000,0.15,63750.0,1000,CARD,Marketplace,COMPLETED,Delivered,10.0,4.0,NO
CUST00482,ORD000482,PRD0007,2348090683543,Customer 482,,46-60,Enugu,South East,premium ,2024-03-20,Groceries,Rice,3,40000,0.0,120000.0,1500,Card,Website,Returned,DELIVERED,12.0,3.0,Yes
CUST00483,ORD000483,PRD0004,2348043877823,Customer 483,Female,36-45,Kaduna,North West,Business,2025-03-12,Electronics,Wireless Earbuds,2,10000,0.1,18000.0,2500,Wallet,Website,Completed,In Transit,2.0,5.0,No
CUST00484,ORD000484,PRD0012,2348043340123,Customer 484,Female,18-25,Kano,North West,Occasional,2024-04-23,Groceries,Cooking Oil,1,75000,0.0,75000.0,3500,,Website,completed,Returned,1.0,4.0,Yes
CUST00485,ORD000485,PRD0027,2348010870884,Customer 485,Female,18-25,Lagos,South West,,2024-11-30,Beauty,Makeup Kit,2,10000,0.15,17000.0,2500,CARD,Website,Completed,delivered,2.0,3.0,No
CUST00486,ORD000486,PRD0002,2348074832383,Customer 486,MALE,36-45,Abuja,North Central,Business,2024-10-18,Fashion,Sneakers,2,10000,0.1,18000.0,3500,Bank Transfer,Instagram,Cancelled,Returned,3.0,5.0,
CUST00487,ORD000487,PRD0009,2348019652432,Customer 487,M,60+,Ibadan,South West,Regular,2024-11-10,Fashion,Sneakers,1,10000,0.05,9500.0,1000,Bank Transfer,Mobile App,Cancelled,delivered,7.0,,Yes
CUST00488,ORD000488,PRD0008,2348074197727,Customer 488,female,46-60,Kano,North West,Occasional,2024-10-29,Groceries,Beverage Pack,5,40000,0.0,200000.0,2500,Wallet,Marketplace,Cancelled,delivered,6.0,4.0,No
CUST00489,ORD000489,PRD0029,2348077520308,Customer 489,Female,60+,Lagos,South West,Regular,2024-09-06,Fashion,Handbag,4,5000,0.05,19000.0,0,Cash on Delivery,Instagram,completed,In Transit,4.0,5.0,
CUST00490,ORD000490,PRD0028,2348044013664,Customer 490,Male,36-45,Benin City,South South,Business,2025-05-25,Home & Kitchen,Air Fryer,5,75000,0.2,300000.0,0,Wallet,Store,Completed,Returned,3.0,5.0,
CUST00491,ORD000491,PRD0002,2348057804616,Customer 491,Male,18-25,Lagos,South West,,2025-08-27,Sports,Running Shoes,1,5000,0.1,4500.0,3500,Cash on Delivery,,Cancelled,Delayed,6.0,5.0,yes
CUST00492,ORD000492,PRD0030,2348089512718,Customer 492,female,26-35,Kaduna,North West,Occasional,2026-04-04,Electronics,Laptop,2,5000,0.05,9500.0,3500,Card,,Completed,,8.0,,Yes
CUST00493,ORD000493,PRD0015,2348010622469,Customer 493,,,Kano,North West,Occasional,2025-01-21,Beauty,Perfume,5,15000,0.05,71250.0,1500,Cash on Delivery,Mobile App,Completed,Delayed,1.0,,
CUST00494,ORD000494,PRD0028,2348050492246,Customer 494,Female,18-25,Abuja,North Central,Premium,2024-12-21,Beauty,Skincare Set,1,25000,0.0,25000.0,3500,bank transfer,Website,Completed,In Transit,14.0,2.0,yes
CUST00495,ORD000495,PRD0017,2348039263450,Customer 495,Female,60+,Kaduna,North West,Premium,2026-05-26,Sports,Football,3,10000,0.0,30000.0,2500,CARD,Website,Completed,In Transit,5.0,4.0,No
CUST00496,ORD000496,PRD0013,2348037205541,Customer 496,,46-60,Benin City,South South,Regular,2026-06-11,Groceries,Cooking Oil,3,7500,0.2,18000.0,2500,Wallet,,cancelled,Delayed,4.0,4.0,
CUST00497,ORD000497,PRD0002,2348040057172,Customer 497,Female,18-25,Enugu,South East,premium ,2026-03-29,Electronics,Smartphone,1,25000,0.05,23750.0,1000,Cash on Delivery,Store,Completed,Returned,9.0,4.0,Yes
CUST00498,ORD000498,PRD0018,2348066086036,Customer 498,MALE,26-35,Lagos,South West,Premium,2026-02-26,Fashion,Handbag,2,40000,0.2,64000.0,1000,CARD,mobile app,Completed,Returned,5.0,5.0,No
CUST00499,ORD000499,PRD0030,2348074454391,Customer 499, m ,36-45,Enugu,South East,premium ,2024-08-12,Fashion,Jeans,2,120000,0.2,192000.0,3500,bank transfer,Marketplace,Completed,Delivered,7.0,5.0,No
CUST00500,ORD000500,PRD0013,2348039420858, Customer 500 ,Male,36-45,Benin City,South South,Premium,2025-08-04,Sports,Running Shoes,2,7500,0.05,14250.0,2500,CARD,Instagram,Cancelled,,1.0,5.0,No
CUST00501,ORD000501,PRD0019,2348091629086,Customer 501,Male,46-60,Benin City,South South,Business,2025-11-30,Fashion,Handbag,4,40000,0.0,160000.0,1000,,Store,Returned,In Transit,11.0,5.0,No
CUST00502,ORD000502,PRD0025,2348091439576,Customer 502,F,60+,Enugu,South East,Regular,2024-07-23,Fashion,Jeans,2,75000,0.05,142500.0,1500,bank transfer,Marketplace,Completed,delivered,11.0,3.0,yes
CUST00503,ORD000503,PRD0023,2348038274734,Customer 503,Female,46-60,Port Harcourt,South South,Business,2025-11-28,Home & Kitchen,Blender,1,7500,0.15,6375.0,0,Cash on Delivery,mobile app,Completed,,12.0,3.0,Yes
CUST00504,ORD000504,PRD0011,2348085687950,Customer 504,,18-25,Abuja,North Central,,2024-07-26,Electronics,Wireless Earbuds,3,40000,0.2,96000.0,1000,USSD,mobile app,,Delivered,12.0,3.0,
CUST00505,ORD000505,PRD0021,2348098635501,Customer 505,,46-60,Kaduna,North West,Regular,2025-01-19,Electronics,Smart TV,3,15000,0.05,42750.0,1500,Cash on Delivery,Store,completed,,2.0,5.0,
CUST00506,ORD000506,PRD0003,2348065299688,Customer 506,,36-45,Lagos,South West,Occasional,2024-02-05,Fashion,Jeans,3,120000,0.0,360000.0,3500,Cash on Delivery,Mobile App,Pending,Delivered,9.0,,
CUST00507,ORD000507,PRD0020,2348031487476,Customer 507,Female,26-35,Ibadan,South West,Occasional,2025-05-30,Sports,Football,4,25000,0.05,95000.0,3500,bank transfer,Website,Completed,,,5.0,yes
CUST00508,ORD000508,PRD0019,2348065686638,Customer 508,,46-60,Ibadan,South West,Premium,2024-08-16,Beauty,Makeup Kit,1,3500,0.05,3325.0,1500,Card,Website,completed,Delivered,1.0,4.0,No
CUST00509,ORD000509,PRD0005,2348071014633,Customer 509,M,,Enugu,South East,REGULAR,2024-08-08,Fashion,Sneakers,4,10000,0.05,38000.0,2500,Cash on Delivery,Website,Cancelled,Delivered,1.0,4.0,NO
CUST00510,ORD000510,PRD0015,2348024813352,Customer 510,,60+,Benin City,South South,Regular,2024-11-06,Electronics,Smart TV,1,5000,0.2,4000.0,0,CARD,Website,cancelled,Delivered,,3.0,No
CUST00511,ORD000511,PRD0019,2348020108525,Customer 511,,36-45,Enugu,South East,Premium,2024-11-02,Home & Kitchen,Vacuum Cleaner,5,120000,0.2,480000.0,1500,Cash on Delivery,mobile app,,In Transit,,4.0,No
CUST00512,ORD000512,PRD0005,2348022242238,Customer 512,female,18-25,Abuja,North Central,Regular,2024-06-17,Sports,Gym Bag,1,15000,0.2,12000.0,2500,Card,Mobile App,Completed,Returned,9.0,5.0,No
CUST00513,ORD000513,PRD0003,2348014494736,Customer 513,F,60+,Enugu,South East,Occasional,2025-05-22,Fashion,Sneakers,3,15000,0.2,36000.0,0,,Mobile App,Returned,In Transit,13.0,,NO
CUST00514,ORD000514,PRD0012,2348038526965,Customer 514,,60+,Enugu,South East,,2024-01-07,Electronics,Wireless Earbuds,1,40000,0.2,32000.0,1500,Cash on Delivery,Store,pending,Delivered,13.0,4.0,No
CUST00515,ORD000515,PRD0011,2348019870846,Customer 515,Male,,Port Harcourt,South South,Premium,2025-12-05,Beauty,Makeup Kit,5,25000,0.1,112500.0,1000,Bank Transfer,Mobile App,pending,DELIVERED,13.0,1.0,NO
CUST00516,ORD000516,PRD0012,2348044729025,Customer 516,Male,36-45,Port Harcourt,South South,Occasional,2024-06-01,Sports,Yoga Mat,2,7500,0.2,12000.0,1000,bank transfer,,completed,Delivered,10.0,5.0,
CUST00517,ORD000517,PRD0025,2348034312824,Customer 517,Female,,Ibadan,South West,Premium,2024-06-20,Electronics,Smart TV,2,7500,0.05,14250.0,1500,,Store,Returned,delivered,7.0,3.0,
CUST00518,ORD000518,PRD0019,2348053600098,Customer 518,F,,Enugu,South East,Regular,2026-04-18,Fashion,Handbag,5,10000,0.2,40000.0,2500,,Mobile App,Completed,Delivered,11.0,5.0,
CUST00519,ORD000519,PRD0025,2348050403913,Customer 519,Male,26-35,Lagos,South West,premium ,2024-05-26,Electronics,Smart TV,2,15000,0.15,25500.0,2500,Bank Transfer,Store,pending,DELIVERED,12.0,5.0,No
CUST00520,ORD000520,PRD0030,2348063364135,Customer 520,Male,26-35,Ibadan,South West,Occasional,2024-10-15,Sports,Gym Bag,5,5000,0.05,23750.0,0,USSD,mobile app,Completed,Delivered,6.0,3.0,
CUST00521,ORD000521,PRD0019,2348066586675,Customer 521,Female,18-25,Ibadan,South West,,2026-08-15,Groceries,Rice,5,5000,0.1,22500.0,1500,,Mobile App,Completed,delivered,,3.0,Yes
CUST00522,ORD000522,PRD0002,2348035123497,Customer 522,Male,,Benin City,South South,Regular,2025-06-14,Groceries,Cooking Oil,3,10000,0.1,27000.0,1500,Card,Website,Completed,In Transit,5.0,4.0,No
CUST00523,ORD000523,PRD0024,2348017155761,Customer 523,F,60+,Lagos,South West,Regular,2025-04-19,Groceries,Beverage Pack,2,75000,0.0,150000.0,3500,Cash on Delivery,Mobile App,completed,DELIVERED,8.0,4.0,NO
CUST00524,ORD000524,PRD0011,2348049336474,Customer 524,Female,,Lagos,South West,Occasional,2025-07-22,Beauty,Skincare Set,4,120000,0.05,456000.0,1500,Wallet,Website,cancelled,In Transit,13.0,4.0,yes
CUST00525,ORD000525,PRD0021,2348022747672, Customer 525 ,FEMALE,18-25,Kaduna,North West,Business,2024-04-17,Electronics,Smartphone,3,3500,0.15,8925.0,2500,,website,Cancelled,Delivered,10.0,4.0,
CUST00526,ORD000526,PRD0024,2348011626570,Customer 526,Female,,Kano,North West,Premium,2026-08-21,Fashion,Jeans,2,5000,0.0,10000.0,3500,Cash on Delivery,Store,Cancelled,,,4.0,
CUST00527,ORD000527,PRD0025,2348020856035,Customer 527,M,36-45,Enugu,South East,Premium,2024-05-19,Sports,Gym Bag,2,3500,0.0,7000.0,3500,Cash on Delivery,Website,pending,delivered,2.0,3.0,NO
CUST00528,ORD000528,PRD0008,2348077097286,Customer 528,female,18-25,Enugu,South East,Premium,2026-06-27,Fashion,Shirt,5,10000,0.15,42500.0,1000,Cash on Delivery,Website,pending,Delivered,3.0,5.0,No
CUST00529,ORD000529,PRD0024,2348078373608,Customer 529,female,36-45,Port Harcourt,South South,Regular,2026-01-11,Electronics,Smart TV,3,40000,0.1,108000.0,1500,Wallet,Store,Completed,Delivered,7.0,1.0,No
CUST00530,ORD000530,PRD0030,2348037966885,Customer 530,M,60+,Lagos,South West,Premium,2024-06-14,Home & Kitchen,Air Fryer,4,3500,0.15,11900.0,0,Card,Mobile App,COMPLETED,DELIVERED,6.0,5.0,No
CUST00531,ORD000531,PRD0018,2348027731379,Customer 531,Male,,Enugu,South East,premium ,2025-03-09,Home & Kitchen,Vacuum Cleaner,4,120000,0.2,384000.0,0,USSD,Store,,Delayed,7.0,2.0,Yes
CUST00532,ORD000532,PRD0030,2348084410312,Customer 532,,36-45,Lagos,South West,premium ,2025-06-20,Home & Kitchen,Air Fryer,3,3500,0.05,9975.0,0,Bank Transfer,Website,completed,Returned,5.0,4.0,Yes
CUST00533,ORD000533,PRD0013,2348051968310,Customer 533,,,Enugu,South East,Regular,2024-09-24,Sports,Yoga Mat,1,7500,0.2,6000.0,3500,Cash on Delivery,Store,pending,Delivered,6.0,4.0,No
CUST00534,ORD000534,PRD0005,2348079853483,Customer 534,MALE,60+,Port Harcourt,South South,Regular,2025-10-07,Groceries,Cooking Oil,5,75000,0.15,318750.0,2500,Card,Instagram,Cancelled,Delayed,,,No
CUST00535,ORD000535,PRD0009,2348010285534,Customer 535,M,60+,Kaduna,North West,Premium,2024-09-15,Electronics,Smart TV,5,7500,0.1,33750.0,0,USSD,Mobile App,pending,Delivered,9.0,5.0,No
CUST00536,ORD000536,PRD0009,2348052512067,Customer 536,Female,26-35,Abuja,North Central,Occasional,2025-12-28,Beauty,Perfume,2,15000,0.0,30000.0,3500,Wallet,Website,Pending,delivered,3.0,2.0,No
CUST00537,ORD000537,PRD0030,2348094407486,Customer 537,Male,60+,Port Harcourt,South South,Regular,2025-03-08,Home & Kitchen,Cookware Set,2,5000,0.2,8000.0,1500,bank transfer,Store,Completed,Delivered,6.0,2.0,No
CUST00538,ORD000538,PRD0016,2348030166355,Customer 538,Female,46-60,Enugu,South East,Premium,2024-05-01,Home & Kitchen,Cookware Set,4,3500,0.05,13300.0,1000,Card,Website,Cancelled,Delivered,11.0,5.0,
CUST00539,ORD000539,PRD0017,2348051323628,Customer 539,F,26-35,Lagos,South West,Premium,2026-06-17,Sports,Yoga Mat,5,75000,0.05,356250.0,2500,Cash on Delivery,Marketplace,Completed,delivered,11.0,2.0,No
CUST00540,ORD000540,PRD0024,2348062782921,Customer 540,Female,60+,Kano,North West,REGULAR,2025-01-03,Fashion,Sneakers,1,5000,0.0,5000.0,2500,USSD,,pending,Delayed,9.0,2.0,No
CUST00541,ORD000541,PRD0013,2348022042010,Customer 541,Female,26-35,Enugu,South East,Occasional,2025-12-30,Electronics,Wireless Earbuds,5,5000,0.1,22500.0,0,Bank Transfer,,COMPLETED,Delivered,2.0,5.0,
CUST00542,ORD000542,PRD0016,2348027847451,Customer 542,female,36-45,Enugu,South East,,2024-08-26,Sports,Running Shoes,4,15000,0.1,54000.0,2500,Bank Transfer,Website,,Delivered,4.0,1.0,No
CUST00543,ORD000543,PRD0028,2348042061100,Customer 543,,36-45,Kano,North West,Premium,2025-03-09,Groceries,Beverage Pack,5,25000,0.05,118750.0,3500,bank transfer,website,Completed,delivered,3.0,5.0,Yes
CUST00544,ORD000544,PRD0005,2348056638238,Customer 544,female,60+,Kano,North West,Regular,2026-02-07,Beauty,Hair Dryer,2,3500,0.2,5600.0,1500,Bank Transfer,mobile app,COMPLETED,In Transit,4.0,4.0,No
CUST00545,ORD000545,PRD0012,2348033788123,Customer 545,M,36-45,Kaduna,North West,Occasional,2024-08-26,Beauty,Perfume,1,5000,0.05,4750.0,1000,Card,,COMPLETED,delivered,3.0,4.0,No
CUST00546,ORD000546,PRD0014,2348074021459,Customer 546,Female,60+,Enugu,South East,Business,2025-08-13,Beauty,Hair Dryer,5,120000,0.0,600000.0,3500,USSD,Instagram,,delivered,2.0,2.0,NO
CUST00547,ORD000547,PRD0018,2348097612690,Customer 547,Female,,Kaduna,North West,premium ,2025-10-26,Beauty,Perfume,2,75000,0.05,142500.0,3500,Wallet,Instagram,Pending,Delivered,5.0,5.0,No
CUST00548,ORD000548,PRD0012,2348099833768,Customer 548,,60+,Enugu,South East,Business,2024-05-24,Electronics,Smart TV,2,10000,0.1,18000.0,3500,bank transfer,Website,completed,Delayed,4.0,4.0,No
CUST00549,ORD000549,PRD0029,2348044091578,Customer 549,female,,Benin City,South South,Premium,2026-08-05,Sports,Football,3,120000,0.0,360000.0,1000,Wallet,Marketplace,Pending,Delivered,8.0,4.0,No
CUST00550,ORD000550,PRD0023,2348087541296, Customer 550 ,Male,46-60,Ibadan,South West,Premium,2025-10-29,Fashion,Handbag,2,120000,0.05,228000.0,2500,USSD,Website,cancelled,In Transit,10.0,5.0,yes
CUST00551,ORD000551,PRD0025,2348018962205,Customer 551,,18-25,Abuja,North Central,,2025-09-09,Beauty,Hair Dryer,1,5000,0.15,4250.0,1500,Wallet,Website,pending,,1.0,3.0,
CUST00552,ORD000552,PRD0025,2348012186687,Customer 552,M,60+,Port Harcourt,South South,Occasional,2024-10-06,Groceries,Cooking Oil,5,5000,0.1,22500.0,0,Bank Transfer,Website,cancelled,DELIVERED,1.0,4.0,Yes
CUST00553,ORD000553,PRD0023,2348022879718,Customer 553,FEMALE,36-45,Enugu,South East,Regular,2025-03-19,Fashion,Jeans,3,10000,0.0,30000.0,0,Cash on Delivery,Mobile App,Completed,,12.0,2.0,No
CUST00554,ORD000554,PRD0019,2348060567061,Customer 554,Male,26-35,Lagos,South West,premium ,2026-03-19,Electronics,Smartphone,1,120000,0.15,102000.0,1000,,Mobile App,Pending,,5.0,5.0,
CUST00555,ORD000555,PRD0013,2348010332050,Customer 555,MALE,,Enugu,South East,Occasional,2024-04-25,Beauty,Skincare Set,1,7500,0.0,7500.0,2500,Cash on Delivery,Store,cancelled,Delivered,6.0,,
CUST00556,ORD000556,PRD0028,2348065083176,Customer 556,F,,Enugu,South East,,2025-09-15,Beauty,Perfume,5,75000,0.2,300000.0,0,Card,Mobile App,completed,Delivered,7.0,5.0,No
CUST00557,ORD000557,PRD0023,2348010636550,Customer 557,Female,18-25,Abuja,North Central,Regular,2025-10-25,Fashion,Handbag,3,7500,0.2,18000.0,0,Card,mobile app,pending,Delivered,,4.0,Yes
CUST00558,ORD000558,PRD0003,2348036777223,Customer 558,Male,18-25,Ibadan,South West,Regular,2024-06-12,Home & Kitchen,Cookware Set,5,5000,0.0,25000.0,3500,Wallet,,pending,Delayed,13.0,4.0,No
CUST00559,ORD000559,PRD0028,2348043720340,Customer 559,F,36-45,Benin City,South South,Occasional,2024-11-25,Home & Kitchen,Air Fryer,5,40000,0.05,190000.0,2500,Bank Transfer,Website,COMPLETED,Returned,,4.0,
CUST00560,ORD000560,PRD0019,2348098886840,Customer 560,male,,Ibadan,South West,Premium,2025-04-13,Electronics,Smart TV,4,40000,0.15,136000.0,3500,Bank Transfer,Store,COMPLETED,Returned,14.0,3.0,Yes
CUST00561,ORD000561,PRD0027,2348078421042,Customer 561,Male,18-25,Enugu,South East,Business,2025-03-03,Sports,Football,4,7500,0.15,25500.0,3500,Cash on Delivery,Website,Completed,Delivered,11.0,3.0,No
CUST00562,ORD000562,PRD0026,2348017924558,Customer 562,Male,18-25,Abuja,North Central,Regular,2026-05-03,Fashion,Jeans,2,40000,0.0,80000.0,3500,Card,Website,Cancelled,delivered,11.0,5.0,NO
CUST00563,ORD000563,PRD0021,2348021671401,Customer 563,Female,36-45,Ibadan,South West,Regular,2024-01-05,Groceries,Cooking Oil,1,5000,0.15,4250.0,1500,Card,Store,Completed,In Transit,13.0,5.0,
CUST00564,ORD000564,PRD0013,2348082717910,Customer 564,,,Port Harcourt,South South,Premium,2024-05-11,Groceries,Beverage Pack,5,25000,0.2,100000.0,1500,USSD,Instagram,pending,delivered,3.0,,
CUST00565,ORD000565,PRD0025,2348087396158,Customer 565,,18-25,Ibadan,South West,Premium,2024-05-25,Home & Kitchen,Vacuum Cleaner,2,10000,0.0,20000.0,1000,Wallet,Marketplace,COMPLETED,DELIVERED,12.0,4.0,No
CUST00566,ORD000566,PRD0004,2348067947976,Customer 566,male,60+,Port Harcourt,South South,Regular,2026-04-29,Electronics,Wireless Earbuds,3,7500,0.0,22500.0,3500,Wallet,Mobile App,Returned,DELIVERED,1.0,5.0,Yes
CUST00567,ORD000567,PRD0012,2348030813778,Customer 567,female,,Port Harcourt,South South,Regular,2024-12-07,Electronics,Laptop,1,75000,0.05,71250.0,1500,Wallet,mobile app,cancelled,Delayed,2.0,,
CUST00568,ORD000568,PRD0011,2348088282414,Customer 568,F,46-60,Benin City,South South,Premium,2024-11-23,Sports,Yoga Mat,2,75000,0.05,142500.0,1500,Bank Transfer,Mobile App,COMPLETED,,5.0,4.0,No
CUST00569,ORD000569,PRD0024,2348074434049,Customer 569,male,60+,Lagos,South West,Business,2024-08-02,Fashion,Sneakers,3,25000,0.15,63750.0,1500,,Instagram,completed,Returned,11.0,,Yes
CUST00570,ORD000570,PRD0007,2348087117202,Customer 570, f ,18-25,Kaduna,North West,Business,2026-02-10,Fashion,Shirt,4,15000,0.15,51000.0,1000,Wallet,Mobile App,Completed,delivered,1.0,4.0,Yes
CUST00571,ORD000571,PRD0025,2348020265333,Customer 571, m ,,Kano,North West,Regular,2024-05-23,Groceries,Rice,5,15000,0.15,63750.0,0,USSD,Store,Completed,Delivered,14.0,5.0,Yes
CUST00572,ORD000572,PRD0018,2348031935946,Customer 572,female,26-35,Benin City,South South,Occasional,2025-11-19,Groceries,Rice,4,3500,0.1,12600.0,2500,Cash on Delivery,,Completed,Delayed,6.0,5.0,No
CUST00573,ORD000573,PRD0022,2348092036721,Customer 573,Female,18-25,Lagos,South West,Premium,2026-06-20,Electronics,Laptop,1,5000,0.2,4000.0,1500,Wallet,Mobile App,cancelled,delivered,8.0,,
CUST00574,ORD000574,PRD0017,2348054471585,Customer 574, f ,60+,Port Harcourt,South South,Premium,2024-10-14,Fashion,Sneakers,4,10000,0.0,40000.0,0,Card,Store,Returned,delivered,9.0,1.0,NO
CUST00575,ORD000575,PRD0026,2348087690235, Customer 575 ,Female,46-60,Kaduna,North West,Occasional,2024-01-04,Home & Kitchen,Blender,3,7500,0.15,19125.0,2500,bank transfer,,completed,Delivered,9.0,5.0,
CUST00576,ORD000576,PRD0028,2348092400159,Customer 576,Male,46-60,Benin City,South South,Regular,2026-01-02,Sports,Running Shoes,1,40000,0.1,36000.0,1500,Bank Transfer,Website,completed,Delivered,2.0,3.0,
CUST00577,ORD000577,PRD0027,2348084344997,Customer 577,male,,Ibadan,South West,,2025-07-21,Fashion,Jeans,3,40000,0.05,114000.0,3500,Bank Transfer,website,COMPLETED,delivered,6.0,5.0,Yes
CUST00578,ORD000578,PRD0015,2348059232716,Customer 578,female,18-25,Abuja,North Central,Premium,2026-07-25,Groceries,Cereal,2,120000,0.15,204000.0,1000,USSD,Website,,In Transit,,2.0,No
CUST00579,ORD000579,PRD0023,2348068486202,Customer 579,Male,18-25,Port Harcourt,South South,Premium,2025-10-19,Home & Kitchen,Cookware Set,1,40000,0.1,36000.0,1500,CARD,website,COMPLETED,Delivered,3.0,4.0,Yes
CUST00580,ORD000580,PRD0019,2348023315791,Customer 580,Male,26-35,Ibadan,South West,Regular,2024-08-08,Sports,Gym Bag,2,5000,0.05,9500.0,3500,Bank Transfer,mobile app,Completed,Returned,,4.0,Yes
CUST00581,ORD000581,PRD0026,2348045261476,Customer 581,FEMALE,18-25,Kano,North West,Regular,2026-05-03,Sports,Football,5,5000,0.05,23750.0,2500,USSD,Mobile App,Completed,In Transit,12.0,4.0,
CUST00582,ORD000582,PRD0018,2348035063748,Customer 582,Male,,Enugu,South East,Regular,2025-11-15,Home & Kitchen,Cookware Set,2,75000,0.05,142500.0,1500,,Website,Cancelled,,1.0,5.0,yes
CUST00583,ORD000583,PRD0019,2348090192252,Customer 583,,26-35,Lagos,South West,Premium,2024-06-13,Sports,Running Shoes,5,7500,0.0,37500.0,1000,Wallet,Instagram,Completed,,5.0,4.0,Yes
CUST00584,ORD000584,PRD0010,2348022996401,Customer 584,,,Port Harcourt,South South,Regular,2025-02-14,Beauty,Hair Dryer,2,10000,0.1,18000.0,2500,,mobile app,Completed,delivered,13.0,5.0,yes
CUST00585,ORD000585,PRD0016,2348066268573,Customer 585,Male,18-25,Port Harcourt,South South,Business,2024-11-13,Fashion,Jeans,5,3500,0.05,16625.0,1000,Card,Mobile App,cancelled,,5.0,3.0,NO
CUST00586,ORD000586,PRD0012,2348027001825,Customer 586,,26-35,Abuja,North Central,,2026-01-08,Fashion,Jeans,2,75000,0.15,127500.0,1000,Bank Transfer,Instagram,,Delayed,14.0,4.0,No
CUST00587,ORD000587,PRD0010,2348024429445,Customer 587,,,Abuja,North Central,Premium,2025-10-07,Home & Kitchen,Cookware Set,5,25000,0.2,100000.0,3500,Bank Transfer,mobile app,Completed,,6.0,4.0,Yes
CUST00588,ORD000588,PRD0002,2348048243950,Customer 588,,18-25,Lagos,South West,,2024-01-09,Home & Kitchen,Blender,2,15000,0.2,24000.0,1500,Wallet,Website,,Delivered,5.0,4.0,No
CUST00589,ORD000589,PRD0005,2348036443495,Customer 589,Male,36-45,Lagos,South West,premium ,2024-12-04,Fashion,Handbag,3,40000,0.0,120000.0,0,CARD,Website,Completed,Delivered,9.0,4.0,No
CUST00590,ORD000590,PRD0003,2348085919192,Customer 590,Female,26-35,Enugu,South East,REGULAR,2025-11-20,Electronics,Laptop,1,25000,0.15,21250.0,3500,Card,Marketplace,COMPLETED,Delivered,11.0,5.0,yes
CUST00591,ORD000591,PRD0023,2348013163240,Customer 591,Male,26-35,Abuja,North Central,Regular,2025-02-28,Electronics,Smartphone,4,120000,0.1,432000.0,3500,Wallet,Instagram,COMPLETED,delivered,8.0,4.0,Yes
CUST00592,ORD000592,PRD0018,2348093067517,Customer 592,Male,36-45,Lagos,South West,,2026-02-17,Electronics,Wireless Earbuds,3,120000,0.15,306000.0,2500,Wallet,Marketplace,Completed,Delayed,,5.0,No
CUST00593,ORD000593,PRD0001,2348049778658,Customer 593,Female,18-25,Ibadan,South West,Premium,2024-07-18,Groceries,Cooking Oil,5,25000,0.1,112500.0,1000,CARD,Marketplace,completed,Delivered,2.0,4.0,No
CUST00594,ORD000594,PRD0002,2348021637758,Customer 594,Male,18-25,Enugu,South East,,2024-01-28,Beauty,Makeup Kit,1,25000,0.15,21250.0,1500,Cash on Delivery,Website,Completed,Delivered,,2.0,No
CUST00595,ORD000595,PRD0002,2348085267469,Customer 595,Female,26-35,Ibadan,South West,,2026-08-10,Groceries,Cooking Oil,1,10000,0.15,8500.0,2500,bank transfer,mobile app,cancelled,In Transit,10.0,4.0,No
CUST00596,ORD000596,PRD0029,2348068953187,Customer 596, f ,18-25,Kaduna,North West,Regular,2024-06-08,Home & Kitchen,Blender,3,10000,0.15,25500.0,3500,Cash on Delivery,mobile app,COMPLETED,In Transit,1.0,4.0,Yes
CUST00597,ORD000597,PRD0012,2348069091803,Customer 597,Female,46-60,Lagos,South West,Business,2024-01-23,Home & Kitchen,Air Fryer,2,25000,0.1,45000.0,3500,Bank Transfer,Website,COMPLETED,Delivered,14.0,5.0,No
CUST00598,ORD000598,PRD0008,2348096008626,Customer 598,,36-45,Lagos,South West,Regular,2024-12-16,Home & Kitchen,Vacuum Cleaner,3,3500,0.15,8925.0,0,,Instagram,completed,In Transit,7.0,,
CUST00599,ORD000599,PRD0030,2348029604154,Customer 599,Male,18-25,Ibadan,South West,Premium,2024-12-10,Home & Kitchen,Cookware Set,1,120000,0.0,120000.0,1000,Bank Transfer,Store,,Delayed,8.0,4.0,Yes
CUST00600,ORD000600,PRD0007,2348039431860, Customer 600 ,M,,Port Harcourt,South South,REGULAR,2025-05-03,Sports,Yoga Mat,5,120000,0.0,600000.0,2500,Card,Mobile App,Cancelled,,7.0,5.0,No
CUST00601,ORD000601,PRD0029,2348064016443,Customer 601,Male,36-45,Lagos,South West,REGULAR,2026-02-17,Groceries,Rice,3,10000,0.0,30000.0,3500,USSD,Marketplace,Completed,Delayed,11.0,5.0,Yes
CUST00602,ORD000602,PRD0011,2348030750919,Customer 602,Female,26-35,Abuja,North Central,Regular,2026-07-21,Home & Kitchen,Blender,1,40000,0.05,38000.0,3500,bank transfer,Marketplace,Pending,Delivered,,4.0,yes
CUST00603,ORD000603,PRD0003,2348069620488,Customer 603,Female,36-45,Abuja,North Central,Regular,2026-07-11,Electronics,Smart TV,2,15000,0.2,24000.0,1500,Cash on Delivery,Website,Completed,Delayed,,4.0,Yes
CUST00604,ORD000604,PRD0019,2348052998941,Customer 604, f ,36-45,Kano,North West,Premium,2025-10-16,Electronics,Smartphone,1,15000,0.0,15000.0,2500,bank transfer,,Pending,In Transit,4.0,5.0,No
CUST00605,ORD000605,PRD0002,2348057138773,Customer 605,Male,26-35,Kaduna,North West,Regular,2025-05-22,Home & Kitchen,Blender,1,120000,0.2,96000.0,1500,bank transfer,Store,Completed,In Transit,1.0,3.0,No
CUST00606,ORD000606,PRD0011,2348086538912,Customer 606,Male,26-35,Enugu,South East,Regular,2025-11-21,Sports,Football,4,15000,0.1,54000.0,1000,Bank Transfer,Marketplace,pending,Delivered,10.0,3.0,No
CUST00607,ORD000607,PRD0005,2348044801651,Customer 607,,36-45,Kano,North West,Regular,2024-12-10,Sports,Running Shoes,4,40000,0.2,128000.0,2500,Bank Transfer,Website,COMPLETED,Delayed,2.0,3.0,NO
CUST00608,ORD000608,PRD0013,2348032374703,Customer 608, f ,,Enugu,South East,Regular,2025-12-31,Sports,Yoga Mat,4,15000,0.1,54000.0,3500,CARD,Instagram,,In Transit,14.0,4.0,No
CUST00609,ORD000609,PRD0006,2348093276674,Customer 609,Female,36-45,Port Harcourt,South South,Business,2025-01-04,Sports,Running Shoes,3,7500,0.1,20250.0,1500,Wallet,Website,Completed,Returned,14.0,4.0,NO
CUST00610,ORD000610,PRD0027,2348084423027,Customer 610,Female,18-25,Ibadan,South West,Premium,2026-02-19,Groceries,Rice,5,120000,0.05,570000.0,1500,Card,Mobile App,,In Transit,3.0,,NO
CUST00611,ORD000611,PRD0020,2348056650267,Customer 611,Female,26-35,Lagos,South West,Premium,2024-12-29,Electronics,Laptop,3,75000,0.1,202500.0,1000,USSD,Store,,Delivered,11.0,4.0,No
CUST00612,ORD000612,PRD0019,2348078884707,Customer 612,,,Benin City,South South,Business,2024-12-18,Beauty,Skincare Set,5,15000,0.0,75000.0,1500,Card,Marketplace,Pending,,2.0,4.0,
CUST00613,ORD000613,PRD0024,2348035522997,Customer 613, f ,18-25,Kano,North West,Regular,2024-07-20,Beauty,Hair Dryer,5,3500,0.05,16625.0,1500,Bank Transfer,Website,Completed,,6.0,,No
CUST00614,ORD000614,PRD0007,2348093028310,Customer 614,Male,46-60,Abuja,North Central,Premium,2026-04-21,Home & Kitchen,Cookware Set,4,3500,0.15,11900.0,0,Cash on Delivery,Instagram,Cancelled,delivered,10.0,4.0,Yes
CUST00615,ORD000615,PRD0003,2348094721384,Customer 615,Male,18-25,Benin City,South South,Premium,2024-09-21,Home & Kitchen,Cookware Set,1,120000,0.2,96000.0,1500,CARD,Instagram,Completed,In Transit,3.0,4.0,Yes
CUST00616,ORD000616,PRD0020,2348038134862,Customer 616,Female,46-60,Kaduna,North West,Occasional,2024-01-07,Home & Kitchen,Vacuum Cleaner,5,5000,0.05,23750.0,2500,Wallet,mobile app,COMPLETED,Returned,3.0,5.0,
CUST00617,ORD000617,PRD0025,2348085176355,Customer 617,F,26-35,Ibadan,South West,Premium,2024-12-22,Electronics,Smartphone,5,120000,0.15,510000.0,2500,Cash on Delivery,Instagram,Completed,delivered,6.0,5.0,
CUST00618,ORD000618,PRD0015,2348013863084,Customer 618,,,Benin City,South South,Occasional,2026-04-05,Sports,Football,2,5000,0.05,9500.0,2500,,Website,,,2.0,5.0,No
CUST00619,ORD000619,PRD0019,2348057181520,Customer 619,female,36-45,Enugu,South East,Premium,2025-06-26,Groceries,Cooking Oil,2,75000,0.2,120000.0,2500,Card,Store,,Delivered,11.0,4.0,No
CUST00620,ORD000620,PRD0030,2348036033844,Customer 620,,18-25,Port Harcourt,South South,Regular,2026-08-31,Electronics,Smartphone,3,75000,0.15,191250.0,3500,USSD,Website,,Delivered,4.0,4.0,
CUST00621,ORD000621,PRD0006,2348031260712,Customer 621,Male,26-35,Lagos,South West,premium ,2025-09-23,Fashion,Shirt,5,5000,0.1,22500.0,1500,Card,Mobile App,completed,,,4.0,
CUST00622,ORD000622,PRD0004,2348018382706,Customer 622,Female,36-45,Port Harcourt,South South,Business,2024-01-01,Beauty,Hair Dryer,5,7500,0.2,30000.0,0,Bank Transfer,Mobile App,COMPLETED,In Transit,7.0,4.0,
CUST00623,ORD000623,PRD0027,2348038922430,Customer 623,,46-60,Abuja,North Central,Premium,2025-08-25,Sports,Yoga Mat,4,5000,0.05,19000.0,1000,USSD,Mobile App,,Delivered,4.0,2.0,No
CUST00624,ORD000624,PRD0008,2348087569462,Customer 624,Male,,Enugu,South East,Regular,2026-07-18,Home & Kitchen,Blender,5,5000,0.15,21250.0,3500,Cash on Delivery,Store,completed,Delayed,11.0,2.0,NO
CUST00625,ORD000625,PRD0005,2348074819962, Customer 625 ,Female,,Ibadan,South West,Occasional,2025-11-23,Electronics,Smart TV,4,75000,0.0,300000.0,3500,USSD,Website,Cancelled,Returned,4.0,5.0,NO
CUST00626,ORD000626,PRD0015,2348057380286,Customer 626,MALE,26-35,Benin City,South South,REGULAR,2025-07-11,Groceries,Rice,3,15000,0.1,40500.0,1000,Cash on Delivery,Mobile App,Completed,Delayed,9.0,5.0,NO
CUST00627,ORD000627,PRD0003,2348095538570,Customer 627,MALE,18-25,Enugu,South East,REGULAR,2025-12-07,Fashion,Handbag,1,25000,0.2,20000.0,0,Cash on Delivery,Website,Pending,DELIVERED,5.0,3.0,
CUST00628,ORD000628,PRD0018,2348091277272,Customer 628,,26-35,Abuja,North Central,Regular,2025-08-01,Beauty,Makeup Kit,4,7500,0.15,25500.0,1500,Cash on Delivery,Marketplace,pending,Delivered,8.0,5.0,No
CUST00629,ORD000629,PRD0028,2348089737592,Customer 629,Female,26-35,Port Harcourt,South South,Occasional,2025-05-24,Sports,Yoga Mat,3,25000,0.15,63750.0,2500,USSD,Website,pending,Delayed,11.0,5.0,
CUST00630,ORD000630,PRD0005,2348067897369,Customer 630,Male,26-35,Benin City,South South,Regular,2024-03-03,Electronics,Wireless Earbuds,5,40000,0.0,200000.0,2500,USSD,Mobile App,Pending,Delivered,2.0,5.0,No
CUST00631,ORD000631,PRD0013,2348026048741,Customer 631,Male,36-45,Kaduna,North West,Premium,2025-03-01,Electronics,Smartphone,2,75000,0.15,127500.0,2500,Cash on Delivery,Store,completed,Returned,12.0,5.0,yes
CUST00632,ORD000632,PRD0001,2348042854094,Customer 632,F,,Ibadan,South West,Regular,2026-07-25,Groceries,Beverage Pack,4,25000,0.15,85000.0,3500,Cash on Delivery,Marketplace,completed,Delivered,11.0,4.0,NO
CUST00633,ORD000633,PRD0023,2348040728331,Customer 633,MALE,26-35,Lagos,South West,Business,2025-12-13,Fashion,Shirt,4,40000,0.2,128000.0,1500,USSD,Website,,In Transit,10.0,5.0,No
CUST00634,ORD000634,PRD0006,2348070396561,Customer 634,Male,36-45,Kaduna,North West,Premium,2025-05-24,Fashion,Shirt,2,75000,0.15,127500.0,1000,Cash on Delivery,Mobile App,pending,,9.0,5.0,Yes
CUST00635,ORD000635,PRD0018,2348073198597,Customer 635,Male,46-60,Ibadan,South West,,2026-07-26,Beauty,Perfume,2,120000,0.2,192000.0,0,Bank Transfer,Website,,In Transit,4.0,5.0,NO
CUST00636,ORD000636,PRD0007,2348090461735,Customer 636,Male,,Lagos,South West,Premium,2025-10-04,Sports,Football,4,75000,0.1,270000.0,1000,Card,Mobile App,cancelled,delivered,7.0,4.0,Yes
CUST00637,ORD000637,PRD0029,2348027218381,Customer 637,Male,46-60,Kaduna,North West,Occasional,2025-02-25,Home & Kitchen,Vacuum Cleaner,5,120000,0.0,600000.0,3500,Bank Transfer,Store,,Delayed,10.0,4.0,No
CUST00638,ORD000638,PRD0016,2348029800588,Customer 638,Female,36-45,Port Harcourt,South South,,2026-04-18,Groceries,Beverage Pack,2,10000,0.15,17000.0,2500,Cash on Delivery,mobile app,,,3.0,5.0,Yes
CUST00639,ORD000639,PRD0024,2348093959515,Customer 639,Male,,Abuja,North Central,Premium,2026-04-27,Groceries,Cooking Oil,1,3500,0.0,3500.0,2500,Cash on Delivery,,Returned,Delivered,11.0,4.0,
CUST00640,ORD000640,PRD0023,2348083604658,Customer 640,male,,Kano,North West,Premium,2026-05-30,Groceries,Cooking Oil,1,25000,0.15,21250.0,1500,Cash on Delivery,website,completed,Delivered,4.0,4.0,No
CUST00641,ORD000641,PRD0030,2348042561452,Customer 641,,60+,Abuja,North Central,Regular,2025-11-10,Home & Kitchen,Air Fryer,3,25000,0.0,75000.0,1000,Bank Transfer,Mobile App,cancelled,Returned,2.0,4.0,
CUST00642,ORD000642,PRD0011,2348021818546,Customer 642,Male,46-60,Kano,North West,REGULAR,2025-01-11,Beauty,Makeup Kit,3,10000,0.1,27000.0,0,Wallet,Marketplace,completed,DELIVERED,1.0,5.0,No
CUST00643,ORD000643,PRD0017,2348064667571,Customer 643,Male,60+,Lagos,South West,Regular,2026-01-30,Beauty,Perfume,5,5000,0.15,21250.0,3500,Wallet,Store,Completed,,13.0,5.0,Yes
CUST00644,ORD000644,PRD0020,2348051181765,Customer 644,M,60+,Abuja,North Central,,2025-11-30,Fashion,Sneakers,1,120000,0.1,108000.0,0,Wallet,Mobile App,Returned,Delivered,3.0,4.0,NO
CUST00645,ORD000645,PRD0009,2348019138477,Customer 645,Male,18-25,Ibadan,South West,Occasional,2024-05-10,Beauty,Makeup Kit,5,5000,0.05,23750.0,0,Wallet,Mobile App,Cancelled,Delivered,9.0,5.0,NO
CUST00646,ORD000646,PRD0028,2348072133554,Customer 646,Male,46-60,Kaduna,North West,Regular,2024-07-16,Fashion,Sneakers,4,7500,0.15,25500.0,2500,Cash on Delivery,Website,Completed,Delivered,13.0,4.0,
CUST00647,ORD000647,PRD0027,2348033171284,Customer 647,male,60+,Lagos,South West,Business,2025-10-31,Beauty,Makeup Kit,2,75000,0.2,120000.0,0,Card,Marketplace,Completed,Delivered,6.0,4.0,Yes
CUST00648,ORD000648,PRD0012,2348032515284,Customer 648,,36-45,Kano,North West,Occasional,2026-05-17,Sports,Football,3,25000,0.1,67500.0,2500,CARD,Mobile App,Completed,Delivered,14.0,4.0,
CUST00649,ORD000649,PRD0019,2348040270444,Customer 649,female,36-45,Abuja,North Central,Business,2026-05-27,Home & Kitchen,Blender,2,15000,0.05,28500.0,2500,Cash on Delivery,,,Returned,13.0,4.0,
CUST00650,ORD000650,PRD0018,2348088854301, Customer 650 ,male,60+,Kaduna,North West,Occasional,2026-07-09,Electronics,Wireless Earbuds,5,7500,0.05,35625.0,1500,Card,Marketplace,cancelled,Delayed,4.0,1.0,Yes
CUST00651,ORD000651,PRD0021,2348043356410,Customer 651,Male,36-45,Benin City,South South,Regular,2024-09-26,Home & Kitchen,Vacuum Cleaner,2,7500,0.15,12750.0,2500,Cash on Delivery,Website,,delivered,14.0,5.0,No
CUST00652,ORD000652,PRD0003,2348060541047,Customer 652,,36-45,Kano,North West,Regular,2025-11-17,Beauty,Skincare Set,1,15000,0.1,13500.0,1500,CARD,Mobile App,,Delivered,1.0,1.0,No
CUST00653,ORD000653,PRD0022,2348022232425,Customer 653,Female,26-35,Abuja,North Central,Regular,2025-10-26,Beauty,Hair Dryer,1,7500,0.05,7125.0,1000,Cash on Delivery,Marketplace,Cancelled,Delayed,8.0,,No
CUST00654,ORD000654,PRD0015,2348041560390,Customer 654,,36-45,Enugu,South East,Premium,2025-02-09,Groceries,Beverage Pack,2,75000,0.15,127500.0,1000,Wallet,Instagram,cancelled,,8.0,4.0,
CUST00655,ORD000655,PRD0012,2348046466024,Customer 655,F,26-35,Kaduna,North West,,2026-05-11,Electronics,Smart TV,4,25000,0.0,100000.0,2500,USSD,Website,completed,,13.0,4.0,No
CUST00656,ORD000656,PRD0001,2348084255809,Customer 656,,60+,Ibadan,South West,Regular,2024-05-23,Groceries,Rice,5,75000,0.2,300000.0,1000,,Mobile App,pending,Returned,11.0,5.0,No
CUST00657,ORD000657,PRD0003,2348028216189,Customer 657, m ,36-45,Lagos,South West,Regular,2024-05-09,Fashion,Jeans,1,7500,0.2,6000.0,3500,USSD,Instagram,,,14.0,4.0,Yes
CUST00658,ORD000658,PRD0030,2348043339732,Customer 658,Female,46-60,Port Harcourt,South South,,2026-06-12,Groceries,Cereal,2,15000,0.05,28500.0,0,Card,Website,Completed,,12.0,1.0,yes
CUST00659,ORD000659,PRD0019,2348036540295,Customer 659, f ,,Kaduna,North West,Regular,2024-02-25,Fashion,Handbag,3,15000,0.0,45000.0,0,Card,mobile app,,In Transit,5.0,3.0,No
CUST00660,ORD000660,PRD0014,2348066457401,Customer 660,Female,,Benin City,South South,Business,2024-10-15,Fashion,Handbag,4,3500,0.0,14000.0,3500,Card,Marketplace,completed,,,3.0,
CUST00661,ORD000661,PRD0018,2348093225814,Customer 661,Female,46-60,Kaduna,North West,Regular,2025-10-28,Groceries,Cereal,5,5000,0.05,23750.0,0,Bank Transfer,website,cancelled,delivered,13.0,4.0,No
CUST00662,ORD000662,PRD0020,2348086027089,Customer 662, f ,18-25,Enugu,South East,premium ,2025-09-14,Groceries,Beverage Pack,4,75000,0.1,270000.0,2500,Card,Store,completed,In Transit,10.0,5.0,
CUST00663,ORD000663,PRD0016,2348032644206,Customer 663,Female,,Lagos,South West,REGULAR,2025-11-03,Beauty,Makeup Kit,3,7500,0.2,18000.0,1000,Cash on Delivery,Marketplace,completed,In Transit,,3.0,NO
CUST00664,ORD000664,PRD0016,2348064496355,Customer 664,Female,36-45,Lagos,South West,Regular,2025-04-21,Fashion,Handbag,4,120000,0.1,432000.0,1000,Cash on Delivery,Store,Completed,,4.0,4.0,No
CUST00665,ORD000665,PRD0002,2348081692402,Customer 665,male,60+,Kano,North West,Premium,2025-05-12,Fashion,Handbag,3,15000,0.0,45000.0,0,Card,website,Cancelled,,4.0,4.0,Yes
CUST00666,ORD000666,PRD0026,2348029644553,Customer 666,,,Enugu,South East,premium ,2024-07-13,Fashion,Sneakers,2,120000,0.1,216000.0,0,Cash on Delivery,Mobile App,Pending,In Transit,6.0,4.0,Yes
CUST00667,ORD000667,PRD0001,2348052261164,Customer 667,MALE,60+,Kaduna,North West,Premium,2025-07-29,Fashion,Handbag,5,7500,0.0,37500.0,3500,USSD,Store,Completed,,13.0,4.0,No
CUST00668,ORD000668,PRD0027,2348097918444,Customer 668,M,60+,Kaduna,North West,Regular,2026-06-16,Groceries,Cooking Oil,2,25000,0.0,50000.0,1000,Cash on Delivery,Website,Completed,delivered,1.0,4.0,NO
CUST00669,ORD000669,PRD0006,2348057363197,Customer 669,Female,36-45,Port Harcourt,South South,Regular,2024-03-15,Beauty,Hair Dryer,4,120000,0.1,432000.0,3500,Bank Transfer,,Completed,In Transit,6.0,5.0,
CUST00670,ORD000670,PRD0003,2348066291899,Customer 670,,26-35,Kano,North West,REGULAR,2025-09-26,Electronics,Smartphone,3,15000,0.15,38250.0,2500,CARD,website,Completed,Returned,9.0,,NO
CUST00671,ORD000671,PRD0009,2348072476190,Customer 671,Female,60+,Kaduna,North West,Regular,2024-04-02,Fashion,Jeans,4,10000,0.1,36000.0,2500,USSD,website,Cancelled,DELIVERED,8.0,1.0,Yes
CUST00672,ORD000672,PRD0002,2348070394567,Customer 672,Male,36-45,Benin City,South South,Regular,2025-04-15,Sports,Football,3,120000,0.2,288000.0,1000,Cash on Delivery,Website,Completed,Delivered,2.0,,NO
CUST00673,ORD000673,PRD0015,2348071815085,Customer 673,,46-60,Kano,North West,Occasional,2024-02-26,Sports,Football,1,5000,0.15,4250.0,2500,Wallet,Marketplace,Cancelled,,8.0,5.0,No
CUST00674,ORD000674,PRD0015,2348081470508,Customer 674,Female,26-35,Enugu,South East,Occasional,2025-05-17,Sports,Yoga Mat,5,3500,0.15,14875.0,0,Card,Website,Completed,In Transit,10.0,5.0,No
CUST00675,ORD000675,PRD0023,2348017643688, Customer 675 ,,26-35,Ibadan,South West,Premium,2026-05-16,Electronics,Smartphone,1,75000,0.0,75000.0,0,USSD,Instagram,,Delivered,13.0,5.0,Yes
CUST00676,ORD000676,PRD0010,2348029686116,Customer 676,Male,36-45,Abuja,North Central,Premium,2025-05-10,Sports,Yoga Mat,1,120000,0.15,102000.0,2500,Cash on Delivery,Website,Completed,Delivered,,2.0,Yes
CUST00677,ORD000677,PRD0026,2348064319079,Customer 677,Female,60+,Abuja,North Central,REGULAR,2026-01-25,Fashion,Handbag,5,120000,0.0,600000.0,2500,Wallet,,,Delayed,6.0,4.0,No
CUST00678,ORD000678,PRD0004,2348098555694,Customer 678,Male,18-25,Lagos,South West,Regular,2024-12-18,Electronics,Laptop,3,10000,0.05,28500.0,3500,Bank Transfer,Website,Cancelled,Returned,3.0,2.0,NO
CUST00679,ORD000679,PRD0014,2348060588648,Customer 679,Female,18-25,Benin City,South South,Premium,2025-12-23,Groceries,Beverage Pack,3,15000,0.05,42750.0,3500,Bank Transfer,website,Cancelled,In Transit,9.0,3.0,
CUST00680,ORD000680,PRD0026,2348056597928,Customer 680, m ,26-35,Enugu,South East,Regular,2025-08-12,Electronics,Smartphone,2,7500,0.2,12000.0,2500,bank transfer,Mobile App,Completed,Delivered,2.0,3.0,
CUST00681,ORD000681,PRD0007,2348020592716,Customer 681,male,18-25,Port Harcourt,South South,premium ,2024-05-21,Electronics,Laptop,4,10000,0.1,36000.0,0,CARD,mobile app,Cancelled,Delivered,8.0,4.0,No
CUST00682,ORD000682,PRD0021,2348033075462,Customer 682,F,60+,Port Harcourt,South South,REGULAR,2026-01-23,Sports,Gym Bag,1,15000,0.05,14250.0,0,,Store,COMPLETED,Delivered,9.0,5.0,No
CUST00683,ORD000683,PRD0009,2348086814788,Customer 683,F,60+,Benin City,South South,Occasional,2024-09-18,Beauty,Makeup Kit,1,120000,0.2,96000.0,3500,USSD,Store,Pending,,1.0,4.0,
CUST00684,ORD000684,PRD0028,2348086534507,Customer 684,Male,46-60,Port Harcourt,South South,Regular,2025-06-09,Sports,Football,5,3500,0.0,17500.0,1500,Card,Marketplace,Returned,Delivered,13.0,3.0,NO
CUST00685,ORD000685,PRD0015,2348097556980,Customer 685,M,,Lagos,South West,Business,2025-07-28,Beauty,Hair Dryer,2,10000,0.05,19000.0,0,CARD,Instagram,Returned,Returned,13.0,5.0,yes
CUST00686,ORD000686,PRD0011,2348014469561,Customer 686,,26-35,Kaduna,North West,Regular,2024-07-01,Fashion,Jeans,5,15000,0.05,71250.0,1000,USSD,Store,completed,DELIVERED,5.0,5.0,
CUST00687,ORD000687,PRD0007,2348021717130,Customer 687,,,Enugu,South East,Occasional,2026-01-13,Electronics,Smartphone,5,3500,0.2,14000.0,0,Wallet,Marketplace,Cancelled,Returned,11.0,5.0,No
CUST00688,ORD000688,PRD0025,2348036847181,Customer 688, m ,36-45,Port Harcourt,South South,Regular,2025-12-27,Groceries,Cooking Oil,4,3500,0.2,11200.0,0,USSD,,Completed,delivered,12.0,5.0,Yes
CUST00689,ORD000689,PRD0020,2348042037573,Customer 689,,36-45,Abuja,North Central,Business,2024-05-11,Electronics,Smartphone,3,25000,0.1,67500.0,2500,Cash on Delivery,,Cancelled,Returned,13.0,5.0,No
CUST00690,ORD000690,PRD0004,2348019230761,Customer 690,F,18-25,Abuja,North Central,Business,2024-05-15,Sports,Yoga Mat,1,15000,0.2,12000.0,1500,Bank Transfer,,Pending,Delayed,3.0,1.0,
CUST00691,ORD000691,PRD0030,2348024035943,Customer 691,M,26-35,Kano,North West,Regular,2025-08-14,Beauty,Hair Dryer,3,10000,0.05,28500.0,3500,Cash on Delivery,Marketplace,pending,Returned,5.0,4.0,Yes
CUST00692,ORD000692,PRD0030,2348044560069,Customer 692, m ,60+,Lagos,South West,REGULAR,2024-08-31,Beauty,Perfume,2,120000,0.15,204000.0,1000,Cash on Delivery,Mobile App,,Delivered,2.0,1.0,yes
CUST00693,ORD000693,PRD0002,2348085641703,Customer 693,,60+,Lagos,South West,Regular,2025-11-24,Fashion,Shirt,2,75000,0.15,127500.0,1000,Card,Mobile App,Completed,Returned,5.0,5.0,Yes
CUST00694,ORD000694,PRD0006,2348039878790,Customer 694,,36-45,Abuja,North Central,Regular,2026-06-02,Electronics,Smart TV,2,75000,0.1,135000.0,1500,Card,Website,Cancelled,DELIVERED,8.0,5.0,NO
CUST00695,ORD000695,PRD0024,2348035361565,Customer 695, m ,46-60,Lagos,South West,,2025-11-17,Electronics,Smart TV,1,15000,0.0,15000.0,1500,Card,Instagram,,delivered,1.0,4.0,
CUST00696,ORD000696,PRD0028,2348030243078,Customer 696,Female,36-45,Benin City,South South,Premium,2025-01-11,Beauty,Hair Dryer,1,120000,0.05,114000.0,1500,CARD,Store,Completed,In Transit,,4.0,
CUST00697,ORD000697,PRD0002,2348017010210,Customer 697,,46-60,Ibadan,South West,Regular,2024-01-18,Home & Kitchen,Vacuum Cleaner,3,15000,0.05,42750.0,2500,USSD,,Completed,Delivered,13.0,4.0,
CUST00698,ORD000698,PRD0024,2348060706006,Customer 698,,36-45,Kano,North West,Premium,2026-07-07,Electronics,Smart TV,4,25000,0.05,95000.0,0,Bank Transfer,Marketplace,Completed,In Transit,8.0,4.0,No
CUST00699,ORD000699,PRD0012,2348093438551,Customer 699,Male,46-60,Lagos,South West,Premium,2025-05-07,Sports,Yoga Mat,2,75000,0.0,150000.0,0,bank transfer,Mobile App,Completed,In Transit,4.0,,No
CUST00700,ORD000700,PRD0018,2348029268267, Customer 700 ,female,,Benin City,South South,Business,2024-06-09,Home & Kitchen,Air Fryer,5,120000,0.2,480000.0,3500,Bank Transfer,Website,pending,DELIVERED,,4.0,No
CUST00701,ORD000701,PRD0004,2348058872354,Customer 701,Female,26-35,Kaduna,North West,Premium,2024-06-30,Fashion,Handbag,1,75000,0.05,71250.0,2500,Cash on Delivery,Mobile App,Completed,Delayed,11.0,3.0,
CUST00702,ORD000702,PRD0005,2348062224629,Customer 702,Female,60+,Enugu,South East,Business,2024-03-07,Home & Kitchen,Vacuum Cleaner,5,15000,0.2,60000.0,0,Card,Marketplace,pending,,1.0,5.0,No
CUST00703,ORD000703,PRD0024,2348060945244,Customer 703,M,18-25,Kano,North West,Premium,2024-12-21,Groceries,Cereal,3,120000,0.15,306000.0,0,Bank Transfer,mobile app,Returned,delivered,2.0,1.0,
CUST00704,ORD000704,PRD0015,2348031534767,Customer 704,Female,36-45,Kano,North West,,2026-06-13,Sports,Gym Bag,4,120000,0.15,408000.0,0,Card,Instagram,,Delayed,7.0,2.0,
CUST00705,ORD000705,PRD0016,2348061009201,Customer 705,F,36-45,Kaduna,North West,Premium,2026-03-01,Beauty,Skincare Set,2,15000,0.1,27000.0,3500,Card,Website,Completed,Returned,1.0,3.0,No
CUST00706,ORD000706,PRD0025,2348017182311,Customer 706,Male,46-60,Abuja,North Central,Regular,2024-01-28,Electronics,Laptop,3,75000,0.05,213750.0,1500,USSD,Store,completed,In Transit,3.0,5.0,
CUST00707,ORD000707,PRD0027,2348079323086,Customer 707,F,46-60,Benin City,South South,Occasional,2026-09-01,Home & Kitchen,Cookware Set,4,120000,0.15,408000.0,0,bank transfer,website,Completed,In Transit,14.0,4.0,Yes
CUST00708,ORD000708,PRD0016,2348090813341,Customer 708,Male,,Kano,North West,,2024-02-05,Fashion,Handbag,4,40000,0.05,152000.0,0,Bank Transfer,Marketplace,,,7.0,1.0,No
CUST00709,ORD000709,PRD0012,2348010256809,Customer 709,,36-45,Port Harcourt,South South,Regular,2025-10-07,Beauty,Perfume,4,7500,0.2,24000.0,0,Cash on Delivery,Marketplace,,In Transit,2.0,5.0,Yes
CUST00710,ORD000710,PRD0011,2348050242087,Customer 710,Female,46-60,Ibadan,South West,Regular,2025-11-23,Groceries,Rice,2,75000,0.2,120000.0,0,Bank Transfer,Store,Returned,In Transit,14.0,,NO
CUST00711,ORD000711,PRD0002,2348018060473,Customer 711,,46-60,Lagos,South West,Premium,2025-04-09,Groceries,Cooking Oil,3,3500,0.0,10500.0,1000,,Store,Completed,Delivered,7.0,3.0,
CUST00712,ORD000712,PRD0011,2348011602633,Customer 712,Male,,Enugu,South East,Premium,2025-10-11,Fashion,Handbag,5,75000,0.1,337500.0,3500,Card,Website,Pending,In Transit,4.0,4.0,
CUST00713,ORD000713,PRD0008,2348040353556,Customer 713,F,46-60,Ibadan,South West,Premium,2026-03-09,Sports,Gym Bag,3,5000,0.05,14250.0,1000,Card,Store,cancelled,Delivered,4.0,4.0,Yes
CUST00714,ORD000714,PRD0012,2348099980577,Customer 714,Male,,Ibadan,South West,Regular,2025-11-12,Sports,Yoga Mat,3,120000,0.0,360000.0,1000,Bank Transfer,Instagram,Cancelled,DELIVERED,1.0,5.0,No
CUST00715,ORD000715,PRD0023,2348024928942,Customer 715,Female,46-60,Kano,North West,Premium,2025-09-11,Electronics,Laptop,1,25000,0.2,20000.0,0,CARD,Website,Completed,DELIVERED,1.0,1.0,No
CUST00716,ORD000716,PRD0004,2348064062622,Customer 716,Male,26-35,Enugu,South East,Regular,2024-01-23,Beauty,Skincare Set,5,75000,0.2,300000.0,0,Cash on Delivery,Mobile App,,delivered,12.0,3.0,Yes
CUST00717,ORD000717,PRD0007,2348099775626,Customer 717,,18-25,Enugu,South East,Business,2025-11-21,Beauty,Hair Dryer,4,7500,0.15,25500.0,2500,Bank Transfer,mobile app,Pending,,,1.0,No
CUST00718,ORD000718,PRD0016,2348026023487,Customer 718,female,,Enugu,South East,Regular,2025-09-12,Groceries,Rice,2,120000,0.0,240000.0,1500,USSD,Store,Completed,DELIVERED,10.0,5.0,No
CUST00719,ORD000719,PRD0028,2348033134524,Customer 719,Female,60+,Abuja,North Central,,2025-01-01,Beauty,Makeup Kit,3,40000,0.0,120000.0,3500,Wallet,Instagram,cancelled,Delivered,1.0,5.0,NO
CUST00720,ORD000720,PRD0007,2348046934185,Customer 720,Male,26-35,Lagos,South West,Regular,2025-07-04,Sports,Yoga Mat,4,5000,0.05,19000.0,0,Card,Instagram,completed,Returned,1.0,4.0,yes
CUST00721,ORD000721,PRD0012,2348041956157,Customer 721,,36-45,Abuja,North Central,Premium,2024-09-17,Beauty,Hair Dryer,4,7500,0.15,25500.0,0,bank transfer,Mobile App,Completed,delivered,5.0,5.0,yes
CUST00722,ORD000722,PRD0017,2348027620781,Customer 722,,26-35,Lagos,South West,Occasional,2025-06-09,Home & Kitchen,Vacuum Cleaner,4,25000,0.05,95000.0,0,Bank Transfer,Instagram,,Delayed,4.0,5.0,No
CUST00723,ORD000723,PRD0025,2348033825581,Customer 723,,18-25,Port Harcourt,South South,Premium,2025-11-18,Electronics,Smartphone,4,75000,0.0,300000.0,1000,Bank Transfer,Store,Completed,Delivered,12.0,4.0,No
CUST00724,ORD000724,PRD0020,2348053268074,Customer 724,,46-60,Port Harcourt,South South,,2025-05-03,Electronics,Wireless Earbuds,1,15000,0.05,14250.0,2500,Cash on Delivery,Store,,Delivered,4.0,4.0,No
CUST00725,ORD000725,PRD0009,2348087945721, Customer 725 ,Female,26-35,Lagos,South West,premium ,2024-11-26,Fashion,Handbag,1,75000,0.2,60000.0,0,Cash on Delivery,Store,Cancelled,,13.0,2.0,
CUST00726,ORD000726,PRD0006,2348093504467,Customer 726,Male,,Kano,North West,Occasional,2025-07-11,Sports,Running Shoes,1,5000,0.0,5000.0,0,,Store,COMPLETED,Delayed,3.0,3.0,No
CUST00727,ORD000727,PRD0012,2348041458075,Customer 727,Female,60+,Port Harcourt,South South,Regular,2024-08-20,Sports,Football,2,75000,0.0,150000.0,2500,Card,,Pending,Delivered,7.0,2.0,yes
CUST00728,ORD000728,PRD0007,2348021935121,Customer 728,M,26-35,Abuja,North Central,premium ,2025-12-04,Groceries,Cereal,4,25000,0.05,95000.0,0,Cash on Delivery,,Pending,DELIVERED,1.0,5.0,Yes
CUST00729,ORD000729,PRD0028,2348067654407,Customer 729,Male,60+,Enugu,South East,Premium,2024-01-19,Home & Kitchen,Vacuum Cleaner,5,120000,0.0,600000.0,1000,Wallet,Store,,In Transit,8.0,5.0,
CUST00730,ORD000730,PRD0006,2348016944123,Customer 730,Female,18-25,Enugu,South East,Regular,2025-03-19,Sports,Running Shoes,5,40000,0.0,200000.0,2500,Bank Transfer,Marketplace,Pending,delivered,14.0,5.0,No
CUST00731,ORD000731,PRD0023,2348014106829,Customer 731,Female,46-60,Kano,North West,REGULAR,2025-09-09,Home & Kitchen,Blender,3,15000,0.1,40500.0,1500,Card,Instagram,cancelled,Delayed,11.0,3.0,Yes
CUST00732,ORD000732,PRD0004,2348075722089,Customer 732,M,26-35,Benin City,South South,Business,2026-04-24,Sports,Yoga Mat,1,7500,0.15,6375.0,2500,bank transfer,Mobile App,Completed,Delivered,8.0,,No
CUST00733,ORD000733,PRD0005,2348092849822,Customer 733,Female,26-35,Ibadan,South West,Premium,2024-11-27,Groceries,Rice,2,10000,0.15,17000.0,3500,USSD,Website,Cancelled,Delivered,11.0,5.0,No
CUST00734,ORD000734,PRD0013,2348013014884,Customer 734,F,,Kano,North West,Premium,2025-05-02,Electronics,Smart TV,5,5000,0.05,23750.0,0,Wallet,Website,,Delayed,1.0,5.0,
CUST00735,ORD000735,PRD0024,2348017762452,Customer 735,Male,36-45,Kaduna,North West,REGULAR,2026-01-07,Sports,Running Shoes,4,7500,0.05,28500.0,3500,Bank Transfer,Marketplace,Completed,Returned,14.0,1.0,No
CUST00736,ORD000736,PRD0011,2348077849636,Customer 736,M,18-25,Enugu,South East,Business,2026-02-04,Groceries,Beverage Pack,4,5000,0.1,18000.0,1500,Card,website,,In Transit,1.0,5.0,
CUST00737,ORD000737,PRD0015,2348098380589,Customer 737,MALE,,Port Harcourt,South South,Premium,2025-09-01,Beauty,Hair Dryer,1,120000,0.15,102000.0,2500,bank transfer,Website,pending,delivered,2.0,3.0,Yes
CUST00738,ORD000738,PRD0029,2348097901449,Customer 738,Male,36-45,Port Harcourt,South South,Occasional,2026-03-20,Groceries,Rice,3,40000,0.05,114000.0,2500,Cash on Delivery,Marketplace,pending,Delayed,13.0,4.0,
CUST00739,ORD000739,PRD0025,2348081745018,Customer 739,,36-45,Benin City,South South,,2025-04-04,Sports,Gym Bag,2,40000,0.0,80000.0,3500,CARD,Marketplace,Pending,Delivered,10.0,4.0,No
CUST00740,ORD000740,PRD0028,2348012927657,Customer 740,FEMALE,18-25,Abuja,North Central,REGULAR,2024-10-19,Groceries,Beverage Pack,2,10000,0.2,16000.0,3500,Bank Transfer,Marketplace,cancelled,DELIVERED,9.0,5.0,No
CUST00741,ORD000741,PRD0011,2348074239281,Customer 741,,60+,Port Harcourt,South South,Regular,2024-11-23,Fashion,Sneakers,1,10000,0.1,9000.0,2500,Wallet,Website,Pending,Delivered,1.0,4.0,No
CUST00742,ORD000742,PRD0024,2348034061661,Customer 742,Male,36-45,Ibadan,South West,Occasional,2025-07-01,Beauty,Hair Dryer,1,40000,0.1,36000.0,0,Bank Transfer,Website,Cancelled,Returned,7.0,,
CUST00743,ORD000743,PRD0022,2348095134737,Customer 743,Male,18-25,Enugu,South East,Regular,2026-08-17,Sports,Football,2,7500,0.05,14250.0,0,Bank Transfer,Store,,Delivered,9.0,5.0,Yes
CUST00744,ORD000744,PRD0018,2348065669286,Customer 744,Male,60+,Lagos,South West,Regular,2024-03-24,Fashion,Sneakers,4,120000,0.1,432000.0,1000,Card,Mobile App,Cancelled,Delayed,12.0,4.0,Yes
CUST00745,ORD000745,PRD0001,2348019891625,Customer 745,,36-45,Kano,North West,Occasional,2026-07-27,Beauty,Skincare Set,1,25000,0.2,20000.0,0,Bank Transfer,Marketplace,Cancelled,,4.0,4.0,No
CUST00746,ORD000746,PRD0006,2348085368893,Customer 746,,,Kano,North West,Premium,2025-11-02,Electronics,Wireless Earbuds,3,10000,0.1,27000.0,2500,Cash on Delivery,Instagram,Pending,,6.0,5.0,NO
CUST00747,ORD000747,PRD0013,2348078944631,Customer 747,F,36-45,Kano,North West,Regular,2024-10-07,Fashion,Jeans,1,75000,0.0,75000.0,1500,Cash on Delivery,Marketplace,COMPLETED,Delayed,4.0,4.0,No
CUST00748,ORD000748,PRD0016,2348091056002,Customer 748,,60+,Lagos,South West,Premium,2025-11-25,Groceries,Cereal,5,5000,0.2,20000.0,1500,Cash on Delivery,Mobile App,completed,In Transit,1.0,4.0,Yes
CUST00749,ORD000749,PRD0019,2348035227337,Customer 749,FEMALE,36-45,Ibadan,South West,Premium,2025-01-15,Groceries,Beverage Pack,1,10000,0.15,8500.0,3500,CARD,Instagram,,delivered,8.0,,No
CUST00750,ORD000750,PRD0022,2348091378105, Customer 750 ,Female,26-35,Ibadan,South West,,2024-09-18,Home & Kitchen,Blender,2,75000,0.15,127500.0,3500,bank transfer,website,Completed,In Transit,,3.0,No
CUST00751,ORD000751,PRD0003,2348093826516,Customer 751,M,18-25,Enugu,South East,Occasional,2026-03-15,Groceries,Cereal,3,120000,0.1,324000.0,0,Cash on Delivery,Instagram,Completed,Delayed,10.0,4.0,No
CUST00752,ORD000752,PRD0011,2348084844269,Customer 752,male,18-25,Port Harcourt,South South,Premium,2025-01-07,Beauty,Perfume,2,5000,0.05,9500.0,3500,Cash on Delivery,,,delivered,,5.0,
CUST00753,ORD000753,PRD0019,2348038106740,Customer 753,Female,36-45,Kaduna,North West,Regular,2026-06-07,Fashion,Shirt,4,40000,0.15,136000.0,1500,Bank Transfer,Store,completed,,7.0,2.0,
CUST00754,ORD000754,PRD0016,2348099782815,Customer 754,Female,36-45,Enugu,South East,Business,2024-12-31,Fashion,Shirt,1,75000,0.05,71250.0,0,Cash on Delivery,Marketplace,Pending,,9.0,3.0,No
CUST00755,ORD000755,PRD0016,2348074393034,Customer 755,,,Port Harcourt,South South,Occasional,2026-01-09,Home & Kitchen,Vacuum Cleaner,4,25000,0.1,90000.0,1500,bank transfer,website,Pending,DELIVERED,1.0,,NO
CUST00756,ORD000756,PRD0020,2348056298688,Customer 756,M,18-25,Benin City,South South,Business,2026-08-16,Fashion,Handbag,2,5000,0.05,9500.0,3500,bank transfer,Marketplace,,Returned,,4.0,No
CUST00757,ORD000757,PRD0015,2348013167570,Customer 757,Male,18-25,Enugu,South East,Regular,2026-08-16,Sports,Football,4,10000,0.2,32000.0,1000,Card,Marketplace,Completed,In Transit,11.0,4.0,Yes
CUST00758,ORD000758,PRD0005,2348057784466,Customer 758,,36-45,Lagos,South West,Regular,2024-07-02,Beauty,Makeup Kit,5,25000,0.05,118750.0,0,USSD,Mobile App,COMPLETED,Returned,11.0,3.0,No
CUST00759,ORD000759,PRD0010,2348079015783,Customer 759,Female,36-45,Ibadan,South West,Occasional,2024-11-13,Home & Kitchen,Vacuum Cleaner,4,5000,0.05,19000.0,1500,CARD,Website,Cancelled,Delayed,10.0,,Yes
CUST00760,ORD000760,PRD0018,2348072805424,Customer 760,,46-60,Kaduna,North West,Premium,2025-01-25,Home & Kitchen,Air Fryer,5,10000,0.15,42500.0,0,Bank Transfer,Website,,DELIVERED,,2.0,No
CUST00761,ORD000761,PRD0026,2348055413893,Customer 761,,46-60,Port Harcourt,South South,Occasional,2026-05-10,Electronics,Smartphone,4,120000,0.15,408000.0,0,Bank Transfer,Store,cancelled,In Transit,2.0,5.0,NO
CUST00762,ORD000762,PRD0010,2348046997519,Customer 762,Male,60+,Ibadan,South West,Regular,2025-01-22,Sports,Gym Bag,1,120000,0.15,102000.0,1000,Wallet,Store,Cancelled,In Transit,10.0,,No
CUST00763,ORD000763,PRD0028,2348026133193,Customer 763,Female,36-45,Enugu,South East,Occasional,2026-06-16,Home & Kitchen,Cookware Set,2,5000,0.2,8000.0,1500,Bank Transfer,Mobile App,COMPLETED,,10.0,4.0,Yes
CUST00764,ORD000764,PRD0008,2348074838588,Customer 764,Female,26-35,Enugu,South East,Premium,2025-10-05,Groceries,Beverage Pack,3,5000,0.0,15000.0,3500,Wallet,Mobile App,completed,Delayed,13.0,,No
CUST00765,ORD000765,PRD0016,2348087577115,Customer 765,Male,18-25,Enugu,South East,premium ,2025-08-22,Fashion,Jeans,1,120000,0.15,102000.0,0,USSD,Website,Pending,In Transit,6.0,4.0,Yes
CUST00766,ORD000766,PRD0023,2348039558417,Customer 766,Male,18-25,Kaduna,North West,Premium,2024-12-26,Sports,Yoga Mat,4,25000,0.05,95000.0,1000,Cash on Delivery,website,COMPLETED,,2.0,3.0,Yes
CUST00767,ORD000767,PRD0015,2348065368910,Customer 767,female,26-35,Lagos,South West,Occasional,2026-07-11,Electronics,Wireless Earbuds,1,7500,0.15,6375.0,0,Cash on Delivery,website,cancelled,Delivered,9.0,2.0,No
CUST00768,ORD000768,PRD0023,2348052484665,Customer 768,Female,46-60,Kano,North West,Occasional,2025-10-04,Home & Kitchen,Cookware Set,2,15000,0.15,25500.0,0,Cash on Delivery,Marketplace,cancelled,,2.0,4.0,No
CUST00769,ORD000769,PRD0015,2348072945163,Customer 769,male,,Abuja,North Central,,2025-08-31,Fashion,Sneakers,2,40000,0.1,72000.0,1000,CARD,Instagram,Completed,DELIVERED,12.0,,
CUST00770,ORD000770,PRD0011,2348019465756,Customer 770,Female,,Kano,North West,,2025-08-19,Fashion,Shirt,5,15000,0.1,67500.0,1500,Card,Marketplace,Returned,Delivered,8.0,5.0,
CUST00771,ORD000771,PRD0030,2348029418552,Customer 771,Male,36-45,Enugu,South East,Regular,2026-04-07,Home & Kitchen,Cookware Set,3,25000,0.1,67500.0,1000,Wallet,,completed,,11.0,,Yes
CUST00772,ORD000772,PRD0018,2348015175558,Customer 772,,26-35,Lagos,South West,Premium,2026-08-29,Fashion,Jeans,4,7500,0.05,28500.0,2500,Card,Marketplace,completed,,13.0,3.0,Yes
CUST00773,ORD000773,PRD0012,2348057325997,Customer 773,Male,36-45,Benin City,South South,Regular,2025-03-25,Groceries,Rice,1,5000,0.15,4250.0,1000,Cash on Delivery,Website,pending,Delivered,13.0,1.0,No
CUST00774,ORD000774,PRD0006,2348065929284,Customer 774,Female,36-45,Enugu,South East,Premium,2024-08-22,Groceries,Rice,5,10000,0.15,42500.0,3500,Card,Store,COMPLETED,Returned,7.0,5.0,No
CUST00775,ORD000775,PRD0003,2348014406479, Customer 775 , m ,,Enugu,South East,Occasional,2025-12-26,Fashion,Jeans,5,10000,0.2,40000.0,0,,Mobile App,Returned,In Transit,13.0,3.0,No
CUST00776,ORD000776,PRD0017,2348031760725,Customer 776,female,60+,Enugu,South East,Regular,2024-05-20,Beauty,Hair Dryer,2,75000,0.1,135000.0,0,Card,Marketplace,Completed,Delayed,7.0,4.0,No
CUST00777,ORD000777,PRD0003,2348092984926,Customer 777, m ,46-60,Lagos,South West,Premium,2024-10-06,Fashion,Sneakers,5,5000,0.0,25000.0,2500,Bank Transfer,website,cancelled,Delivered,9.0,2.0,
CUST00778,ORD000778,PRD0024,2348044386084,Customer 778,Female,26-35,Ibadan,South West,,2025-12-21,Home & Kitchen,Cookware Set,5,40000,0.2,160000.0,3500,Cash on Delivery,Mobile App,COMPLETED,Delivered,4.0,5.0,No
CUST00779,ORD000779,PRD0026,2348086782305,Customer 779,,26-35,Port Harcourt,South South,REGULAR,2025-07-09,Beauty,Hair Dryer,4,120000,0.15,408000.0,0,Card,Store,cancelled,Delayed,5.0,4.0,NO
CUST00780,ORD000780,PRD0030,2348035053760,Customer 780,,18-25,Port Harcourt,South South,Premium,2026-04-06,Sports,Running Shoes,1,75000,0.1,67500.0,1500,USSD,Mobile App,completed,In Transit,4.0,5.0,Yes
CUST00781,ORD000781,PRD0017,2348051843053,Customer 781,Female,36-45,Benin City,South South,Regular,2025-12-01,Electronics,Wireless Earbuds,2,7500,0.0,15000.0,3500,USSD,mobile app,,delivered,1.0,4.0,Yes
CUST00782,ORD000782,PRD0010,2348025673909,Customer 782,female,36-45,Port Harcourt,South South,Occasional,2025-02-17,Fashion,Sneakers,4,120000,0.15,408000.0,1000,Bank Transfer,Website,Cancelled,In Transit,14.0,,
CUST00783,ORD000783,PRD0014,2348015024125,Customer 783,,,Benin City,South South,premium ,2026-03-18,Fashion,Shirt,5,25000,0.1,112500.0,0,Cash on Delivery,Marketplace,Completed,In Transit,10.0,4.0,No
CUST00784,ORD000784,PRD0003,2348077169303,Customer 784,,46-60,Ibadan,South West,REGULAR,2024-09-09,Fashion,Jeans,3,40000,0.1,108000.0,1500,Wallet,Store,cancelled,Delivered,12.0,1.0,Yes
CUST00785,ORD000785,PRD0009,2348041542859,Customer 785,M,36-45,Enugu,South East,Regular,2024-10-11,Home & Kitchen,Air Fryer,1,75000,0.15,63750.0,1000,Bank Transfer,Store,completed,Delayed,4.0,,
CUST00786,ORD000786,PRD0018,2348093392242,Customer 786,female,60+,Ibadan,South West,Occasional,2025-07-18,Home & Kitchen,Cookware Set,3,75000,0.1,202500.0,2500,USSD,Mobile App,COMPLETED,,4.0,5.0,Yes
CUST00787,ORD000787,PRD0003,2348071922005,Customer 787,F,26-35,Benin City,South South,Occasional,2024-10-01,Sports,Running Shoes,3,10000,0.1,27000.0,1500,USSD,Store,completed,DELIVERED,5.0,4.0,
CUST00788,ORD000788,PRD0010,2348055158763,Customer 788,,36-45,Ibadan,South West,Business,2026-04-20,Electronics,Laptop,5,3500,0.05,16625.0,0,USSD,Website,Completed,Delivered,14.0,3.0,yes
CUST00789,ORD000789,PRD0007,2348068194140,Customer 789,Male,,Lagos,South West,Regular,2024-09-21,Electronics,Wireless Earbuds,5,3500,0.1,15750.0,1000,bank transfer,Instagram,Pending,Returned,6.0,5.0,Yes
CUST00790,ORD000790,PRD0025,2348098890372,Customer 790,,60+,Kaduna,North West,REGULAR,2026-05-02,Sports,Gym Bag,2,15000,0.2,24000.0,0,Card,Store,cancelled,Delivered,5.0,1.0,No
CUST00791,ORD000791,PRD0008,2348092777187,Customer 791,male,,Kano,North West,,2024-08-30,Beauty,Hair Dryer,5,75000,0.0,375000.0,1000,Card,Marketplace,Cancelled,,2.0,4.0,Yes
CUST00792,ORD000792,PRD0009,2348042566971,Customer 792,Female,60+,Benin City,South South,Regular,2025-11-08,Beauty,Perfume,5,40000,0.1,180000.0,1500,Card,Mobile App,COMPLETED,Delivered,1.0,4.0,
CUST00793,ORD000793,PRD0017,2348095687508,Customer 793, m ,18-25,Benin City,South South,Occasional,2026-06-15,Electronics,Smartphone,5,25000,0.05,118750.0,2500,Bank Transfer,Marketplace,pending,Delayed,6.0,4.0,No
CUST00794,ORD000794,PRD0003,2348044548244,Customer 794,Female,18-25,Abuja,North Central,Premium,2024-03-31,Sports,Gym Bag,5,25000,0.05,118750.0,3500,Wallet,Store,Returned,Delivered,7.0,5.0,Yes
CUST00795,ORD000795,PRD0006,2348060305196,Customer 795,Male,60+,Kaduna,North West,Occasional,2026-01-13,Home & Kitchen,Air Fryer,5,15000,0.2,60000.0,1000,USSD,Mobile App,Completed,delivered,3.0,3.0,NO
CUST00796,ORD000796,PRD0006,2348097003200,Customer 796,F,60+,Kano,North West,Premium,2026-06-07,Beauty,Skincare Set,2,5000,0.15,8500.0,3500,USSD,website,Completed,,7.0,5.0,NO
CUST00797,ORD000797,PRD0028,2348043970127,Customer 797,,46-60,Benin City,South South,Premium,2025-03-30,Home & Kitchen,Blender,3,15000,0.15,38250.0,0,USSD,Website,Cancelled,In Transit,,3.0,No
CUST00798,ORD000798,PRD0008,2348071253560,Customer 798,Male,18-25,Abuja,North Central,Premium,2025-08-17,Beauty,Skincare Set,4,7500,0.1,27000.0,0,Bank Transfer,Store,Returned,delivered,6.0,5.0,Yes
CUST00799,ORD000799,PRD0014,2348084946883,Customer 799,Male,26-35,Kano,North West,premium ,2024-08-11,Groceries,Beverage Pack,2,40000,0.2,64000.0,1000,Card,Website,Cancelled,delivered,6.0,4.0,No
CUST00800,ORD000800,PRD0026,2348091727800, Customer 800 ,F,46-60,Enugu,South East,Regular,2026-05-03,Groceries,Cereal,3,5000,0.1,13500.0,1000,Wallet,Mobile App,,Delivered,13.0,1.0,yes
CUST00801,ORD000801,PRD0006,2348016770814,Customer 801,Male,,Benin City,South South,Business,2025-05-04,Electronics,Wireless Earbuds,1,120000,0.1,108000.0,2500,Card,Marketplace,completed,delivered,11.0,2.0,No
CUST00802,ORD000802,PRD0028,2348099292701,Customer 802,F,18-25,Kano,North West,Premium,2026-05-25,Beauty,Perfume,2,10000,0.05,19000.0,2500,bank transfer,Mobile App,pending,Delayed,14.0,5.0,No
CUST00803,ORD000803,PRD0010,2348089365648,Customer 803,Female,36-45,Kano,North West,Business,2025-02-18,Fashion,Shirt,3,75000,0.2,180000.0,3500,CARD,Store,Returned,delivered,13.0,1.0,
CUST00804,ORD000804,PRD0009,2348011696144,Customer 804,,36-45,Lagos,South West,Premium,2026-06-29,Electronics,Wireless Earbuds,2,40000,0.0,80000.0,1500,CARD,Instagram,Completed,In Transit,3.0,3.0,NO
CUST00805,ORD000805,PRD0017,2348078923754,Customer 805, m ,36-45,Lagos,South West,Business,2025-09-18,Electronics,Wireless Earbuds,2,5000,0.0,10000.0,1000,Wallet,Mobile App,,Delayed,2.0,4.0,NO
CUST00806,ORD000806,PRD0005,2348097417872,Customer 806,,36-45,Lagos,South West,Regular,2025-06-06,Beauty,Hair Dryer,1,15000,0.0,15000.0,2500,Bank Transfer,Website,,In Transit,7.0,4.0,
CUST00807,ORD000807,PRD0022,2348033508166,Customer 807,male,36-45,Port Harcourt,South South,Premium,2024-04-14,Fashion,Shirt,2,40000,0.0,80000.0,3500,,Website,,,13.0,4.0,No
CUST00808,ORD000808,PRD0004,2348092922999,Customer 808,F,,Abuja,North Central,,2024-12-02,Electronics,Smartphone,3,40000,0.05,114000.0,0,Cash on Delivery,Instagram,,In Transit,8.0,4.0,
CUST00809,ORD000809,PRD0025,2348050974650,Customer 809,Female,60+,Enugu,South East,,2025-09-09,Fashion,Sneakers,1,120000,0.2,96000.0,2500,Bank Transfer,Website,Completed,Returned,10.0,5.0,
CUST00810,ORD000810,PRD0012,2348029681214,Customer 810,male,26-35,Lagos,South West,Regular,2025-05-01,Electronics,Smartphone,3,3500,0.05,9975.0,1500,bank transfer,website,Completed,delivered,8.0,4.0,NO
CUST00811,ORD000811,PRD0003,2348043587164,Customer 811,Male,18-25,Lagos,South West,Occasional,2025-05-03,Groceries,Rice,5,7500,0.15,31875.0,0,USSD,,,Returned,14.0,,
CUST00812,ORD000812,PRD0012,2348055763117,Customer 812,,,Enugu,South East,Occasional,2024-03-16,Electronics,Wireless Earbuds,5,3500,0.05,16625.0,2500,Card,,pending,Delayed,3.0,5.0,
CUST00813,ORD000813,PRD0024,2348089699123,Customer 813,Male,60+,Kano,North West,Occasional,2024-08-24,Electronics,Smartphone,1,120000,0.1,108000.0,1500,Cash on Delivery,Mobile App,,In Transit,6.0,5.0,No
CUST00814,ORD000814,PRD0024,2348056794766,Customer 814,Female,,Benin City,South South,Business,2025-02-22,Fashion,Jeans,4,75000,0.1,270000.0,0,bank transfer,Website,,DELIVERED,11.0,5.0,NO
CUST00815,ORD000815,PRD0023,2348036874438,Customer 815,M,60+,Ibadan,South West,,2026-08-02,Fashion,Sneakers,5,75000,0.05,356250.0,3500,USSD,Store,Pending,In Transit,13.0,4.0,NO
CUST00816,ORD000816,PRD0028,2348074831652,Customer 816,,18-25,Abuja,North Central,REGULAR,2024-10-18,Beauty,Perfume,4,7500,0.2,24000.0,3500,USSD,Marketplace,COMPLETED,Delivered,1.0,5.0,Yes
CUST00817,ORD000817,PRD0017,2348017698806,Customer 817,Female,18-25,Kaduna,North West,Premium,2025-11-06,Home & Kitchen,Air Fryer,4,10000,0.0,40000.0,1500,USSD,Marketplace,completed,Delayed,,2.0,Yes
CUST00818,ORD000818,PRD0019,2348033869723,Customer 818,,26-35,Kano,North West,Regular,2025-05-25,Home & Kitchen,Air Fryer,3,3500,0.05,9975.0,2500,Card,Mobile App,COMPLETED,,8.0,5.0,Yes
CUST00819,ORD000819,PRD0011,2348071530384,Customer 819,Male,,Abuja,North Central,Premium,2026-01-03,Groceries,Cereal,5,5000,0.0,25000.0,1000,USSD,Website,pending,In Transit,11.0,2.0,
CUST00820,ORD000820,PRD0011,2348092826924,Customer 820,FEMALE,,Abuja,North Central,Business,2024-04-12,Groceries,Cooking Oil,4,3500,0.05,13300.0,3500,Wallet,Marketplace,Returned,,7.0,5.0,
CUST00821,ORD000821,PRD0007,2348090836713,Customer 821,male,26-35,Enugu,South East,Premium,2024-09-08,Fashion,Jeans,4,25000,0.0,100000.0,1500,bank transfer,Mobile App,Completed,In Transit,,5.0,No
CUST00822,ORD000822,PRD0027,2348044673100,Customer 822,Male,,Benin City,South South,Regular,2024-10-05,Fashion,Sneakers,4,3500,0.0,14000.0,3500,Cash on Delivery,,Completed,In Transit,9.0,5.0,Yes
CUST00823,ORD000823,PRD0023,2348091863491,Customer 823,FEMALE,46-60,Kaduna,North West,Occasional,2026-07-26,Beauty,Skincare Set,3,25000,0.2,60000.0,1000,USSD,Mobile App,pending,Delivered,8.0,4.0,
CUST00824,ORD000824,PRD0010,2348068343234,Customer 824,M,46-60,Benin City,South South,Occasional,2025-02-26,Fashion,Sneakers,2,40000,0.0,80000.0,0,Cash on Delivery,website,completed,Delivered,7.0,4.0,Yes
CUST00825,ORD000825,PRD0008,2348067421455, Customer 825 ,Female,26-35,Ibadan,South West,Premium,2024-10-19,Home & Kitchen,Blender,4,15000,0.15,51000.0,2500,Cash on Delivery,Marketplace,COMPLETED,,14.0,5.0,yes
CUST00826,ORD000826,PRD0020,2348076032307,Customer 826,Male,60+,Kaduna,North West,Regular,2026-04-22,Beauty,Perfume,4,5000,0.15,17000.0,1500,USSD,Store,Cancelled,In Transit,3.0,1.0,
CUST00827,ORD000827,PRD0030,2348072518620,Customer 827,Male,26-35,Benin City,South South,Occasional,2025-01-03,Beauty,Perfume,4,7500,0.05,28500.0,2500,Wallet,Website,Completed,delivered,7.0,2.0,
CUST00828,ORD000828,PRD0003,2348087678983,Customer 828,,,Enugu,South East,Premium,2026-04-04,Home & Kitchen,Air Fryer,2,120000,0.1,216000.0,1500,Wallet,Marketplace,COMPLETED,Delivered,5.0,5.0,
CUST00829,ORD000829,PRD0019,2348030640636,Customer 829,,,Benin City,South South,Occasional,2024-05-02,Beauty,Hair Dryer,3,10000,0.1,27000.0,3500,Bank Transfer,Mobile App,,In Transit,,5.0,yes
CUST00830,ORD000830,PRD0008,2348085011883,Customer 830,F,46-60,Lagos,South West,premium ,2025-07-16,Sports,Football,4,15000,0.2,48000.0,1500,bank transfer,Store,Returned,In Transit,,4.0,yes
CUST00831,ORD000831,PRD0026,2348091237423,Customer 831,Male,36-45,Enugu,South East,Regular,2024-10-28,Fashion,Jeans,3,15000,0.1,40500.0,3500,Bank Transfer,Instagram,Completed,Delayed,1.0,3.0,
CUST00832,ORD000832,PRD0016,2348048861685,Customer 832, m ,18-25,Kano,North West,premium ,2025-05-29,Electronics,Smartphone,3,3500,0.0,10500.0,3500,Wallet,Website,completed,In Transit,14.0,5.0,yes
CUST00833,ORD000833,PRD0003,2348086135774,Customer 833,Male,26-35,Lagos,South West,Business,2024-08-10,Electronics,Laptop,1,10000,0.05,9500.0,2500,Cash on Delivery,Store,,Delivered,9.0,5.0,NO
CUST00834,ORD000834,PRD0022,2348041141344,Customer 834,Female,26-35,Benin City,South South,Premium,2024-07-06,Groceries,Beverage Pack,5,3500,0.15,14875.0,3500,Card,Store,Completed,In Transit,13.0,5.0,No
CUST00835,ORD000835,PRD0007,2348060945995,Customer 835,,60+,Abuja,North Central,Business,2025-07-24,Fashion,Shirt,2,5000,0.2,8000.0,3500,CARD,Website,Completed,Delayed,14.0,2.0,yes
CUST00836,ORD000836,PRD0013,2348055866325,Customer 836,FEMALE,36-45,Benin City,South South,REGULAR,2025-06-11,Beauty,Perfume,1,10000,0.0,10000.0,0,Cash on Delivery,mobile app,COMPLETED,Returned,,4.0,No
CUST00837,ORD000837,PRD0002,2348022004640,Customer 837,male,60+,Benin City,South South,Occasional,2026-08-06,Groceries,Beverage Pack,4,7500,0.0,30000.0,1500,Card,Website,,DELIVERED,4.0,5.0,
CUST00838,ORD000838,PRD0030,2348068553661,Customer 838,Female,46-60,Enugu,South East,Regular,2026-05-05,Sports,Football,1,5000,0.05,4750.0,0,Bank Transfer,Mobile App,Completed,In Transit,12.0,5.0,NO
CUST00839,ORD000839,PRD0004,2348090104211,Customer 839,Male,26-35,Abuja,North Central,REGULAR,2024-07-20,Groceries,Rice,2,25000,0.05,47500.0,0,USSD,Store,,Delayed,8.0,5.0,
CUST00840,ORD000840,PRD0006,2348054533863,Customer 840, m ,,Lagos,South West,Business,2024-04-20,Sports,Yoga Mat,2,40000,0.1,72000.0,1000,Wallet,Instagram,Cancelled,Delivered,6.0,5.0,No
CUST00841,ORD000841,PRD0001,2348094241351,Customer 841, m ,,Port Harcourt,South South,Regular,2024-09-02,Fashion,Handbag,2,3500,0.05,6650.0,2500,,Marketplace,COMPLETED,,6.0,2.0,No
CUST00842,ORD000842,PRD0016,2348085320175,Customer 842,female,60+,Enugu,South East,Premium,2024-08-01,Groceries,Cooking Oil,4,5000,0.05,19000.0,1000,USSD,Marketplace,Completed,Delivered,14.0,5.0,Yes
CUST00843,ORD000843,PRD0002,2348076254437,Customer 843,Female,18-25,Benin City,South South,Occasional,2025-08-02,Electronics,Smartphone,3,75000,0.05,213750.0,3500,Bank Transfer,website,Pending,In Transit,,4.0,Yes
CUST00844,ORD000844,PRD0014,2348038280294,Customer 844,,26-35,Port Harcourt,South South,premium ,2024-08-01,Electronics,Smart TV,2,120000,0.15,204000.0,3500,Card,Marketplace,completed,Delivered,,3.0,No
CUST00845,ORD000845,PRD0027,2348020343067,Customer 845,Male,,Abuja,North Central,Occasional,2024-08-11,Electronics,Laptop,4,15000,0.0,60000.0,1500,bank transfer,Website,Completed,DELIVERED,12.0,4.0,No
CUST00846,ORD000846,PRD0010,2348071504684,Customer 846,,,Port Harcourt,South South,Regular,2024-06-10,Electronics,Laptop,3,40000,0.0,120000.0,1000,Bank Transfer,Marketplace,cancelled,DELIVERED,4.0,5.0,No
CUST00847,ORD000847,PRD0020,2348058487716,Customer 847,F,18-25,Port Harcourt,South South,Regular,2025-12-07,Fashion,Sneakers,5,5000,0.15,21250.0,1000,Card,mobile app,Returned,In Transit,14.0,4.0,No
CUST00848,ORD000848,PRD0029,2348052912268,Customer 848, m ,36-45,Kaduna,North West,,2025-11-27,Sports,Gym Bag,3,3500,0.15,8925.0,1000,Bank Transfer,Mobile App,cancelled,,10.0,5.0,No
CUST00849,ORD000849,PRD0007,2348090763492,Customer 849,,18-25,Ibadan,South West,Premium,2024-12-28,Home & Kitchen,Air Fryer,2,5000,0.2,8000.0,2500,Bank Transfer,,,Delivered,2.0,4.0,No
CUST00850,ORD000850,PRD0009,2348089452835, Customer 850 ,female,26-35,Enugu,South East,Business,2024-07-30,Fashion,Handbag,1,3500,0.2,2800.0,1500,,mobile app,Returned,Delivered,3.0,4.0,
CUST00851,ORD000851,PRD0030,2348052218222,Customer 851,,46-60,Ibadan,South West,Premium,2025-03-13,Sports,Gym Bag,5,10000,0.1,45000.0,0,Card,Website,Pending,DELIVERED,13.0,4.0,NO
CUST00852,ORD000852,PRD0009,2348088754610,Customer 852, m ,36-45,Enugu,South East,REGULAR,2026-07-04,Sports,Running Shoes,2,10000,0.0,20000.0,2500,Wallet,Marketplace,completed,Delayed,5.0,3.0,No
CUST00853,ORD000853,PRD0029,2348059630098,Customer 853,Male,60+,Abuja,North Central,Regular,2025-07-16,Electronics,Smartphone,1,25000,0.1,22500.0,0,Bank Transfer,Mobile App,Cancelled,Returned,11.0,4.0,Yes
CUST00854,ORD000854,PRD0029,2348082634531,Customer 854,,36-45,Lagos,South West,,2024-10-23,Home & Kitchen,Blender,1,120000,0.2,96000.0,0,Wallet,Website,,Delayed,4.0,5.0,Yes
CUST00855,ORD000855,PRD0018,2348061995083,Customer 855,,46-60,Enugu,South East,Regular,2024-11-24,Electronics,Wireless Earbuds,2,3500,0.0,7000.0,1500,USSD,Mobile App,pending,Delivered,5.0,4.0,NO
CUST00856,ORD000856,PRD0008,2348064033340,Customer 856,Female,60+,Enugu,South East,Regular,2026-06-27,Beauty,Hair Dryer,2,3500,0.1,6300.0,1000,Card,Instagram,completed,Delivered,6.0,,No
CUST00857,ORD000857,PRD0013,2348069456042,Customer 857,female,18-25,Benin City,South South,Occasional,2026-03-17,Groceries,Cereal,5,40000,0.1,180000.0,3500,Card,Store,completed,Delivered,9.0,5.0,No
CUST00858,ORD000858,PRD0029,2348031349471,Customer 858, f ,,Ibadan,South West,Occasional,2024-08-05,Fashion,Sneakers,2,3500,0.0,7000.0,2500,USSD,website,pending,delivered,14.0,3.0,
CUST00859,ORD000859,PRD0019,2348089814935,Customer 859,,36-45,Lagos,South West,Regular,2025-10-15,Home & Kitchen,Cookware Set,5,15000,0.15,63750.0,3500,USSD,Website,completed,,11.0,5.0,No
CUST00860,ORD000860,PRD0030,2348060351647,Customer 860,female,18-25,Lagos,South West,Regular,2025-10-17,Groceries,Rice,2,120000,0.15,204000.0,1500,CARD,Website,completed,Delivered,7.0,4.0,
CUST00861,ORD000861,PRD0020,2348064028557,Customer 861, m ,26-35,Benin City,South South,Occasional,2024-08-08,Groceries,Cooking Oil,1,10000,0.1,9000.0,1500,Cash on Delivery,Store,COMPLETED,Delivered,12.0,,Yes
CUST00862,ORD000862,PRD0008,2348064310010,Customer 862,Male,,Benin City,South South,Business,2024-02-13,Home & Kitchen,Cookware Set,4,7500,0.1,27000.0,2500,USSD,Store,Cancelled,Delayed,14.0,3.0,
CUST00863,ORD000863,PRD0007,2348071318488,Customer 863,,46-60,Benin City,South South,Premium,2024-05-03,Beauty,Hair Dryer,2,10000,0.15,17000.0,1000,Bank Transfer,Mobile App,cancelled,Delayed,14.0,4.0,yes
CUST00864,ORD000864,PRD0006,2348060241464,Customer 864,,60+,Benin City,South South,Occasional,2026-07-08,Home & Kitchen,Vacuum Cleaner,4,3500,0.0,14000.0,2500,Card,Marketplace,COMPLETED,,2.0,5.0,No
CUST00865,ORD000865,PRD0027,2348041769567,Customer 865,male,60+,Lagos,South West,Premium,2024-03-16,Beauty,Skincare Set,1,3500,0.1,3150.0,1000,Bank Transfer,Mobile App,Completed,delivered,13.0,4.0,Yes
CUST00866,ORD000866,PRD0017,2348052698541,Customer 866,Male,,Enugu,South East,Occasional,2026-07-14,Groceries,Cereal,5,7500,0.1,33750.0,2500,Wallet,Store,,Delivered,13.0,3.0,yes
CUST00867,ORD000867,PRD0011,2348038352279,Customer 867,Male,60+,Enugu,South East,Premium,2025-10-01,Groceries,Cooking Oil,5,25000,0.15,106250.0,2500,Bank Transfer,mobile app,Pending,DELIVERED,11.0,4.0,No
CUST00868,ORD000868,PRD0016,2348076981780,Customer 868,,46-60,Ibadan,South West,Occasional,2026-04-26,Home & Kitchen,Vacuum Cleaner,1,75000,0.15,63750.0,1500,USSD,mobile app,,Delayed,,3.0,
CUST00869,ORD000869,PRD0019,2348071469701,Customer 869,M,26-35,Ibadan,South West,Occasional,2024-12-29,Fashion,Jeans,1,120000,0.0,120000.0,1000,Wallet,website,pending,In Transit,4.0,5.0,NO
CUST00870,ORD000870,PRD0025,2348061405721,Customer 870,,18-25,Port Harcourt,South South,,2024-03-07,Groceries,Cooking Oil,5,7500,0.05,35625.0,2500,Card,Store,cancelled,Delivered,8.0,,NO
CUST00871,ORD000871,PRD0016,2348040422915,Customer 871, m ,26-35,Kano,North West,Business,2025-05-06,Sports,Running Shoes,5,75000,0.0,375000.0,1000,Card,Instagram,Returned,Delivered,8.0,2.0,No
CUST00872,ORD000872,PRD0009,2348016084742,Customer 872,M,36-45,Abuja,North Central,,2025-04-30,Electronics,Laptop,5,40000,0.2,160000.0,3500,Card,Store,,DELIVERED,13.0,4.0,Yes
CUST00873,ORD000873,PRD0029,2348035120501,Customer 873,Male,46-60,Enugu,South East,Occasional,2026-08-02,Electronics,Wireless Earbuds,4,40000,0.15,136000.0,3500,Bank Transfer,Instagram,Completed,Returned,9.0,4.0,No
CUST00874,ORD000874,PRD0028,2348056383929,Customer 874,F,36-45,Enugu,South East,Regular,2025-05-12,Home & Kitchen,Blender,2,7500,0.1,13500.0,1000,CARD,Instagram,pending,Delivered,,2.0,No
CUST00875,ORD000875,PRD0012,2348053029157, Customer 875 ,Female,60+,Kaduna,North West,Regular,2025-03-09,Electronics,Smart TV,4,75000,0.0,300000.0,0,Cash on Delivery,Website,Completed,Returned,10.0,,No
CUST00876,ORD000876,PRD0011,2348041673470,Customer 876,Male,18-25,Abuja,North Central,premium ,2026-08-23,Beauty,Skincare Set,3,120000,0.1,324000.0,1000,,Marketplace,Pending,,5.0,5.0,
CUST00877,ORD000877,PRD0001,2348036755399,Customer 877,M,18-25,Ibadan,South West,Premium,2025-04-08,Electronics,Smartphone,5,5000,0.15,21250.0,3500,USSD,Instagram,Cancelled,In Transit,6.0,1.0,
CUST00878,ORD000878,PRD0003,2348031250100,Customer 878,Female,18-25,Benin City,South South,Regular,2025-02-19,Electronics,Smart TV,5,5000,0.05,23750.0,3500,,Marketplace,Completed,delivered,12.0,3.0,NO
CUST00879,ORD000879,PRD0028,2348098739992,Customer 879,Female,,Ibadan,South West,Regular,2024-01-07,Electronics,Wireless Earbuds,1,120000,0.15,102000.0,2500,Wallet,website,Pending,In Transit,5.0,2.0,Yes
CUST00880,ORD000880,PRD0017,2348083964419,Customer 880,male,46-60,Port Harcourt,South South,REGULAR,2025-03-10,Electronics,Wireless Earbuds,5,3500,0.15,14875.0,1000,USSD,Store,COMPLETED,Delayed,,4.0,No
CUST00881,ORD000881,PRD0016,2348020434097,Customer 881, f ,18-25,Ibadan,South West,Occasional,2025-03-30,Electronics,Smart TV,1,10000,0.05,9500.0,2500,Wallet,Instagram,,Delivered,10.0,5.0,
CUST00882,ORD000882,PRD0016,2348010738645,Customer 882,M,36-45,Enugu,South East,,2026-01-25,Electronics,Smartphone,5,5000,0.15,21250.0,3500,bank transfer,website,Completed,Delivered,7.0,4.0,NO
CUST00883,ORD000883,PRD0021,2348017884370,Customer 883,Male,46-60,Kano,North West,Business,2025-11-27,Electronics,Smart TV,4,120000,0.15,408000.0,1000,Bank Transfer,Instagram,COMPLETED,Delivered,2.0,4.0,Yes
CUST00884,ORD000884,PRD0027,2348023731283,Customer 884,Female,60+,Benin City,South South,Premium,2024-11-02,Fashion,Shirt,5,5000,0.1,22500.0,3500,Wallet,Mobile App,pending,In Transit,14.0,3.0,No
CUST00885,ORD000885,PRD0013,2348061195645,Customer 885,FEMALE,26-35,Ibadan,South West,Occasional,2025-06-01,Home & Kitchen,Vacuum Cleaner,2,3500,0.0,7000.0,2500,Wallet,,COMPLETED,delivered,6.0,4.0,No
CUST00886,ORD000886,PRD0013,2348054327314,Customer 886,,60+,Benin City,South South,Regular,2026-07-06,Groceries,Cooking Oil,4,15000,0.0,60000.0,1000,,website,COMPLETED,In Transit,,4.0,No
CUST00887,ORD000887,PRD0014,2348086272124,Customer 887,Male,36-45,Lagos,South West,Occasional,2024-09-03,Groceries,Rice,2,3500,0.1,6300.0,3500,Cash on Delivery,,COMPLETED,,1.0,3.0,Yes
CUST00888,ORD000888,PRD0011,2348029812738,Customer 888,,26-35,Ibadan,South West,Occasional,2024-12-17,Home & Kitchen,Blender,3,75000,0.15,191250.0,2500,Cash on Delivery,Mobile App,,delivered,3.0,,No
CUST00889,ORD000889,PRD0016,2348018927423,Customer 889,F,,Kano,North West,Occasional,2024-04-09,Groceries,Beverage Pack,5,7500,0.2,30000.0,2500,USSD,Instagram,pending,Delivered,2.0,3.0,
CUST00890,ORD000890,PRD0022,2348047219955,Customer 890,M,36-45,Kano,North West,Occasional,2025-06-26,Home & Kitchen,Cookware Set,5,40000,0.05,190000.0,3500,Cash on Delivery,mobile app,,Returned,11.0,5.0,Yes
CUST00891,ORD000891,PRD0015,2348057295079,Customer 891,male,60+,Abuja,North Central,premium ,2025-02-17,Groceries,Rice,2,40000,0.2,64000.0,0,USSD,Marketplace,Returned,Delivered,13.0,5.0,NO
CUST00892,ORD000892,PRD0006,2348028747037,Customer 892,Male,,Benin City,South South,Regular,2025-10-02,Beauty,Perfume,4,75000,0.2,240000.0,1500,CARD,Store,COMPLETED,DELIVERED,14.0,5.0,No
CUST00893,ORD000893,PRD0009,2348014438609,Customer 893,Female,18-25,Lagos,South West,Premium,2026-08-03,Fashion,Handbag,1,5000,0.15,4250.0,1500,USSD,Mobile App,cancelled,delivered,10.0,2.0,NO
CUST00894,ORD000894,PRD0003,2348032527594,Customer 894,male,60+,Enugu,South East,,2024-07-15,Home & Kitchen,Air Fryer,5,15000,0.1,67500.0,1000,CARD,Website,pending,Delivered,3.0,4.0,No
CUST00895,ORD000895,PRD0023,2348028580111,Customer 895,Female,26-35,Kano,North West,Premium,2024-09-08,Electronics,Smart TV,2,10000,0.2,16000.0,1000,Bank Transfer,Marketplace,Cancelled,,5.0,4.0,Yes
CUST00896,ORD000896,PRD0010,2348099276117,Customer 896, f ,36-45,Port Harcourt,South South,Occasional,2024-04-08,Sports,Running Shoes,1,40000,0.15,34000.0,1000,Cash on Delivery,Mobile App,,Delivered,11.0,5.0,Yes
CUST00897,ORD000897,PRD0004,2348015166988,Customer 897,,46-60,Port Harcourt,South South,REGULAR,2026-06-27,Home & Kitchen,Vacuum Cleaner,4,120000,0.15,408000.0,2500,,,Pending,Delivered,10.0,2.0,
CUST00898,ORD000898,PRD0023,2348011846444,Customer 898,F,,Kano,North West,Business,2024-10-07,Electronics,Wireless Earbuds,3,120000,0.1,324000.0,2500,Wallet,Instagram,cancelled,DELIVERED,12.0,2.0,No
CUST00899,ORD000899,PRD0006,2348031212494,Customer 899, m ,18-25,Lagos,South West,Occasional,2025-10-06,Electronics,Laptop,2,3500,0.05,6650.0,3500,Wallet,Mobile App,Pending,Delivered,1.0,4.0,NO
CUST00900,ORD000900,PRD0026,2348076244787, Customer 900 ,M,46-60,Port Harcourt,South South,Occasional,2025-06-21,Electronics,Smartphone,4,75000,0.05,285000.0,3500,Bank Transfer,Marketplace,Completed,delivered,11.0,2.0,Yes
CUST00901,ORD000901,PRD0002,2348085220755,Customer 901,FEMALE,26-35,Abuja,North Central,Premium,2026-01-13,Home & Kitchen,Vacuum Cleaner,1,10000,0.1,9000.0,0,Cash on Delivery,Website,,delivered,2.0,2.0,yes
CUST00902,ORD000902,PRD0021,2348062483179,Customer 902,,18-25,Enugu,South East,Premium,2026-03-28,Beauty,Perfume,2,7500,0.05,14250.0,0,Cash on Delivery,Mobile App,pending,Delayed,,3.0,No
CUST00903,ORD000903,PRD0007,2348089655717,Customer 903,F,60+,Enugu,South East,Regular,2024-04-14,Home & Kitchen,Cookware Set,1,15000,0.15,12750.0,1500,bank transfer,,completed,In Transit,13.0,5.0,Yes
CUST00904,ORD000904,PRD0014,2348034959766,Customer 904,F,18-25,Enugu,South East,REGULAR,2026-06-21,Beauty,Skincare Set,5,120000,0.05,570000.0,1500,USSD,website,Completed,In Transit,13.0,4.0,NO
CUST00905,ORD000905,PRD0029,2348037960410,Customer 905,,18-25,Lagos,South West,premium ,2024-06-17,Sports,Gym Bag,1,10000,0.1,9000.0,3500,Cash on Delivery,Mobile App,Completed,Delayed,10.0,2.0,No
CUST00906,ORD000906,PRD0014,2348066322441,Customer 906,Female,18-25,Port Harcourt,South South,Regular,2026-02-03,Fashion,Sneakers,1,10000,0.0,10000.0,1500,Card,Mobile App,Cancelled,,13.0,4.0,Yes
CUST00907,ORD000907,PRD0005,2348034202610,Customer 907, f ,,Benin City,South South,Business,2024-09-06,Sports,Running Shoes,5,120000,0.2,480000.0,3500,,Marketplace,,Delivered,3.0,5.0,No
CUST00908,ORD000908,PRD0028,2348093416232,Customer 908, f ,18-25,Kaduna,North West,Business,2025-03-09,Electronics,Smartphone,5,75000,0.2,300000.0,0,Bank Transfer,Marketplace,Cancelled,Delayed,5.0,4.0,Yes
CUST00909,ORD000909,PRD0030,2348024577603,Customer 909, m ,,Lagos,South West,Occasional,2024-04-10,Beauty,Makeup Kit,4,10000,0.05,38000.0,1500,USSD,Marketplace,completed,DELIVERED,5.0,2.0,Yes
CUST00910,ORD000910,PRD0009,2348093330535,Customer 910,,26-35,Lagos,South West,Business,2024-02-19,Electronics,Smartphone,4,15000,0.0,60000.0,3500,,Marketplace,COMPLETED,delivered,2.0,,NO
CUST00911,ORD000911,PRD0014,2348037392012,Customer 911,Female,18-25,Ibadan,South West,Premium,2024-08-04,Fashion,Jeans,2,120000,0.15,204000.0,1000,Cash on Delivery,Website,pending,Delivered,5.0,5.0,
CUST00912,ORD000912,PRD0010,2348033768286,Customer 912,FEMALE,,Kaduna,North West,Premium,2025-01-02,Groceries,Cereal,3,7500,0.05,21375.0,3500,USSD,website,Returned,Returned,10.0,5.0,No
CUST00913,ORD000913,PRD0022,2348041308763,Customer 913,female,46-60,Ibadan,South West,Regular,2026-01-19,Sports,Running Shoes,2,5000,0.15,8500.0,3500,,Instagram,completed,delivered,1.0,5.0,Yes
CUST00914,ORD000914,PRD0029,2348086906837,Customer 914,MALE,,Ibadan,South West,Regular,2025-07-17,Sports,Gym Bag,5,25000,0.1,112500.0,1500,Bank Transfer,Mobile App,Completed,Delivered,10.0,4.0,Yes
CUST00915,ORD000915,PRD0018,2348037837226,Customer 915,F,36-45,Ibadan,South West,Regular,2025-11-04,Fashion,Sneakers,1,15000,0.1,13500.0,3500,,Mobile App,Cancelled,,4.0,2.0,No
CUST00916,ORD000916,PRD0029,2348080248527,Customer 916,Female,18-25,Port Harcourt,South South,Regular,2024-03-24,Beauty,Hair Dryer,2,10000,0.05,19000.0,0,USSD,website,Cancelled,delivered,4.0,,
CUST00917,ORD000917,PRD0013,2348062816590,Customer 917,Male,36-45,Benin City,South South,Premium,2024-06-17,Home & Kitchen,Vacuum Cleaner,2,15000,0.1,27000.0,1000,,Store,,delivered,1.0,4.0,No
CUST00918,ORD000918,PRD0002,2348087396319,Customer 918,,46-60,Benin City,South South,Premium,2025-02-27,Electronics,Wireless Earbuds,5,5000,0.0,25000.0,0,Bank Transfer,Marketplace,pending,In Transit,2.0,4.0,NO
CUST00919,ORD000919,PRD0027,2348041730562,Customer 919,Female,46-60,Kaduna,North West,Occasional,2025-03-10,Sports,Yoga Mat,4,10000,0.1,36000.0,3500,Wallet,Mobile App,completed,,11.0,3.0,No
CUST00920,ORD000920,PRD0001,2348061759687,Customer 920,male,18-25,Kaduna,North West,,2024-01-16,Sports,Football,5,40000,0.1,180000.0,2500,Cash on Delivery,Instagram,Cancelled,In Transit,12.0,4.0,Yes
CUST00921,ORD000921,PRD0024,2348025225564,Customer 921,F,26-35,Kano,North West,Premium,2026-01-19,Beauty,Perfume,2,15000,0.05,28500.0,2500,,website,Returned,Returned,,3.0,NO
CUST00922,ORD000922,PRD0015,2348077484323,Customer 922,Male,60+,Abuja,North Central,Premium,2026-06-15,Electronics,Smart TV,5,10000,0.2,40000.0,3500,,Mobile App,,Returned,12.0,5.0,No
CUST00923,ORD000923,PRD0025,2348073936322,Customer 923,M,36-45,Kano,North West,Business,2025-09-17,Electronics,Smartphone,5,120000,0.2,480000.0,2500,Card,Instagram,Completed,,10.0,,No
CUST00924,ORD000924,PRD0002,2348087136071,Customer 924,,36-45,Abuja,North Central,Occasional,2026-01-06,Fashion,Handbag,5,3500,0.15,14875.0,1500,Bank Transfer,Mobile App,completed,In Transit,2.0,5.0,No
CUST00925,ORD000925,PRD0007,2348057752535, Customer 925 ,male,46-60,Enugu,South East,Occasional,2025-12-09,Sports,Yoga Mat,2,120000,0.05,228000.0,1500,Bank Transfer,Instagram,Completed,,12.0,4.0,No
CUST00926,ORD000926,PRD0015,2348083702976,Customer 926,male,,Kaduna,North West,Premium,2026-04-04,Fashion,Handbag,4,3500,0.2,11200.0,1500,Card,Marketplace,Pending,Delivered,5.0,4.0,Yes
CUST00927,ORD000927,PRD0025,2348048513432,Customer 927,,18-25,Ibadan,South West,Premium,2026-04-04,Home & Kitchen,Cookware Set,5,15000,0.05,71250.0,0,,,cancelled,,1.0,4.0,NO
CUST00928,ORD000928,PRD0019,2348089983517,Customer 928, f ,60+,Abuja,North Central,premium ,2024-04-28,Groceries,Cereal,4,3500,0.1,12600.0,1500,Cash on Delivery,Marketplace,pending,In Transit,1.0,,No
CUST00929,ORD000929,PRD0005,2348081492227,Customer 929,,36-45,Port Harcourt,South South,Occasional,2026-06-17,Sports,Yoga Mat,1,120000,0.15,102000.0,1500,Card,Instagram,COMPLETED,Delivered,,4.0,No
CUST00930,ORD000930,PRD0010,2348010048989,Customer 930,M,36-45,Abuja,North Central,Occasional,2024-04-16,Fashion,Handbag,4,5000,0.05,19000.0,1500,Card,Mobile App,,In Transit,9.0,2.0,
CUST00931,ORD000931,PRD0003,2348082747237,Customer 931,female,60+,Kaduna,North West,Business,2026-02-26,Electronics,Wireless Earbuds,1,15000,0.1,13500.0,0,Card,Mobile App,Pending,Delivered,7.0,2.0,Yes
CUST00932,ORD000932,PRD0001,2348075100440,Customer 932,Female,,Kaduna,North West,Regular,2025-06-08,Electronics,Smart TV,2,3500,0.05,6650.0,2500,Wallet,Store,Pending,Delivered,7.0,4.0,
CUST00933,ORD000933,PRD0027,2348021014735,Customer 933,,18-25,Port Harcourt,South South,Occasional,2026-08-17,Fashion,Jeans,1,25000,0.2,20000.0,0,USSD,Website,Returned,In Transit,13.0,4.0,Yes
CUST00934,ORD000934,PRD0006,2348058233296,Customer 934,Female,36-45,Enugu,South East,Occasional,2026-04-13,Electronics,Wireless Earbuds,2,15000,0.0,30000.0,2500,Wallet,Instagram,Returned,Returned,6.0,2.0,Yes
CUST00935,ORD000935,PRD0008,2348089469036,Customer 935,,,Port Harcourt,South South,Regular,2025-04-07,Beauty,Skincare Set,2,5000,0.15,8500.0,2500,bank transfer,Instagram,Cancelled,In Transit,12.0,5.0,yes
CUST00936,ORD000936,PRD0015,2348030441778,Customer 936,,26-35,Abuja,North Central,Regular,2026-03-22,Electronics,Wireless Earbuds,3,120000,0.15,306000.0,3500,Card,Instagram,pending,Delivered,5.0,,No
CUST00937,ORD000937,PRD0005,2348063396301,Customer 937,,46-60,Lagos,South West,Regular,2025-09-11,Sports,Football,1,7500,0.05,7125.0,1000,bank transfer,Mobile App,Completed,Delivered,12.0,,Yes
CUST00938,ORD000938,PRD0026,2348098426385,Customer 938,,46-60,Abuja,North Central,Occasional,2024-05-28,Electronics,Wireless Earbuds,4,3500,0.15,11900.0,3500,Wallet,Website,Completed,In Transit,2.0,4.0,NO
CUST00939,ORD000939,PRD0008,2348060124258,Customer 939,F,,Ibadan,South West,Business,2024-08-30,Fashion,Sneakers,2,3500,0.05,6650.0,1000,Wallet,Store,COMPLETED,Returned,8.0,4.0,
CUST00940,ORD000940,PRD0023,2348019669730,Customer 940,M,18-25,Enugu,South East,Regular,2026-03-03,Fashion,Handbag,1,120000,0.05,114000.0,3500,Wallet,,COMPLETED,Delayed,1.0,4.0,NO
CUST00941,ORD000941,PRD0013,2348084190531,Customer 941,Female,36-45,Abuja,North Central,Premium,2026-03-06,Groceries,Cooking Oil,5,5000,0.2,20000.0,2500,bank transfer,Marketplace,,In Transit,4.0,3.0,No
CUST00942,ORD000942,PRD0023,2348041217513,Customer 942,,26-35,Kano,North West,Occasional,2026-07-01,Sports,Running Shoes,5,75000,0.15,318750.0,2500,Cash on Delivery,Instagram,cancelled,Delivered,10.0,5.0,
CUST00943,ORD000943,PRD0024,2348083703262,Customer 943,Female,60+,Kano,North West,Regular,2025-04-23,Home & Kitchen,Air Fryer,5,7500,0.2,30000.0,0,,Store,cancelled,Delivered,2.0,5.0,No
CUST00944,ORD000944,PRD0004,2348072983277,Customer 944, f ,18-25,Kaduna,North West,Regular,2024-03-29,Sports,Football,2,15000,0.15,25500.0,1000,Card,Mobile App,completed,Delivered,6.0,,No
CUST00945,ORD000945,PRD0028,2348090048232,Customer 945,,,Kano,North West,Premium,2024-02-21,Beauty,Makeup Kit,2,7500,0.05,14250.0,1000,Bank Transfer,Mobile App,completed,Delivered,12.0,,yes
CUST00946,ORD000946,PRD0022,2348093447312,Customer 946,Female,36-45,Lagos,South West,Regular,2025-04-10,Home & Kitchen,Air Fryer,2,25000,0.15,42500.0,3500,Bank Transfer,Mobile App,,In Transit,5.0,3.0,No
CUST00947,ORD000947,PRD0024,2348078180210,Customer 947,Female,18-25,Kano,North West,Occasional,2024-09-06,Groceries,Cereal,4,10000,0.0,40000.0,1000,Cash on Delivery,Website,completed,Delayed,6.0,1.0,Yes
CUST00948,ORD000948,PRD0030,2348047451842,Customer 948,Male,36-45,Abuja,North Central,Premium,2025-12-23,Home & Kitchen,Cookware Set,3,40000,0.05,114000.0,0,USSD,Marketplace,pending,Returned,8.0,4.0,No
CUST00949,ORD000949,PRD0008,2348083242742,Customer 949,male,60+,Ibadan,South West,Business,2026-07-07,Fashion,Handbag,3,120000,0.0,360000.0,3500,Cash on Delivery,mobile app,completed,,3.0,1.0,yes
CUST00950,ORD000950,PRD0022,2348080087455, Customer 950 , m ,36-45,Abuja,North Central,Regular,2025-01-21,Sports,Running Shoes,3,10000,0.2,24000.0,2500,Wallet,Marketplace,Pending,DELIVERED,5.0,5.0,NO
CUST00951,ORD000951,PRD0013,2348093308605,Customer 951,Male,18-25,Port Harcourt,South South,Regular,2026-06-06,Beauty,Hair Dryer,4,7500,0.15,25500.0,1500,CARD,Website,Completed,,,2.0,No
CUST00952,ORD000952,PRD0024,2348074325538,Customer 952,M,18-25,Enugu,South East,Occasional,2024-09-10,Groceries,Rice,1,40000,0.2,32000.0,1500,Cash on Delivery,Instagram,,,4.0,4.0,No
CUST00953,ORD000953,PRD0025,2348083064529,Customer 953,M,26-35,Benin City,South South,Regular,2024-05-13,Fashion,Shirt,3,120000,0.05,342000.0,1000,Bank Transfer,Mobile App,Completed,In Transit,11.0,,Yes
CUST00954,ORD000954,PRD0005,2348054299444,Customer 954,Male,46-60,Port Harcourt,South South,Occasional,2024-08-14,Home & Kitchen,Blender,2,5000,0.05,9500.0,2500,Card,mobile app,pending,Delayed,1.0,2.0,No
CUST00955,ORD000955,PRD0030,2348071023112,Customer 955,Female,,Benin City,South South,Regular,2024-03-18,Sports,Football,1,7500,0.05,7125.0,1500,USSD,Website,completed,Delayed,14.0,5.0,No
CUST00956,ORD000956,PRD0002,2348099510459,Customer 956,Female,18-25,Port Harcourt,South South,Premium,2024-04-01,Sports,Running Shoes,5,5000,0.15,21250.0,1000,bank transfer,Store,Returned,Delayed,1.0,,
CUST00957,ORD000957,PRD0025,2348015360901,Customer 957,Male,,Lagos,South West,Premium,2025-02-16,Home & Kitchen,Vacuum Cleaner,2,5000,0.15,8500.0,2500,,Mobile App,Pending,Delivered,14.0,4.0,No
CUST00958,ORD000958,PRD0021,2348038473559,Customer 958,Male,26-35,Enugu,South East,Premium,2024-12-16,Fashion,Sneakers,4,25000,0.05,95000.0,1000,Card,Store,Completed,DELIVERED,10.0,5.0,
CUST00959,ORD000959,PRD0015,2348064887553,Customer 959,Female,26-35,Benin City,South South,Regular,2024-02-15,Beauty,Skincare Set,4,15000,0.1,54000.0,0,Card,Store,Returned,,9.0,4.0,No
CUST00960,ORD000960,PRD0023,2348038000688,Customer 960,Female,,Enugu,South East,Occasional,2024-02-15,Electronics,Laptop,2,40000,0.0,80000.0,2500,Cash on Delivery,Marketplace,Returned,,7.0,5.0,No
CUST00961,ORD000961,PRD0021,2348092411457,Customer 961,female,18-25,Lagos,South West,premium ,2024-04-09,Home & Kitchen,Vacuum Cleaner,1,40000,0.0,40000.0,1500,bank transfer,Instagram,completed,In Transit,5.0,5.0,
CUST00962,ORD000962,PRD0023,2348092998818,Customer 962,female,36-45,Kaduna,North West,Regular,2025-10-11,Fashion,Jeans,1,10000,0.2,8000.0,1500,Card,Marketplace,Pending,Delivered,,5.0,yes
CUST00963,ORD000963,PRD0020,2348070843432,Customer 963,female,36-45,Lagos,South West,Regular,2024-07-28,Beauty,Perfume,2,40000,0.15,68000.0,1000,Wallet,Marketplace,Completed,,4.0,3.0,
CUST00964,ORD000964,PRD0021,2348071523191,Customer 964,,60+,Enugu,South East,Regular,2025-03-17,Sports,Yoga Mat,4,120000,0.05,456000.0,0,Wallet,Website,completed,Delayed,3.0,5.0,No
CUST00965,ORD000965,PRD0016,2348031241423,Customer 965,Female,26-35,Abuja,North Central,Premium,2024-02-14,Electronics,Smart TV,5,25000,0.2,100000.0,3500,Wallet,mobile app,completed,DELIVERED,12.0,5.0,
CUST00966,ORD000966,PRD0007,2348087428006,Customer 966,Female,18-25,Kano,North West,Premium,2025-08-06,Electronics,Wireless Earbuds,1,5000,0.0,5000.0,1500,Card,Marketplace,Completed,Returned,4.0,3.0,Yes
CUST00967,ORD000967,PRD0018,2348070909469,Customer 967,,18-25,Lagos,South West,Premium,2025-02-24,Groceries,Cereal,3,3500,0.0,10500.0,3500,,Mobile App,Pending,delivered,13.0,4.0,No
CUST00968,ORD000968,PRD0005,2348068421430,Customer 968,,46-60,Ibadan,South West,Premium,2024-05-15,Fashion,Shirt,2,5000,0.2,8000.0,0,Cash on Delivery,Instagram,,,,3.0,No
CUST00969,ORD000969,PRD0013,2348044241562,Customer 969,F,,Benin City,South South,Premium,2024-06-28,Groceries,Cereal,3,15000,0.1,40500.0,0,Cash on Delivery,mobile app,completed,Delivered,5.0,5.0,
CUST00970,ORD000970,PRD0015,2348025528111,Customer 970,Male,46-60,Ibadan,South West,,2024-08-25,Sports,Running Shoes,5,15000,0.0,75000.0,1000,Card,Mobile App,,DELIVERED,7.0,3.0,
CUST00971,ORD000971,PRD0026,2348093000666,Customer 971,Female,46-60,Lagos,South West,Regular,2024-08-15,Beauty,Skincare Set,5,75000,0.2,300000.0,1000,Bank Transfer,Instagram,Completed,delivered,10.0,5.0,Yes
CUST00972,ORD000972,PRD0010,2348088346146,Customer 972,Female,46-60,Lagos,South West,REGULAR,2025-01-02,Fashion,Shirt,5,75000,0.1,337500.0,1000,Cash on Delivery,Mobile App,completed,In Transit,3.0,5.0,
CUST00973,ORD000973,PRD0011,2348044853362,Customer 973,M,26-35,Enugu,South East,Occasional,2025-01-16,Beauty,Makeup Kit,3,5000,0.15,12750.0,3500,bank transfer,Mobile App,Cancelled,Delayed,4.0,4.0,No
CUST00974,ORD000974,PRD0028,2348074402169,Customer 974,Male,18-25,Ibadan,South West,Regular,2024-05-18,Sports,Yoga Mat,1,3500,0.05,3325.0,1500,CARD,website,Cancelled,Delivered,2.0,,yes
CUST00975,ORD000975,PRD0023,2348089134331, Customer 975 ,Male,18-25,Port Harcourt,South South,Occasional,2026-04-13,Beauty,Hair Dryer,5,10000,0.1,45000.0,2500,,Store,Completed,Delivered,1.0,4.0,NO
CUST00976,ORD000976,PRD0005,2348032551628,Customer 976,Male,46-60,Port Harcourt,South South,Regular,2025-05-19,Electronics,Smart TV,5,25000,0.2,100000.0,1000,Cash on Delivery,Instagram,Completed,In Transit,4.0,3.0,NO
CUST00977,ORD000977,PRD0027,2348059897686,Customer 977,,36-45,Kaduna,North West,Occasional,2025-05-24,Sports,Running Shoes,2,15000,0.1,27000.0,2500,Cash on Delivery,Instagram,completed,Returned,4.0,5.0,yes
CUST00978,ORD000978,PRD0017,2348022023625,Customer 978,FEMALE,,Lagos,South West,Premium,2025-08-23,Sports,Gym Bag,1,5000,0.15,4250.0,1500,Cash on Delivery,Mobile App,,delivered,11.0,3.0,No
CUST00979,ORD000979,PRD0022,2348050553425,Customer 979,M,46-60,Kaduna,North West,Regular,2026-02-26,Electronics,Laptop,4,120000,0.2,384000.0,2500,Wallet,Website,Cancelled,In Transit,4.0,5.0,yes
CUST00980,ORD000980,PRD0021,2348025027672,Customer 980,Female,18-25,Abuja,North Central,Premium,2024-11-08,Fashion,Sneakers,3,7500,0.1,20250.0,1500,USSD,Website,cancelled,In Transit,4.0,,No
CUST00981,ORD000981,PRD0007,2348061547048,Customer 981,Male,,Lagos,South West,REGULAR,2026-07-01,Groceries,Cereal,3,25000,0.1,67500.0,1500,,Marketplace,completed,Delivered,11.0,4.0,Yes
CUST00982,ORD000982,PRD0009,2348053244255,Customer 982,male,60+,Kaduna,North West,,2024-11-17,Home & Kitchen,Cookware Set,4,5000,0.0,20000.0,1500,Cash on Delivery,Mobile App,,,9.0,4.0,No
CUST00983,ORD000983,PRD0013,2348016472668,Customer 983,Female,26-35,Kano,North West,Regular,2024-02-29,Groceries,Beverage Pack,4,75000,0.05,285000.0,3500,CARD,Marketplace,completed,,11.0,,
CUST00984,ORD000984,PRD0017,2348053546886,Customer 984,,60+,Benin City,South South,Business,2026-08-27,Fashion,Handbag,1,7500,0.15,6375.0,3500,USSD,Marketplace,Cancelled,Returned,12.0,1.0,No
CUST00985,ORD000985,PRD0021,2348065110641,Customer 985,,18-25,Kano,North West,Premium,2026-01-15,Fashion,Jeans,4,3500,0.0,14000.0,3500,Wallet,Instagram,cancelled,Delivered,14.0,3.0,
CUST00986,ORD000986,PRD0018,2348098541904,Customer 986,Female,46-60,Kaduna,North West,Regular,2025-03-13,Groceries,Cooking Oil,4,10000,0.0,40000.0,0,Cash on Delivery,Website,Cancelled,Returned,9.0,5.0,No
CUST00987,ORD000987,PRD0018,2348021810649,Customer 987,Female,,Ibadan,South West,Premium,2024-12-28,Home & Kitchen,Vacuum Cleaner,3,7500,0.05,21375.0,3500,USSD,Store,,Delivered,13.0,4.0,NO
CUST00988,ORD000988,PRD0022,2348087174039,Customer 988,Male,46-60,Enugu,South East,Regular,2024-03-11,Sports,Yoga Mat,2,15000,0.0,30000.0,1500,Bank Transfer,Instagram,Pending,In Transit,3.0,4.0,No
CUST00989,ORD000989,PRD0017,2348032562557,Customer 989,Female,18-25,Kano,North West,Occasional,2024-11-25,Electronics,Smartphone,2,15000,0.1,27000.0,2500,Cash on Delivery,Instagram,Pending,Delayed,7.0,5.0,
CUST00990,ORD000990,PRD0018,2348084595030,Customer 990,female,18-25,Abuja,North Central,Premium,2024-08-24,Beauty,Hair Dryer,5,25000,0.2,100000.0,1500,Card,,Completed,Delayed,3.0,3.0,Yes
CUST00991,ORD000991,PRD0025,2348077600665,Customer 991,FEMALE,36-45,Ibadan,South West,Premium,2024-09-07,Electronics,Laptop,5,10000,0.15,42500.0,3500,,Store,Returned,,8.0,5.0,yes
CUST00992,ORD000992,PRD0011,2348029856065,Customer 992,,,Ibadan,South West,Occasional,2026-01-06,Fashion,Jeans,4,40000,0.2,128000.0,1500,Bank Transfer,Instagram,completed,Delayed,10.0,4.0,yes
CUST00993,ORD000993,PRD0012,2348015593165,Customer 993,,,Ibadan,South West,Occasional,2024-07-17,Home & Kitchen,Air Fryer,2,15000,0.0,30000.0,3500,CARD,,Completed,Delivered,13.0,4.0,
CUST00994,ORD000994,PRD0017,2348035938681,Customer 994,Male,26-35,Enugu,South East,Regular,2024-12-23,Home & Kitchen,Air Fryer,3,40000,0.0,120000.0,1000,Cash on Delivery,Store,,In Transit,11.0,5.0,Yes
CUST00995,ORD000995,PRD0028,2348091292617,Customer 995,,,Port Harcourt,South South,Premium,2026-07-05,Fashion,Handbag,4,40000,0.1,144000.0,2500,Wallet,Website,Returned,DELIVERED,,4.0,No
CUST00996,ORD000996,PRD0016,2348049087984,Customer 996, f ,18-25,Benin City,South South,Business,2025-09-06,Electronics,Smart TV,2,15000,0.0,30000.0,1000,Bank Transfer,Website,pending,In Transit,3.0,5.0,
CUST00997,ORD000997,PRD0014,2348045491906,Customer 997,Female,46-60,Kano,North West,Regular,2026-04-27,Electronics,Laptop,1,15000,0.1,13500.0,3500,Wallet,website,Pending,Returned,2.0,4.0,
CUST00998,ORD000998,PRD0030,2348089477061,Customer 998,M,60+,Abuja,North Central,Premium,2025-04-05,Groceries,Cooking Oil,4,7500,0.2,24000.0,1000,,Store,Cancelled,Delivered,12.0,5.0,
CUST00999,ORD000999,PRD0026,2348074542403,Customer 999,F,18-25,Enugu,South East,Business,2026-05-30,Fashion,Sneakers,4,7500,0.15,25500.0,1500,Card,Store,pending,Delivered,14.0,4.0,Yes
CUST01000,ORD001000,PRD0021,2348097469525, Customer 1000 ,,36-45,Benin City,South South,Premium,2025-11-12,Fashion,Sneakers,4,75000,0.15,255000.0,0,Card,Website,cancelled,Delivered,13.0,4.0,yes
CUST01001,ORD001001,PRD0025,2348064292170,Customer 1001,Male,46-60,Kano,North West,Regular,2024-04-17,Home & Kitchen,Air Fryer,3,75000,0.0,225000.0,0,Cash on Delivery,Mobile App,pending,Delivered,,5.0,No
CUST01002,ORD001002,PRD0029,2348087903340,Customer 1002,,46-60,Ibadan,South West,Premium,2025-05-31,Groceries,Beverage Pack,2,15000,0.05,28500.0,1500,Card,Mobile App,Cancelled,delivered,1.0,,
CUST01003,ORD001003,PRD0018,2348055724081,Customer 1003,F,,Port Harcourt,South South,Business,2024-12-15,Home & Kitchen,Vacuum Cleaner,1,120000,0.15,102000.0,1500,Bank Transfer,Mobile App,pending,In Transit,4.0,4.0,No
CUST01004,ORD001004,PRD0025,2348027144336,Customer 1004,FEMALE,60+,Abuja,North Central,Premium,2025-02-21,Groceries,Cooking Oil,2,10000,0.1,18000.0,3500,,Website,completed,In Transit,10.0,4.0,No
CUST01005,ORD001005,PRD0019,2348025929056,Customer 1005,Male,36-45,Port Harcourt,South South,Premium,2025-03-06,Electronics,Smartphone,3,3500,0.2,8400.0,3500,Bank Transfer,Store,cancelled,In Transit,4.0,5.0,NO
CUST01006,ORD001006,PRD0001,2348048833145,Customer 1006,,18-25,Ibadan,South West,Occasional,2025-10-02,Home & Kitchen,Vacuum Cleaner,2,3500,0.15,5950.0,1500,Bank Transfer,Instagram,Completed,delivered,4.0,4.0,Yes
CUST01007,ORD001007,PRD0012,2348065606613,Customer 1007,Male,46-60,Kaduna,North West,premium ,2024-12-19,Electronics,Smartphone,1,7500,0.0,7500.0,2500,Wallet,Marketplace,completed,Delayed,12.0,3.0,yes
CUST01008,ORD001008,PRD0022,2348058782630,Customer 1008,Female,18-25,Port Harcourt,South South,REGULAR,2026-06-13,Electronics,Laptop,1,120000,0.0,120000.0,2500,Card,website,pending,Delivered,4.0,1.0,
CUST01009,ORD001009,PRD0017,2348069371241,Customer 1009,M,60+,Kano,North West,Regular,2026-08-04,Groceries,Beverage Pack,1,25000,0.2,20000.0,0,Cash on Delivery,Website,Completed,DELIVERED,2.0,4.0,Yes
CUST01010,ORD001010,PRD0026,2348054411075,Customer 1010,Female,18-25,Port Harcourt,South South,Regular,2025-03-30,Sports,Football,1,40000,0.1,36000.0,0,Card,Store,Cancelled,Returned,5.0,4.0,No
CUST01011,ORD001011,PRD0012,2348060235287,Customer 1011,,36-45,Benin City,South South,Regular,2025-07-26,Fashion,Sneakers,3,10000,0.2,24000.0,0,USSD,website,cancelled,delivered,11.0,4.0,
CUST01012,ORD001012,PRD0014,2348093696372,Customer 1012,M,46-60,Kaduna,North West,Business,2026-05-07,Fashion,Jeans,3,10000,0.2,24000.0,3500,Card,Website,COMPLETED,,14.0,2.0,Yes
CUST01013,ORD001013,PRD0020,2348061002345,Customer 1013,,,Port Harcourt,South South,REGULAR,2025-10-30,Groceries,Cereal,2,5000,0.05,9500.0,2500,Card,,Cancelled,In Transit,1.0,4.0,Yes
CUST01014,ORD001014,PRD0019,2348074724330,Customer 1014,Female,18-25,Enugu,South East,premium ,2024-05-06,Fashion,Shirt,3,15000,0.0,45000.0,2500,bank transfer,Marketplace,Pending,delivered,7.0,5.0,Yes
CUST01015,ORD001015,PRD0004,2348077584798,Customer 1015,M,26-35,Kaduna,North West,Premium,2025-09-06,Fashion,Jeans,4,5000,0.0,20000.0,2500,Cash on Delivery,Website,cancelled,In Transit,,4.0,
CUST01016,ORD001016,PRD0020,2348033777644,Customer 1016,Female,,Abuja,North Central,Occasional,2024-07-04,Beauty,Hair Dryer,4,3500,0.2,11200.0,2500,Bank Transfer,website,cancelled,DELIVERED,,5.0,No
CUST01017,ORD001017,PRD0030,2348056492485,Customer 1017,M,18-25,Enugu,South East,Occasional,2026-08-12,Beauty,Makeup Kit,1,15000,0.1,13500.0,0,Wallet,Store,Completed,Delivered,4.0,5.0,No
CUST01018,ORD001018,PRD0011,2348060703741,Customer 1018,Female,26-35,Lagos,South West,Regular,2025-09-29,Fashion,Sneakers,2,10000,0.1,18000.0,1500,USSD,Instagram,,DELIVERED,,3.0,Yes
CUST01019,ORD001019,PRD0025,2348095248130,Customer 1019,Female,,Lagos,South West,Premium,2025-10-30,Electronics,Smart TV,1,7500,0.15,6375.0,3500,Wallet,Website,completed,,8.0,5.0,
CUST01020,ORD001020,PRD0025,2348088415316,Customer 1020, f ,,Kaduna,North West,premium ,2025-09-13,Electronics,Smartphone,5,25000,0.2,100000.0,3500,Cash on Delivery,Store,pending,Delivered,2.0,1.0,
CUST01021,ORD001021,PRD0020,2348039589014,Customer 1021,Female,26-35,Kaduna,North West,,2024-02-01,Home & Kitchen,Air Fryer,1,75000,0.2,60000.0,1500,Card,Mobile App,Completed,In Transit,14.0,,
CUST01022,ORD001022,PRD0002,2348011633382,Customer 1022,Female,18-25,Enugu,South East,Regular,2025-02-15,Home & Kitchen,Cookware Set,3,40000,0.1,108000.0,0,Card,Instagram,completed,Delivered,6.0,4.0,
CUST01023,ORD001023,PRD0004,2348089459655,Customer 1023,,18-25,Enugu,South East,premium ,2024-12-15,Fashion,Jeans,4,75000,0.0,300000.0,2500,bank transfer,Store,pending,In Transit,2.0,5.0,No
CUST01024,ORD001024,PRD0028,2348047503662,Customer 1024,Male,46-60,Ibadan,South West,Occasional,2024-12-03,Sports,Football,1,7500,0.05,7125.0,3500,USSD,Mobile App,,,3.0,3.0,
CUST01025,ORD001025,PRD0026,2348059723553, Customer 1025 ,M,,Kaduna,North West,Regular,2024-12-18,Sports,Running Shoes,1,75000,0.05,71250.0,3500,Card,Store,Cancelled,In Transit,13.0,4.0,
CUST01026,ORD001026,PRD0027,2348049339265,Customer 1026,FEMALE,46-60,Port Harcourt,South South,Premium,2025-08-30,Sports,Football,2,40000,0.15,68000.0,1000,Card,mobile app,pending,In Transit,8.0,5.0,No
CUST01027,ORD001027,PRD0027,2348079136112,Customer 1027,Male,60+,Enugu,South East,Occasional,2025-08-07,Beauty,Makeup Kit,4,7500,0.2,24000.0,3500,Cash on Delivery,Website,Cancelled,Delivered,,4.0,No
CUST01028,ORD001028,PRD0016,2348074219326,Customer 1028,,36-45,Lagos,South West,Occasional,2025-12-10,Fashion,Jeans,5,25000,0.2,100000.0,1000,Bank Transfer,website,COMPLETED,In Transit,3.0,4.0,No
CUST01029,ORD001029,PRD0030,2348021442504,Customer 1029,,,Enugu,South East,Occasional,2026-05-20,Beauty,Skincare Set,2,120000,0.0,240000.0,2500,bank transfer,Marketplace,Returned,Delayed,12.0,,No
CUST01030,ORD001030,PRD0011,2348020533963,Customer 1030,Female,46-60,Port Harcourt,South South,Occasional,2024-11-25,Sports,Yoga Mat,1,40000,0.15,34000.0,1500,,,Pending,In Transit,2.0,,
CUST01031,ORD001031,PRD0025,2348056512417,Customer 1031,Male,60+,Enugu,South East,Occasional,2025-08-20,Beauty,Makeup Kit,4,15000,0.1,54000.0,3500,Cash on Delivery,Mobile App,Pending,Delivered,7.0,2.0,No
CUST01032,ORD001032,PRD0009,2348088041767,Customer 1032,Male,60+,Abuja,North Central,Occasional,2026-05-30,Home & Kitchen,Vacuum Cleaner,3,10000,0.1,27000.0,3500,Bank Transfer,Instagram,completed,Delivered,9.0,5.0,No
CUST01033,ORD001033,PRD0013,2348059276342,Customer 1033,male,36-45,Enugu,South East,,2024-08-17,Groceries,Beverage Pack,5,120000,0.0,600000.0,2500,CARD,Store,Completed,In Transit,9.0,5.0,Yes
CUST01034,ORD001034,PRD0003,2348080047210,Customer 1034,female,18-25,Benin City,South South,,2026-04-20,Groceries,Rice,3,40000,0.2,96000.0,2500,Bank Transfer,Instagram,Cancelled,,,,
CUST01035,ORD001035,PRD0019,2348093849200,Customer 1035,M,26-35,Enugu,South East,Premium,2024-11-16,Fashion,Jeans,2,3500,0.15,5950.0,1000,Card,Marketplace,Cancelled,Delivered,4.0,5.0,Yes
CUST01036,ORD001036,PRD0018,2348017425626,Customer 1036,Female,26-35,Kano,North West,Occasional,2024-10-11,Home & Kitchen,Blender,1,7500,0.15,6375.0,0,Card,website,Returned,Returned,2.0,5.0,No
CUST01037,ORD001037,PRD0013,2348071165553,Customer 1037,Male,18-25,Benin City,South South,REGULAR,2024-12-16,Sports,Yoga Mat,2,40000,0.15,68000.0,2500,Bank Transfer,,Completed,Delivered,6.0,,
CUST01038,ORD001038,PRD0016,2348041660684,Customer 1038,Male,60+,Port Harcourt,South South,Occasional,2026-04-22,Electronics,Wireless Earbuds,4,3500,0.05,13300.0,0,Cash on Delivery,website,COMPLETED,In Transit,5.0,3.0,No
CUST01039,ORD001039,PRD0018,2348056331804,Customer 1039,Female,26-35,Lagos,South West,Premium,2024-12-12,Home & Kitchen,Air Fryer,4,15000,0.15,51000.0,1500,,Store,Returned,Delayed,1.0,3.0,No
CUST01040,ORD001040,PRD0007,2348043111277,Customer 1040,Female,18-25,Port Harcourt,South South,Regular,2026-06-02,Electronics,Smartphone,1,25000,0.0,25000.0,2500,,Marketplace,,Delivered,6.0,2.0,
CUST01041,ORD001041,PRD0018,2348033589527,Customer 1041,Male,26-35,Port Harcourt,South South,Occasional,2026-07-02,Home & Kitchen,Cookware Set,2,15000,0.1,27000.0,1500,Cash on Delivery,Instagram,cancelled,delivered,4.0,4.0,Yes
CUST01042,ORD001042,PRD0030,2348067962741,Customer 1042,,,Abuja,North Central,Premium,2024-10-20,Fashion,Sneakers,3,40000,0.0,120000.0,3500,Bank Transfer,Website,Completed,In Transit,12.0,,
CUST01043,ORD001043,PRD0011,2348068980900,Customer 1043,,26-35,Benin City,South South,Business,2025-03-19,Electronics,Laptop,5,3500,0.05,16625.0,1000,USSD,Store,Returned,delivered,,5.0,yes
CUST01044,ORD001044,PRD0003,2348032274715,Customer 1044,,,Kaduna,North West,Regular,2026-01-14,Electronics,Smart TV,1,15000,0.1,13500.0,2500,Bank Transfer,Marketplace,Completed,Delayed,,5.0,NO
CUST01045,ORD001045,PRD0025,2348067506589,Customer 1045,Male,18-25,Lagos,South West,Premium,2025-12-14,Electronics,Wireless Earbuds,5,40000,0.05,190000.0,0,USSD,Mobile App,completed,In Transit,3.0,5.0,
CUST01046,ORD001046,PRD0019,2348011961751,Customer 1046,Male,46-60,Kaduna,North West,Occasional,2024-06-17,Groceries,Cereal,5,40000,0.15,170000.0,2500,bank transfer,Mobile App,COMPLETED,Delivered,4.0,2.0,
CUST01047,ORD001047,PRD0026,2348096626515,Customer 1047,female,18-25,Kano,North West,Business,2026-07-10,Electronics,Wireless Earbuds,3,3500,0.0,10500.0,1000,Wallet,Store,pending,Returned,13.0,3.0,Yes
CUST01048,ORD001048,PRD0012,2348082353458,Customer 1048,,46-60,Kano,North West,Occasional,2025-12-15,Beauty,Makeup Kit,3,5000,0.15,12750.0,1500,Card,mobile app,Completed,DELIVERED,9.0,,
CUST01049,ORD001049,PRD0015,2348021941923,Customer 1049,,46-60,Kaduna,North West,Occasional,2026-06-29,Groceries,Beverage Pack,1,5000,0.05,4750.0,1000,CARD,Instagram,,In Transit,12.0,4.0,NO
CUST01050,ORD001050,PRD0027,2348079910632, Customer 1050 ,Female,,Benin City,South South,Premium,2024-05-18,Beauty,Hair Dryer,2,10000,0.2,16000.0,2500,Card,Store,Completed,Delivered,3.0,4.0,NO
CUST01051,ORD001051,PRD0019,2348054790779,Customer 1051, m ,36-45,Abuja,North Central,Premium,2024-04-21,Electronics,Laptop,4,3500,0.2,11200.0,2500,Bank Transfer,,Cancelled,delivered,1.0,5.0,Yes
CUST01052,ORD001052,PRD0028,2348098617560,Customer 1052,,36-45,Lagos,South West,Regular,2024-08-06,Beauty,Skincare Set,5,10000,0.0,50000.0,1000,Wallet,Website,pending,Delayed,8.0,5.0,NO
CUST01053,ORD001053,PRD0002,2348095961858,Customer 1053,Female,46-60,Benin City,South South,,2026-06-05,Electronics,Smartphone,1,25000,0.2,20000.0,0,,Marketplace,completed,delivered,7.0,5.0,NO
CUST01054,ORD001054,PRD0007,2348076802058,Customer 1054,Male,60+,Enugu,South East,Regular,2026-08-02,Sports,Running Shoes,3,3500,0.2,8400.0,3500,Card,Mobile App,cancelled,Returned,13.0,4.0,NO
CUST01055,ORD001055,PRD0017,2348048798083,Customer 1055,Female,46-60,Enugu,South East,Regular,2024-04-30,Beauty,Makeup Kit,2,40000,0.05,76000.0,1500,USSD,Mobile App,Completed,Delayed,14.0,,
CUST01056,ORD001056,PRD0023,2348049195922,Customer 1056,Female,46-60,Ibadan,South West,Premium,2025-05-03,Sports,Gym Bag,3,15000,0.05,42750.0,0,CARD,website,Completed,In Transit,8.0,4.0,No
CUST01057,ORD001057,PRD0006,2348038609607,Customer 1057,Male,,Kaduna,North West,Premium,2024-05-07,Home & Kitchen,Blender,2,25000,0.0,50000.0,0,,Store,Completed,Delivered,13.0,4.0,No
CUST01058,ORD001058,PRD0026,2348083475151,Customer 1058,Female,46-60,Abuja,North Central,Premium,2025-09-06,Sports,Gym Bag,4,5000,0.15,17000.0,2500,CARD,Mobile App,Completed,In Transit,11.0,4.0,No
CUST01059,ORD001059,PRD0014,2348011689344,Customer 1059,female,46-60,Enugu,South East,premium ,2024-04-17,Sports,Yoga Mat,5,5000,0.1,22500.0,3500,Cash on Delivery,Website,Completed,Delivered,8.0,4.0,yes
CUST01060,ORD001060,PRD0028,2348084785088,Customer 1060, f ,60+,Lagos,South West,Business,2025-11-16,Home & Kitchen,Blender,5,40000,0.05,190000.0,1500,Wallet,mobile app,cancelled,Delayed,14.0,4.0,No
CUST01061,ORD001061,PRD0004,2348015280119,Customer 1061,female,26-35,Port Harcourt,South South,Premium,2025-10-29,Electronics,Smartphone,1,75000,0.1,67500.0,1000,Bank Transfer,Instagram,COMPLETED,Delivered,12.0,4.0,Yes
CUST01062,ORD001062,PRD0007,2348090473102,Customer 1062, m ,18-25,Enugu,South East,premium ,2024-11-28,Sports,Running Shoes,4,75000,0.0,300000.0,0,Cash on Delivery,Store,cancelled,DELIVERED,14.0,2.0,No
CUST01063,ORD001063,PRD0020,2348067367680,Customer 1063,Female,18-25,Benin City,South South,Premium,2024-09-23,Fashion,Sneakers,2,75000,0.1,135000.0,2500,USSD,Website,,Delivered,8.0,3.0,No
CUST01064,ORD001064,PRD0007,2348061330067,Customer 1064, f ,46-60,Enugu,South East,Business,2024-12-22,Sports,Running Shoes,2,7500,0.05,14250.0,2500,USSD,Website,,Delayed,12.0,4.0,
CUST01065,ORD001065,PRD0023,2348088681815,Customer 1065,Female,46-60,Enugu,South East,Regular,2024-03-23,Electronics,Laptop,3,75000,0.0,225000.0,1500,Card,Mobile App,Returned,,9.0,4.0,Yes
CUST01066,ORD001066,PRD0024,2348025877523,Customer 1066,F,18-25,Kano,North West,Regular,2025-05-23,Beauty,Makeup Kit,2,120000,0.0,240000.0,1500,Wallet,Website,Cancelled,Returned,2.0,5.0,No
CUST01067,ORD001067,PRD0012,2348077832171,Customer 1067,Male,18-25,Ibadan,South West,,2025-08-08,Fashion,Handbag,2,7500,0.0,15000.0,1000,USSD,Instagram,COMPLETED,,10.0,4.0,
CUST01068,ORD001068,PRD0009,2348029165682,Customer 1068,Male,46-60,Kaduna,North West,Business,2025-06-16,Sports,Football,1,40000,0.1,36000.0,3500,Card,Website,completed,In Transit,14.0,4.0,yes
CUST01069,ORD001069,PRD0019,2348021602514,Customer 1069,Male,60+,Enugu,South East,Regular,2025-01-01,Groceries,Cooking Oil,2,5000,0.0,10000.0,2500,Bank Transfer,Mobile App,Completed,Returned,6.0,1.0,yes
CUST01070,ORD001070,PRD0016,2348089077451,Customer 1070,Male,60+,Enugu,South East,,2024-08-29,Home & Kitchen,Cookware Set,5,75000,0.05,356250.0,1500,Card,Instagram,cancelled,,1.0,,No
CUST01071,ORD001071,PRD0004,2348025327437,Customer 1071,FEMALE,26-35,Port Harcourt,South South,Premium,2024-08-28,Home & Kitchen,Blender,4,40000,0.15,136000.0,1000,bank transfer,Mobile App,Completed,,1.0,2.0,Yes
CUST01072,ORD001072,PRD0008,2348087223918,Customer 1072,Male,36-45,Lagos,South West,Regular,2025-10-17,Fashion,Handbag,1,15000,0.15,12750.0,0,USSD,Mobile App,COMPLETED,Delivered,8.0,,
CUST01073,ORD001073,PRD0019,2348019825256,Customer 1073, f ,18-25,Kaduna,North West,Regular,2024-10-13,Fashion,Sneakers,5,40000,0.0,200000.0,2500,USSD,,Completed,DELIVERED,12.0,4.0,NO
CUST01074,ORD001074,PRD0029,2348072245209,Customer 1074,Female,,Ibadan,South West,Premium,2025-07-23,Groceries,Cooking Oil,2,7500,0.05,14250.0,3500,USSD,Mobile App,,,6.0,5.0,Yes
CUST01075,ORD001075,PRD0011,2348087143305, Customer 1075 ,Female,18-25,Enugu,South East,Regular,2025-07-15,Beauty,Hair Dryer,5,10000,0.15,42500.0,2500,Cash on Delivery,Website,completed,In Transit,1.0,4.0,yes
CUST01076,ORD001076,PRD0008,2348043313099,Customer 1076,,46-60,Enugu,South East,Premium,2026-06-27,Fashion,Shirt,3,120000,0.15,306000.0,1500,,mobile app,completed,delivered,7.0,3.0,
CUST01077,ORD001077,PRD0027,2348049093628,Customer 1077,Female,18-25,Lagos,South West,Premium,2025-11-30,Beauty,Skincare Set,5,40000,0.05,190000.0,1500,Card,Mobile App,Completed,DELIVERED,4.0,4.0,Yes
CUST01078,ORD001078,PRD0011,2348054151906,Customer 1078,Female,36-45,Kaduna,North West,REGULAR,2025-09-10,Home & Kitchen,Cookware Set,2,75000,0.15,127500.0,3500,Cash on Delivery,Website,cancelled,Delivered,4.0,2.0,No
CUST01079,ORD001079,PRD0017,2348014320424,Customer 1079,,46-60,Abuja,North Central,Premium,2025-07-26,Home & Kitchen,Blender,3,75000,0.0,225000.0,1000,Cash on Delivery,Mobile App,Cancelled,Delivered,12.0,5.0,yes
CUST01080,ORD001080,PRD0004,2348050871662,Customer 1080,Female,60+,Kaduna,North West,premium ,2025-06-21,Sports,Gym Bag,5,120000,0.05,570000.0,1000,Cash on Delivery,Mobile App,Cancelled,,,2.0,No
CUST01081,ORD001081,PRD0006,2348086303080,Customer 1081,Female,,Port Harcourt,South South,Premium,2024-09-05,Beauty,Perfume,5,75000,0.1,337500.0,1500,Card,Marketplace,completed,DELIVERED,5.0,5.0,Yes
CUST01082,ORD001082,PRD0013,2348042119179,Customer 1082,Male,,Enugu,South East,Premium,2026-05-28,Groceries,Cooking Oil,5,75000,0.05,356250.0,2500,Card,Store,completed,In Transit,,5.0,No
CUST01083,ORD001083,PRD0022,2348057133470,Customer 1083,Male,60+,Port Harcourt,South South,Premium,2024-12-22,Sports,Running Shoes,2,5000,0.05,9500.0,0,Cash on Delivery,Store,Returned,In Transit,12.0,4.0,No
CUST01084,ORD001084,PRD0028,2348010182895,Customer 1084,MALE,36-45,Port Harcourt,South South,Occasional,2025-07-10,Sports,Gym Bag,5,120000,0.0,600000.0,2500,Bank Transfer,,,delivered,5.0,4.0,No
CUST01085,ORD001085,PRD0025,2348020906346,Customer 1085,Female,36-45,Benin City,South South,REGULAR,2025-12-17,Sports,Yoga Mat,5,5000,0.0,25000.0,1000,bank transfer,Instagram,Completed,,8.0,5.0,Yes
CUST01086,ORD001086,PRD0001,2348037169304,Customer 1086,,46-60,Abuja,North Central,Premium,2025-05-20,Home & Kitchen,Cookware Set,2,3500,0.0,7000.0,3500,Bank Transfer,mobile app,Returned,Delayed,2.0,5.0,No
CUST01087,ORD001087,PRD0011,2348059362016,Customer 1087,,18-25,Lagos,South West,Business,2024-05-08,Electronics,Smart TV,5,25000,0.2,100000.0,1500,Cash on Delivery,Mobile App,COMPLETED,,2.0,5.0,No
CUST01088,ORD001088,PRD0007,2348046095209,Customer 1088,F,60+,Lagos,South West,,2024-10-06,Groceries,Cooking Oil,4,7500,0.15,25500.0,1000,Cash on Delivery,,Pending,Returned,3.0,3.0,
CUST01089,ORD001089,PRD0009,2348060934934,Customer 1089, m ,26-35,Port Harcourt,South South,Business,2024-01-22,Fashion,Shirt,4,40000,0.2,128000.0,1000,USSD,Instagram,Completed,,7.0,4.0,yes
CUST01090,ORD001090,PRD0008,2348061010270,Customer 1090,Female,60+,Ibadan,South West,Occasional,2026-07-25,Electronics,Laptop,1,10000,0.05,9500.0,3500,Bank Transfer,Website,,,11.0,5.0,Yes
CUST01091,ORD001091,PRD0029,2348046261763,Customer 1091,,36-45,Lagos,South West,Regular,2024-10-26,Sports,Yoga Mat,4,5000,0.0,20000.0,1500,Card,Website,cancelled,,7.0,3.0,No
CUST01092,ORD001092,PRD0021,2348029422300,Customer 1092,,60+,Kaduna,North West,Regular,2025-08-24,Electronics,Smartphone,1,3500,0.0,3500.0,2500,Card,mobile app,Completed,Delivered,13.0,2.0,NO
CUST01093,ORD001093,PRD0030,2348025310275,Customer 1093,Male,26-35,Benin City,South South,Regular,2024-07-18,Beauty,Makeup Kit,2,5000,0.15,8500.0,2500,,Mobile App,Completed,,2.0,4.0,No
CUST01094,ORD001094,PRD0017,2348060699687,Customer 1094,,36-45,Lagos,South West,Regular,2024-11-30,Groceries,Cooking Oil,3,7500,0.05,21375.0,1500,USSD,,cancelled,In Transit,11.0,,NO
CUST01095,ORD001095,PRD0022,2348051019597,Customer 1095,Male,60+,Abuja,North Central,Occasional,2024-07-23,Fashion,Jeans,3,75000,0.15,191250.0,1000,Card,Store,cancelled,delivered,10.0,2.0,Yes
CUST01096,ORD001096,PRD0028,2348022768327,Customer 1096,female,18-25,Kano,North West,Premium,2026-05-16,Sports,Gym Bag,5,15000,0.05,71250.0,1500,Cash on Delivery,Website,Cancelled,Delivered,13.0,4.0,No
CUST01097,ORD001097,PRD0002,2348065185384,Customer 1097, m ,18-25,Ibadan,South West,Regular,2025-12-17,Sports,Yoga Mat,3,75000,0.0,225000.0,0,,Website,Completed,Delivered,12.0,2.0,No
CUST01098,ORD001098,PRD0022,2348052157686,Customer 1098,,18-25,Port Harcourt,South South,,2026-08-27,Electronics,Wireless Earbuds,4,15000,0.0,60000.0,3500,Card,Instagram,COMPLETED,Delivered,8.0,5.0,
CUST01099,ORD001099,PRD0021,2348047862456,Customer 1099,M,,Kaduna,North West,Premium,2024-12-25,Beauty,Hair Dryer,1,15000,0.05,14250.0,0,Cash on Delivery,Marketplace,completed,Returned,10.0,4.0,No
CUST01100,ORD001100,PRD0013,2348028665119, Customer 1100 ,Male,46-60,Kano,North West,Business,2025-06-04,Sports,Football,5,25000,0.05,118750.0,3500,Bank Transfer,Store,cancelled,Delayed,5.0,,Yes
CUST01101,ORD001101,PRD0025,2348037815889,Customer 1101,,60+,Kano,North West,Regular,2024-08-11,Sports,Gym Bag,4,7500,0.15,25500.0,3500,Bank Transfer,Mobile App,completed,delivered,,,Yes
CUST01102,ORD001102,PRD0022,2348082081900,Customer 1102,FEMALE,,Kaduna,North West,Premium,2026-02-21,Sports,Running Shoes,1,3500,0.05,3325.0,1000,Cash on Delivery,Website,Completed,Delivered,14.0,4.0,yes
CUST01103,ORD001103,PRD0027,2348082152174,Customer 1103,Female,36-45,Benin City,South South,Regular,2025-05-23,Fashion,Shirt,1,3500,0.2,2800.0,3500,Bank Transfer,Store,Completed,Delivered,,,No
CUST01104,ORD001104,PRD0023,2348049984052,Customer 1104,,,Port Harcourt,South South,Regular,2024-06-17,Sports,Football,4,120000,0.05,456000.0,1000,,Instagram,pending,Delivered,4.0,2.0,NO
CUST01105,ORD001105,PRD0023,2348057894251,Customer 1105,Male,36-45,Enugu,South East,premium ,2024-07-31,Electronics,Smartphone,3,120000,0.0,360000.0,1500,Bank Transfer,Website,pending,Returned,,4.0,Yes
CUST01106,ORD001106,PRD0011,2348083464364,Customer 1106,Female,60+,Kano,North West,Premium,2026-01-15,Electronics,Laptop,3,5000,0.1,13500.0,1500,Bank Transfer,Mobile App,completed,In Transit,4.0,2.0,No
CUST01107,ORD001107,PRD0024,2348028101090,Customer 1107,FEMALE,18-25,Kano,North West,Regular,2024-03-01,Beauty,Skincare Set,5,15000,0.05,71250.0,1000,Wallet,Marketplace,completed,In Transit,11.0,,
CUST01108,ORD001108,PRD0028,2348061337146,Customer 1108,Male,60+,Kaduna,North West,,2024-06-18,Sports,Football,4,3500,0.1,12600.0,0,Cash on Delivery,Website,,In Transit,,5.0,Yes
CUST01109,ORD001109,PRD0023,2348024633784,Customer 1109, f ,46-60,Benin City,South South,Premium,2025-01-06,Fashion,Handbag,4,10000,0.15,34000.0,2500,Card,Website,Completed,Delayed,14.0,5.0,No
CUST01110,ORD001110,PRD0029,2348027211846,Customer 1110,Male,18-25,Port Harcourt,South South,Occasional,2025-09-09,Sports,Gym Bag,3,10000,0.0,30000.0,1000,USSD,Mobile App,Completed,In Transit,7.0,,No
CUST01111,ORD001111,PRD0030,2348021688716,Customer 1111,Male,60+,Abuja,North Central,Regular,2025-10-17,Beauty,Makeup Kit,5,3500,0.05,16625.0,2500,USSD,,Pending,delivered,2.0,5.0,
CUST01112,ORD001112,PRD0007,2348023496876,Customer 1112,female,18-25,Benin City,South South,Occasional,2025-07-02,Beauty,Makeup Kit,5,25000,0.2,100000.0,1500,Cash on Delivery,Marketplace,Cancelled,Delayed,10.0,2.0,yes
CUST01113,ORD001113,PRD0003,2348092609579,Customer 1113,Male,60+,Kaduna,North West,,2026-05-23,Fashion,Sneakers,5,25000,0.05,118750.0,2500,Cash on Delivery,,COMPLETED,Delivered,9.0,5.0,No
CUST01114,ORD001114,PRD0002,2348083750526,Customer 1114,Male,36-45,Kaduna,North West,Premium,2026-07-30,Beauty,Hair Dryer,5,25000,0.2,100000.0,1000,Wallet,Store,COMPLETED,In Transit,12.0,1.0,No
CUST01115,ORD001115,PRD0005,2348092807939,Customer 1115,Female,26-35,Kano,North West,Regular,2025-03-29,Fashion,Jeans,2,75000,0.15,127500.0,3500,Card,Website,pending,Returned,1.0,1.0,No
CUST01116,ORD001116,PRD0004,2348018796659,Customer 1116,Male,18-25,Kaduna,North West,Business,2024-10-23,Fashion,Shirt,1,10000,0.05,9500.0,0,Card,Mobile App,Completed,delivered,12.0,5.0,No
CUST01117,ORD001117,PRD0007,2348032990552,Customer 1117,Female,,Abuja,North Central,REGULAR,2025-01-09,Beauty,Hair Dryer,3,15000,0.15,38250.0,1000,,Instagram,COMPLETED,In Transit,13.0,5.0,Yes
CUST01118,ORD001118,PRD0006,2348029195793,Customer 1118,MALE,36-45,Benin City,South South,Occasional,2025-05-23,Electronics,Wireless Earbuds,3,3500,0.15,8925.0,1500,Wallet,Instagram,Completed,Delivered,8.0,5.0,No
CUST01119,ORD001119,PRD0023,2348012099230,Customer 1119,female,60+,Lagos,South West,Occasional,2024-06-27,Home & Kitchen,Vacuum Cleaner,4,40000,0.0,160000.0,3500,Cash on Delivery,Marketplace,Cancelled,Delivered,8.0,5.0,Yes
CUST01120,ORD001120,PRD0028,2348055827307,Customer 1120,F,46-60,Ibadan,South West,premium ,2025-01-04,Groceries,Beverage Pack,1,7500,0.1,6750.0,2500,,Marketplace,,Returned,8.0,4.0,
CUST01121,ORD001121,PRD0028,2348086120757,Customer 1121,Female,,Kaduna,North West,Regular,2025-03-22,Fashion,Sneakers,2,5000,0.0,10000.0,1000,Wallet,Store,Cancelled,Delivered,7.0,4.0,No
CUST01122,ORD001122,PRD0029,2348047114366,Customer 1122,Female,46-60,Ibadan,South West,Regular,2025-10-14,Electronics,Smartphone,4,25000,0.0,100000.0,2500,Card,Store,cancelled,,5.0,4.0,Yes
CUST01123,ORD001123,PRD0013,2348041341111,Customer 1123, m ,,Ibadan,South West,Occasional,2024-06-29,Groceries,Rice,4,25000,0.05,95000.0,2500,Cash on Delivery,mobile app,cancelled,Delivered,7.0,4.0,Yes
CUST01124,ORD001124,PRD0017,2348053213778,Customer 1124, f ,18-25,Port Harcourt,South South,Regular,2026-04-26,Home & Kitchen,Air Fryer,5,3500,0.1,15750.0,3500,Card,Website,Completed,delivered,,3.0,No
CUST01125,ORD001125,PRD0029,2348012672578, Customer 1125 ,Male,,Port Harcourt,South South,Regular,2026-01-29,Groceries,Beverage Pack,1,40000,0.05,38000.0,1000,Cash on Delivery,Website,cancelled,delivered,,4.0,
CUST01126,ORD001126,PRD0017,2348054899460,Customer 1126,,46-60,Kano,North West,Occasional,2025-12-23,Beauty,Makeup Kit,5,120000,0.2,480000.0,1000,,mobile app,Cancelled,DELIVERED,8.0,4.0,Yes
CUST01127,ORD001127,PRD0014,2348047810533,Customer 1127,F,46-60,Benin City,South South,Occasional,2024-07-23,Electronics,Wireless Earbuds,2,10000,0.15,17000.0,3500,Card,Store,Pending,delivered,10.0,,No
CUST01128,ORD001128,PRD0019,2348075590295,Customer 1128,,,Kano,North West,Regular,2024-01-27,Groceries,Beverage Pack,1,75000,0.05,71250.0,0,USSD,Store,Pending,In Transit,5.0,4.0,
CUST01129,ORD001129,PRD0005,2348071821901,Customer 1129,,60+,Kano,North West,Occasional,2024-11-29,Groceries,Cereal,3,7500,0.2,18000.0,3500,bank transfer,Instagram,,Delivered,4.0,4.0,NO
CUST01130,ORD001130,PRD0006,2348080605811,Customer 1130,Male,36-45,Enugu,South East,Premium,2026-06-09,Electronics,Wireless Earbuds,2,40000,0.0,80000.0,0,USSD,Store,Cancelled,Delivered,,4.0,No
CUST01131,ORD001131,PRD0020,2348044161036,Customer 1131,Female,46-60,Kaduna,North West,premium ,2025-10-07,Home & Kitchen,Blender,3,10000,0.05,28500.0,1500,Bank Transfer,mobile app,Pending,,,5.0,Yes
CUST01132,ORD001132,PRD0022,2348074745221,Customer 1132,Female,36-45,Kano,North West,Business,2024-04-03,Home & Kitchen,Air Fryer,1,7500,0.15,6375.0,1500,Wallet,Store,,Delivered,1.0,4.0,yes
CUST01133,ORD001133,PRD0012,2348080666604,Customer 1133,Female,,Port Harcourt,South South,Premium,2026-01-28,Home & Kitchen,Cookware Set,2,40000,0.15,68000.0,0,,Mobile App,,Returned,2.0,4.0,No
CUST01134,ORD001134,PRD0009,2348014582409,Customer 1134,,46-60,Kaduna,North West,Occasional,2025-06-15,Beauty,Hair Dryer,4,3500,0.1,12600.0,1500,Wallet,Store,Pending,In Transit,8.0,4.0,No
CUST01135,ORD001135,PRD0026,2348096692421,Customer 1135,,36-45,Kaduna,North West,Premium,2025-06-02,Beauty,Makeup Kit,4,10000,0.2,32000.0,1500,USSD,Website,cancelled,Delayed,10.0,4.0,No
CUST01136,ORD001136,PRD0030,2348040524437,Customer 1136, m ,46-60,Port Harcourt,South South,Premium,2025-05-11,Fashion,Jeans,1,3500,0.15,2975.0,2500,Cash on Delivery,Marketplace,completed,,1.0,5.0,No
CUST01137,ORD001137,PRD0006,2348082152887,Customer 1137,female,,Kaduna,North West,Premium,2025-02-14,Fashion,Shirt,1,15000,0.2,12000.0,1000,Card,Store,pending,Delivered,12.0,,yes
CUST01138,ORD001138,PRD0004,2348032351202,Customer 1138,Female,18-25,Ibadan,South West,Premium,2024-07-07,Electronics,Laptop,3,25000,0.1,67500.0,1000,USSD,Instagram,Pending,,,1.0,
CUST01139,ORD001139,PRD0017,2348089081977,Customer 1139,female,46-60,Lagos,South West,Premium,2024-03-04,Beauty,Skincare Set,1,25000,0.1,22500.0,1000,Cash on Delivery,Store,Pending,Delayed,,5.0,NO
CUST01140,ORD001140,PRD0015,2348096847010,Customer 1140,Female,,Lagos,South West,Regular,2026-03-19,Sports,Gym Bag,2,120000,0.15,204000.0,1500,Cash on Delivery,,COMPLETED,,2.0,3.0,
CUST01141,ORD001141,PRD0022,2348029512397,Customer 1141,Male,60+,Lagos,South West,Premium,2025-03-30,Home & Kitchen,Air Fryer,2,7500,0.15,12750.0,0,Bank Transfer,Instagram,,In Transit,7.0,4.0,No
CUST01142,ORD001142,PRD0007,2348066165312,Customer 1142,Male,,Benin City,South South,Regular,2024-10-25,Fashion,Handbag,1,10000,0.1,9000.0,1500,Cash on Delivery,Website,cancelled,DELIVERED,13.0,5.0,No
CUST01143,ORD001143,PRD0011,2348019037121,Customer 1143,M,,Port Harcourt,South South,premium ,2026-08-28,Groceries,Beverage Pack,3,120000,0.2,288000.0,1500,Cash on Delivery,Instagram,Cancelled,,13.0,4.0,No
CUST01144,ORD001144,PRD0008,2348053710355,Customer 1144,Female,18-25,Enugu,South East,REGULAR,2026-08-29,Groceries,Rice,1,120000,0.0,120000.0,1000,Cash on Delivery,Website,Completed,In Transit,13.0,,No
CUST01145,ORD001145,PRD0007,2348082938587,Customer 1145,,36-45,Kaduna,North West,Regular,2025-08-13,Groceries,Beverage Pack,4,5000,0.0,20000.0,1500,Wallet,Marketplace,Completed,Delivered,1.0,5.0,No
CUST01146,ORD001146,PRD0006,2348087203401,Customer 1146,,,Enugu,South East,premium ,2024-07-16,Home & Kitchen,Vacuum Cleaner,2,3500,0.0,7000.0,1500,Cash on Delivery,,Pending,Delayed,1.0,5.0,No
CUST01147,ORD001147,PRD0029,2348032682402,Customer 1147,Female,18-25,Lagos,South West,Regular,2025-08-29,Fashion,Handbag,4,10000,0.0,40000.0,2500,Bank Transfer,Store,COMPLETED,delivered,11.0,,No
CUST01148,ORD001148,PRD0025,2348087696681,Customer 1148,Female,,Ibadan,South West,Business,2025-12-26,Beauty,Perfume,5,5000,0.15,21250.0,3500,Card,Website,Completed,delivered,5.0,3.0,No
CUST01149,ORD001149,PRD0021,2348085992904,Customer 1149,Female,36-45,Kaduna,North West,Regular,2025-09-07,Beauty,Perfume,5,120000,0.05,570000.0,3500,Bank Transfer,Store,COMPLETED,Delivered,1.0,4.0,No
CUST01150,ORD001150,PRD0014,2348080951440, Customer 1150 ,Female,26-35,Abuja,North Central,Regular,2025-09-18,Groceries,Beverage Pack,3,25000,0.0,75000.0,3500,Bank Transfer,Marketplace,Cancelled,Delivered,,5.0,No
CUST01151,ORD001151,PRD0018,2348058113559,Customer 1151,,46-60,Benin City,South South,Regular,2025-11-22,Fashion,Jeans,2,75000,0.2,120000.0,1000,Bank Transfer,Mobile App,Completed,delivered,14.0,4.0,No
CUST01152,ORD001152,PRD0006,2348080268633,Customer 1152,Female,18-25,Kano,North West,Regular,2024-09-28,Home & Kitchen,Blender,3,3500,0.2,8400.0,1000,Card,Website,Returned,,1.0,3.0,No
CUST01153,ORD001153,PRD0021,2348064018123,Customer 1153,FEMALE,,Enugu,South East,Occasional,2026-04-10,Electronics,Smart TV,5,3500,0.1,15750.0,2500,,Store,Cancelled,Delivered,11.0,4.0,Yes
CUST01154,ORD001154,PRD0016,2348096858718,Customer 1154,MALE,36-45,Lagos,South West,Occasional,2026-04-07,Fashion,Shirt,2,3500,0.15,5950.0,3500,Card,Store,cancelled,In Transit,7.0,3.0,No
CUST01155,ORD001155,PRD0018,2348060285896,Customer 1155,Female,26-35,Benin City,South South,REGULAR,2026-05-04,Sports,Gym Bag,5,75000,0.15,318750.0,0,USSD,Website,Completed,,8.0,4.0,
CUST01156,ORD001156,PRD0017,2348052020893,Customer 1156,M,,Lagos,South West,Occasional,2026-01-12,Beauty,Skincare Set,3,10000,0.1,27000.0,2500,Wallet,Mobile App,Completed,delivered,7.0,2.0,NO
CUST01157,ORD001157,PRD0024,2348058563105,Customer 1157,Male,26-35,Ibadan,South West,Regular,2025-10-19,Sports,Football,5,3500,0.15,14875.0,3500,Wallet,Mobile App,,In Transit,10.0,4.0,
CUST01158,ORD001158,PRD0010,2348080506062,Customer 1158,Male,46-60,Enugu,South East,Occasional,2026-07-19,Fashion,Sneakers,1,7500,0.15,6375.0,1000,USSD,Store,,Delivered,14.0,5.0,NO
CUST01159,ORD001159,PRD0028,2348025248397,Customer 1159,Male,,Lagos,South West,premium ,2024-12-14,Electronics,Wireless Earbuds,4,120000,0.2,384000.0,1500,Cash on Delivery,Marketplace,Completed,Returned,8.0,5.0,No
CUST01160,ORD001160,PRD0017,2348025157524,Customer 1160,,18-25,Enugu,South East,Regular,2024-11-14,Groceries,Beverage Pack,2,120000,0.0,240000.0,1000,Card,Website,COMPLETED,Delivered,8.0,2.0,Yes
CUST01161,ORD001161,PRD0011,2348028961157,Customer 1161,MALE,18-25,Abuja,North Central,Regular,2026-05-19,Groceries,Cooking Oil,5,15000,0.1,67500.0,0,Card,mobile app,Completed,,5.0,4.0,No
CUST01162,ORD001162,PRD0013,2348048646456,Customer 1162,Male,60+,Ibadan,South West,Regular,2026-07-21,Sports,Yoga Mat,5,5000,0.05,23750.0,0,bank transfer,Mobile App,completed,,3.0,4.0,yes
CUST01163,ORD001163,PRD0003,2348061447474,Customer 1163,Male,60+,Lagos,South West,Business,2026-06-28,Beauty,Makeup Kit,1,25000,0.15,21250.0,2500,Cash on Delivery,Mobile App,completed,In Transit,,5.0,No
CUST01164,ORD001164,PRD0014,2348060461823,Customer 1164,Male,26-35,Port Harcourt,South South,Occasional,2025-06-13,Beauty,Perfume,1,120000,0.2,96000.0,0,bank transfer,Marketplace,Cancelled,Delayed,,4.0,NO
CUST01165,ORD001165,PRD0011,2348096395197,Customer 1165,Female,18-25,Kaduna,North West,Occasional,2024-10-11,Fashion,Sneakers,5,15000,0.05,71250.0,0,Cash on Delivery,,Completed,Returned,6.0,5.0,NO
CUST01166,ORD001166,PRD0030,2348047111594,Customer 1166,F,60+,Abuja,North Central,premium ,2026-05-28,Electronics,Smartphone,3,3500,0.1,9450.0,2500,bank transfer,,Cancelled,DELIVERED,8.0,5.0,No
CUST01167,ORD001167,PRD0023,2348079569425,Customer 1167,,46-60,Ibadan,South West,Regular,2024-08-01,Electronics,Wireless Earbuds,3,5000,0.1,13500.0,0,Cash on Delivery,Website,Cancelled,In Transit,12.0,5.0,No
CUST01168,ORD001168,PRD0030,2348021904621,Customer 1168,Female,46-60,Port Harcourt,South South,premium ,2025-01-23,Sports,Gym Bag,4,40000,0.0,160000.0,2500,Cash on Delivery,Marketplace,completed,delivered,1.0,4.0,No
CUST01169,ORD001169,PRD0014,2348083384041,Customer 1169,Male,,Abuja,North Central,Regular,2026-04-11,Home & Kitchen,Cookware Set,3,5000,0.0,15000.0,3500,Bank Transfer,Marketplace,Pending,delivered,12.0,4.0,Yes
CUST01170,ORD001170,PRD0014,2348027954632,Customer 1170,Male,26-35,Enugu,South East,Regular,2025-10-10,Fashion,Shirt,1,120000,0.2,96000.0,1000,Card,Store,Completed,Delayed,5.0,5.0,NO
CUST01171,ORD001171,PRD0010,2348029356292,Customer 1171,Male,26-35,Enugu,South East,Regular,2026-05-19,Groceries,Rice,2,75000,0.15,127500.0,1000,Bank Transfer,mobile app,,,8.0,4.0,Yes
CUST01172,ORD001172,PRD0006,2348019701728,Customer 1172,Female,46-60,Abuja,North Central,Regular,2025-07-27,Groceries,Cereal,2,75000,0.15,127500.0,0,Bank Transfer,Website,cancelled,DELIVERED,6.0,5.0,
CUST01173,ORD001173,PRD0019,2348045234238,Customer 1173,M,,Kaduna,North West,premium ,2025-09-22,Groceries,Cereal,5,10000,0.05,47500.0,0,USSD,,Cancelled,In Transit,1.0,3.0,Yes
CUST01174,ORD001174,PRD0028,2348056157969,Customer 1174,Female,46-60,Lagos,South West,Regular,2025-10-28,Groceries,Beverage Pack,1,5000,0.05,4750.0,1500,Card,Store,,,9.0,5.0,No
CUST01175,ORD001175,PRD0004,2348094148258, Customer 1175 , f ,60+,Enugu,South East,Premium,2024-12-23,Home & Kitchen,Blender,1,3500,0.1,3150.0,2500,USSD,,Cancelled,Delivered,2.0,4.0,No
CUST01176,ORD001176,PRD0001,2348027723595,Customer 1176,M,26-35,Lagos,South West,Premium,2026-07-04,Sports,Yoga Mat,1,7500,0.15,6375.0,3500,Bank Transfer,Instagram,Completed,,5.0,5.0,No
CUST01177,ORD001177,PRD0003,2348056338125,Customer 1177, m ,,Kano,North West,Business,2024-10-25,Fashion,Handbag,2,5000,0.05,9500.0,0,CARD,Store,pending,Delivered,10.0,,No
CUST01178,ORD001178,PRD0027,2348082616796,Customer 1178,Female,,Lagos,South West,Premium,2025-12-03,Groceries,Rice,3,5000,0.2,12000.0,3500,,Store,,Returned,10.0,3.0,No
CUST01179,ORD001179,PRD0029,2348056199534,Customer 1179,M,36-45,Benin City,South South,Premium,2024-06-26,Sports,Gym Bag,2,7500,0.05,14250.0,2500,,Store,completed,delivered,4.0,,
CUST01180,ORD001180,PRD0016,2348056577297,Customer 1180,Male,,Kano,North West,Regular,2026-02-26,Beauty,Perfume,1,3500,0.0,3500.0,0,Cash on Delivery,Website,pending,Returned,5.0,5.0,
CUST01181,ORD001181,PRD0020,2348027641500,Customer 1181,F,26-35,Kaduna,North West,Regular,2026-07-11,Groceries,Cooking Oil,3,3500,0.15,8925.0,1500,bank transfer,Marketplace,Cancelled,,,4.0,NO
CUST01182,ORD001182,PRD0027,2348094822497,Customer 1182,,46-60,Lagos,South West,,2024-02-25,Sports,Gym Bag,3,40000,0.05,114000.0,0,Bank Transfer,Instagram,,Delivered,8.0,4.0,
CUST01183,ORD001183,PRD0022,2348047442035,Customer 1183,male,26-35,Benin City,South South,Premium,2024-11-02,Fashion,Shirt,4,25000,0.2,80000.0,2500,Cash on Delivery,Marketplace,cancelled,delivered,1.0,4.0,No
CUST01184,ORD001184,PRD0002,2348082492041,Customer 1184, m ,26-35,Ibadan,South West,Premium,2025-06-22,Groceries,Cooking Oil,3,15000,0.15,38250.0,1000,Cash on Delivery,Mobile App,completed,DELIVERED,4.0,4.0,No
CUST01185,ORD001185,PRD0003,2348077219550,Customer 1185,Male,,Kano,North West,premium ,2024-03-26,Groceries,Cooking Oil,4,5000,0.15,17000.0,1000,Cash on Delivery,,Cancelled,In Transit,4.0,5.0,No
CUST01186,ORD001186,PRD0021,2348021028617,Customer 1186,Female,26-35,Abuja,North Central,Regular,2026-02-07,Fashion,Jeans,1,25000,0.05,23750.0,2500,USSD,,COMPLETED,Delivered,8.0,3.0,No
CUST01187,ORD001187,PRD0019,2348050936195,Customer 1187,MALE,36-45,Kano,North West,REGULAR,2025-10-30,Groceries,Cooking Oil,3,5000,0.15,12750.0,0,Bank Transfer,Marketplace,Pending,Delayed,12.0,3.0,No
CUST01188,ORD001188,PRD0007,2348042761475,Customer 1188,Female,60+,Port Harcourt,South South,Regular,2025-01-01,Groceries,Cooking Oil,2,10000,0.15,17000.0,2500,CARD,mobile app,completed,Delivered,5.0,4.0,Yes
CUST01189,ORD001189,PRD0024,2348036718918,Customer 1189,,26-35,Lagos,South West,Occasional,2024-01-08,Sports,Yoga Mat,1,10000,0.2,8000.0,3500,Card,Store,Cancelled,In Transit,9.0,2.0,No
CUST01190,ORD001190,PRD0011,2348098229258,Customer 1190,female,18-25,Kano,North West,Premium,2026-04-01,Sports,Yoga Mat,1,40000,0.05,38000.0,2500,Cash on Delivery,Mobile App,Completed,Delivered,5.0,3.0,Yes
CUST01191,ORD001191,PRD0008,2348024301831,Customer 1191,M,60+,Port Harcourt,South South,Regular,2025-09-09,Fashion,Sneakers,1,40000,0.15,34000.0,1500,Card,mobile app,Completed,,6.0,1.0,yes
CUST01192,ORD001192,PRD0012,2348031158231,Customer 1192,Male,60+,Ibadan,South West,Premium,2026-01-09,Fashion,Handbag,3,7500,0.0,22500.0,2500,bank transfer,mobile app,Completed,In Transit,1.0,4.0,No
CUST01193,ORD001193,PRD0015,2348071592798,Customer 1193,,36-45,Enugu,South East,Premium,2025-01-18,Electronics,Wireless Earbuds,4,120000,0.0,480000.0,1000,,,Pending,In Transit,11.0,4.0,NO
CUST01194,ORD001194,PRD0028,2348034762488,Customer 1194,,18-25,Ibadan,South West,Occasional,2026-07-20,Beauty,Makeup Kit,1,10000,0.0,10000.0,0,Wallet,Instagram,Completed,Delayed,8.0,4.0,
CUST01195,ORD001195,PRD0002,2348085394638,Customer 1195,,36-45,Benin City,South South,Occasional,2024-12-11,Electronics,Laptop,2,3500,0.15,5950.0,0,bank transfer,Mobile App,Completed,Delivered,8.0,5.0,No
CUST01196,ORD001196,PRD0025,2348014867784,Customer 1196,Male,60+,Lagos,South West,Premium,2024-07-27,Electronics,Laptop,2,10000,0.05,19000.0,0,Card,,Completed,delivered,14.0,4.0,No
CUST01197,ORD001197,PRD0017,2348055049740,Customer 1197, m ,46-60,Port Harcourt,South South,Premium,2025-05-13,Electronics,Smartphone,3,7500,0.1,20250.0,1500,Card,Website,,In Transit,1.0,4.0,
CUST01198,ORD001198,PRD0017,2348026572823,Customer 1198,Female,60+,Benin City,South South,Regular,2025-01-21,Electronics,Smart TV,4,15000,0.05,57000.0,2500,USSD,Marketplace,Cancelled,DELIVERED,10.0,2.0,
CUST01199,ORD001199,PRD0028,2348058818877,Customer 1199,female,36-45,Abuja,North Central,Regular,2025-03-10,Home & Kitchen,Blender,2,3500,0.1,6300.0,0,Cash on Delivery,Instagram,Completed,Delivered,10.0,5.0,Yes
CUST01200,ORD001200,PRD0002,2348032457905, Customer 1200 ,Female,26-35,Kano,North West,Occasional,2024-04-07,Sports,Running Shoes,3,75000,0.05,213750.0,1500,,Mobile App,Completed,DELIVERED,8.0,2.0,Yes
CUST01201,ORD001201,PRD0025,2348083478009,Customer 1201,Male,46-60,Ibadan,South West,REGULAR,2025-01-26,Fashion,Sneakers,3,120000,0.15,306000.0,3500,Wallet,Website,COMPLETED,delivered,,4.0,No
CUST01202,ORD001202,PRD0019,2348039910186,Customer 1202,Male,60+,Lagos,South West,Business,2025-08-19,Home & Kitchen,Cookware Set,5,5000,0.2,20000.0,1500,Wallet,Mobile App,Pending,Returned,4.0,3.0,No
CUST01203,ORD001203,PRD0017,2348012716459,Customer 1203,Male,26-35,Abuja,North Central,Occasional,2025-12-20,Home & Kitchen,Vacuum Cleaner,4,15000,0.0,60000.0,2500,Card,Instagram,Completed,In Transit,8.0,5.0,
CUST01204,ORD001204,PRD0015,2348071074774,Customer 1204,,36-45,Benin City,South South,,2024-01-27,Beauty,Makeup Kit,3,75000,0.1,202500.0,0,Bank Transfer,Mobile App,,delivered,3.0,5.0,Yes
CUST01205,ORD001205,PRD0014,2348095857445,Customer 1205, m ,26-35,Port Harcourt,South South,Premium,2025-11-01,Sports,Gym Bag,5,3500,0.05,16625.0,2500,Card,Mobile App,Pending,DELIVERED,,,Yes
CUST01206,ORD001206,PRD0002,2348054289046,Customer 1206,Male,26-35,Enugu,South East,Occasional,2024-07-24,Beauty,Hair Dryer,5,25000,0.0,125000.0,1000,Card,mobile app,Completed,Returned,1.0,4.0,Yes
CUST01207,ORD001207,PRD0023,2348079794753,Customer 1207,,,Kano,North West,Occasional,2024-04-11,Electronics,Laptop,1,5000,0.2,4000.0,0,USSD,Mobile App,cancelled,Delivered,3.0,2.0,No
CUST01208,ORD001208,PRD0030,2348076636514,Customer 1208,Female,,Enugu,South East,Premium,2026-02-10,Groceries,Beverage Pack,3,75000,0.0,225000.0,1500,Card,Store,cancelled,Delivered,8.0,4.0,
CUST01209,ORD001209,PRD0012,2348047901928,Customer 1209,Male,,Enugu,South East,Occasional,2025-12-09,Sports,Football,3,40000,0.2,96000.0,2500,Bank Transfer,website,COMPLETED,Delayed,,5.0,No
CUST01210,ORD001210,PRD0013,2348084365113,Customer 1210, m ,18-25,Enugu,South East,Regular,2024-02-12,Fashion,Handbag,2,10000,0.1,18000.0,0,Card,Website,Completed,delivered,9.0,4.0,No
CUST01211,ORD001211,PRD0005,2348097601679,Customer 1211,Male,46-60,Kaduna,North West,Premium,2024-03-26,Sports,Running Shoes,4,5000,0.1,18000.0,1500,Bank Transfer,Store,Returned,,13.0,5.0,Yes
CUST01212,ORD001212,PRD0010,2348052257803,Customer 1212,Male,36-45,Lagos,South West,Regular,2026-02-26,Sports,Running Shoes,5,3500,0.1,15750.0,1000,,Website,Pending,Delivered,6.0,,Yes
CUST01213,ORD001213,PRD0006,2348059974721,Customer 1213, m ,18-25,Lagos,South West,Regular,2025-12-31,Beauty,Perfume,5,3500,0.2,14000.0,2500,Wallet,Website,Cancelled,delivered,4.0,4.0,
CUST01214,ORD001214,PRD0016,2348058963203,Customer 1214,FEMALE,18-25,Enugu,South East,Occasional,2026-08-15,Beauty,Makeup Kit,3,10000,0.05,28500.0,1500,Wallet,,Completed,In Transit,6.0,4.0,No
CUST01215,ORD001215,PRD0016,2348086746757,Customer 1215,,18-25,Lagos,South West,Occasional,2026-07-17,Beauty,Perfume,3,7500,0.15,19125.0,1000,,Store,Completed,,,5.0,No
CUST01216,ORD001216,PRD0019,2348040999530,Customer 1216,,26-35,Enugu,South East,REGULAR,2025-12-20,Home & Kitchen,Cookware Set,5,7500,0.0,37500.0,1000,Wallet,website,Completed,Delayed,14.0,5.0,NO
CUST01217,ORD001217,PRD0024,2348051015607,Customer 1217,Female,18-25,Lagos,South West,Business,2026-06-14,Electronics,Smartphone,5,3500,0.2,14000.0,2500,Card,website,Cancelled,Returned,5.0,,
CUST01218,ORD001218,PRD0018,2348052724208,Customer 1218,Male,26-35,Enugu,South East,Regular,2024-04-15,Electronics,Wireless Earbuds,1,15000,0.15,12750.0,3500,Cash on Delivery,Instagram,,DELIVERED,5.0,1.0,Yes
CUST01219,ORD001219,PRD0010,2348073091754,Customer 1219,Female,60+,Lagos,South West,Premium,2024-11-29,Groceries,Cereal,3,5000,0.1,13500.0,1000,bank transfer,Marketplace,cancelled,delivered,3.0,5.0,NO
CUST01220,ORD001220,PRD0010,2348085437088,Customer 1220,Male,60+,Kaduna,North West,Regular,2025-03-05,Groceries,Rice,1,40000,0.15,34000.0,0,,Website,Pending,Delayed,9.0,5.0,No
CUST01221,ORD001221,PRD0019,2348068619033,Customer 1221,male,26-35,Port Harcourt,South South,REGULAR,2025-11-15,Groceries,Beverage Pack,4,3500,0.1,12600.0,2500,bank transfer,Instagram,Completed,In Transit,7.0,4.0,Yes
CUST01222,ORD001222,PRD0004,2348082793908,Customer 1222,,60+,Port Harcourt,South South,Regular,2024-05-06,Groceries,Cereal,1,120000,0.0,120000.0,1500,Card,Website,pending,Delivered,2.0,3.0,Yes
CUST01223,ORD001223,PRD0019,2348073025860,Customer 1223,,36-45,Kaduna,North West,Occasional,2026-01-05,Electronics,Laptop,4,25000,0.1,90000.0,0,Card,Store,Completed,,11.0,5.0,Yes
CUST01224,ORD001224,PRD0006,2348024614399,Customer 1224,,,Abuja,North Central,Premium,2026-03-29,Home & Kitchen,Blender,3,25000,0.0,75000.0,1500,Bank Transfer,Instagram,cancelled,,11.0,,
CUST01225,ORD001225,PRD0030,2348096095701, Customer 1225 ,,60+,Abuja,North Central,Occasional,2025-11-15,Fashion,Handbag,4,5000,0.15,17000.0,1500,Bank Transfer,Website,completed,Delivered,2.0,4.0,Yes
CUST01226,ORD001226,PRD0019,2348054875734,Customer 1226,Male,18-25,Benin City,South South,,2026-05-29,Fashion,Handbag,5,15000,0.2,60000.0,0,CARD,website,completed,Delivered,6.0,5.0,Yes
CUST01227,ORD001227,PRD0027,2348036670856,Customer 1227,Female,,Abuja,North Central,Premium,2025-12-24,Beauty,Makeup Kit,5,5000,0.2,20000.0,3500,USSD,Mobile App,completed,Delivered,7.0,4.0,No
CUST01228,ORD001228,PRD0008,2348018222299,Customer 1228,Male,60+,Abuja,North Central,Occasional,2024-05-02,Electronics,Laptop,5,5000,0.1,22500.0,0,bank transfer,,Completed,Delayed,12.0,4.0,No
CUST01229,ORD001229,PRD0024,2348026318805,Customer 1229,Female,46-60,Kano,North West,Occasional,2025-05-17,Home & Kitchen,Air Fryer,4,25000,0.1,90000.0,0,Wallet,Store,COMPLETED,In Transit,2.0,3.0,NO
CUST01230,ORD001230,PRD0005,2348085824636,Customer 1230,Male,26-35,Abuja,North Central,Occasional,2025-08-11,Groceries,Cereal,2,5000,0.15,8500.0,1500,Cash on Delivery,Website,cancelled,Delivered,8.0,5.0,NO
CUST01231,ORD001231,PRD0013,2348025172544,Customer 1231, m ,,Enugu,South East,Regular,2024-12-29,Groceries,Cooking Oil,1,15000,0.1,13500.0,2500,Card,Marketplace,Completed,In Transit,3.0,5.0,No
CUST01232,ORD001232,PRD0009,2348012796831,Customer 1232, f ,60+,Enugu,South East,Occasional,2024-11-24,Groceries,Cereal,1,75000,0.0,75000.0,0,Cash on Delivery,Store,Completed,Returned,9.0,4.0,Yes
CUST01233,ORD001233,PRD0025,2348061428137,Customer 1233,male,46-60,Port Harcourt,South South,Occasional,2024-04-02,Electronics,Wireless Earbuds,1,10000,0.0,10000.0,1500,Wallet,Mobile App,Pending,Returned,3.0,5.0,Yes
CUST01234,ORD001234,PRD0008,2348081466526,Customer 1234,,60+,Ibadan,South West,Occasional,2024-05-23,Beauty,Perfume,4,40000,0.0,160000.0,3500,Bank Transfer,Store,,Delivered,7.0,5.0,No
CUST01235,ORD001235,PRD0003,2348073716705,Customer 1235,,18-25,Ibadan,South West,Premium,2024-09-19,Electronics,Laptop,1,75000,0.15,63750.0,3500,Cash on Delivery,Mobile App,Completed,In Transit,2.0,3.0,No
CUST01236,ORD001236,PRD0008,2348033461318,Customer 1236,M,60+,Abuja,North Central,Regular,2025-09-29,Fashion,Handbag,3,3500,0.15,8925.0,1500,Card,website,,delivered,5.0,3.0,Yes
CUST01237,ORD001237,PRD0013,2348087151648,Customer 1237,Female,18-25,Enugu,South East,Premium,2024-11-13,Home & Kitchen,Air Fryer,4,10000,0.1,36000.0,2500,bank transfer,Marketplace,cancelled,,5.0,2.0,
CUST01238,ORD001238,PRD0018,2348030880816,Customer 1238,,,Kano,North West,Business,2024-04-23,Electronics,Smart TV,3,40000,0.15,102000.0,1500,,Instagram,Completed,Delivered,5.0,4.0,NO
CUST01239,ORD001239,PRD0021,2348048564025,Customer 1239,,,Lagos,South West,Business,2024-02-07,Home & Kitchen,Air Fryer,4,3500,0.1,12600.0,1500,CARD,Store,Completed,In Transit,1.0,4.0,
CUST01240,ORD001240,PRD0003,2348019645377,Customer 1240,Male,26-35,Ibadan,South West,Premium,2024-05-13,Electronics,Smartphone,3,120000,0.15,306000.0,1000,,Store,pending,Delayed,12.0,3.0,Yes
CUST01241,ORD001241,PRD0022,2348032231650,Customer 1241,Female,18-25,Abuja,North Central,Premium,2026-04-06,Groceries,Cereal,4,15000,0.0,60000.0,3500,Cash on Delivery,,Pending,delivered,4.0,5.0,Yes
CUST01242,ORD001242,PRD0004,2348071281328,Customer 1242,Male,18-25,Port Harcourt,South South,REGULAR,2024-03-15,Sports,Football,1,15000,0.05,14250.0,1500,bank transfer,Store,Returned,DELIVERED,4.0,,
CUST01243,ORD001243,PRD0019,2348030661545,Customer 1243,Male,,Benin City,South South,Premium,2025-07-05,Beauty,Makeup Kit,2,15000,0.05,28500.0,3500,Cash on Delivery,Instagram,COMPLETED,Delivered,3.0,2.0,No
CUST01244,ORD001244,PRD0015,2348016412903,Customer 1244,FEMALE,60+,Benin City,South South,Premium,2025-02-06,Fashion,Shirt,1,120000,0.1,108000.0,0,USSD,Mobile App,Completed,Delayed,2.0,5.0,Yes
CUST01245,ORD001245,PRD0003,2348027378885,Customer 1245,MALE,,Kaduna,North West,Regular,2026-04-19,Electronics,Wireless Earbuds,3,25000,0.1,67500.0,1000,Cash on Delivery,Website,pending,DELIVERED,4.0,4.0,Yes
CUST01246,ORD001246,PRD0006,2348093084007,Customer 1246,male,,Benin City,South South,Premium,2025-03-09,Home & Kitchen,Vacuum Cleaner,5,10000,0.0,50000.0,3500,Card,Instagram,,Delivered,4.0,4.0,Yes
CUST01247,ORD001247,PRD0024,2348066570369,Customer 1247,male,46-60,Kaduna,North West,Occasional,2024-03-25,Sports,Football,4,5000,0.0,20000.0,1500,bank transfer,Mobile App,pending,Delayed,2.0,5.0,Yes
CUST01248,ORD001248,PRD0022,2348024692125,Customer 1248,male,18-25,Port Harcourt,South South,Premium,2026-04-03,Sports,Gym Bag,5,75000,0.2,300000.0,0,USSD,Store,completed,Returned,9.0,4.0,Yes
CUST01249,ORD001249,PRD0017,2348026980965,Customer 1249,Female,36-45,Abuja,North Central,Premium,2024-02-03,Home & Kitchen,Blender,2,75000,0.05,142500.0,2500,USSD,Store,Completed,delivered,10.0,,Yes
CUST01250,ORD001250,PRD0023,2348055012757, Customer 1250 , m ,60+,Port Harcourt,South South,Regular,2026-08-24,Home & Kitchen,Vacuum Cleaner,3,15000,0.0,45000.0,1000,,Marketplace,cancelled,In Transit,12.0,4.0,Yes
CUST01251,ORD001251,PRD0025,2348021161125,Customer 1251,,60+,Abuja,North Central,Regular,2024-02-17,Groceries,Rice,3,40000,0.2,96000.0,0,Wallet,Website,Pending,delivered,8.0,,Yes
CUST01252,ORD001252,PRD0018,2348032655037,Customer 1252,Female,60+,Benin City,South South,REGULAR,2025-06-02,Groceries,Rice,1,25000,0.05,23750.0,3500,Card,Marketplace,,Delayed,3.0,2.0,No
CUST01253,ORD001253,PRD0013,2348084391240,Customer 1253, f ,18-25,Kano,North West,Occasional,2025-07-18,Beauty,Skincare Set,1,25000,0.15,21250.0,2500,USSD,Instagram,Cancelled,In Transit,4.0,4.0,No
CUST01254,ORD001254,PRD0015,2348030030262,Customer 1254,Male,46-60,Ibadan,South West,Premium,2026-06-24,Groceries,Cooking Oil,5,5000,0.0,25000.0,3500,Wallet,Website,Completed,Delivered,13.0,4.0,
CUST01255,ORD001255,PRD0015,2348075690815,Customer 1255,FEMALE,,Kaduna,North West,Regular,2025-06-28,Sports,Football,1,25000,0.15,21250.0,1000,,,Cancelled,,6.0,5.0,Yes
CUST01256,ORD001256,PRD0025,2348050639221,Customer 1256,Female,46-60,Kano,North West,premium ,2026-04-22,Groceries,Cereal,4,10000,0.2,32000.0,1500,Bank Transfer,Website,Cancelled,DELIVERED,14.0,5.0,yes
CUST01257,ORD001257,PRD0020,2348082711030,Customer 1257,,18-25,Kano,North West,Premium,2026-03-05,Beauty,Hair Dryer,1,25000,0.15,21250.0,1000,Wallet,Store,,,14.0,5.0,yes
CUST01258,ORD001258,PRD0018,2348019757545,Customer 1258,,36-45,Ibadan,South West,,2025-10-25,Groceries,Cereal,4,7500,0.1,27000.0,1500,Bank Transfer,mobile app,cancelled,Delayed,14.0,4.0,
CUST01259,ORD001259,PRD0023,2348088372922,Customer 1259,female,,Kaduna,North West,Premium,2024-05-15,Fashion,Sneakers,5,40000,0.2,160000.0,2500,Bank Transfer,Store,,In Transit,,4.0,No
CUST01260,ORD001260,PRD0006,2348098360225,Customer 1260,female,46-60,Port Harcourt,South South,Premium,2026-01-13,Home & Kitchen,Blender,1,3500,0.05,3325.0,3500,Card,Store,Pending,,12.0,5.0,No
CUST01261,ORD001261,PRD0019,2348046017743,Customer 1261,Male,46-60,Port Harcourt,South South,Premium,2024-07-31,Groceries,Beverage Pack,4,7500,0.0,30000.0,2500,,Website,COMPLETED,delivered,8.0,5.0,Yes
CUST01262,ORD001262,PRD0018,2348010010815,Customer 1262,Male,60+,Abuja,North Central,Regular,2025-02-07,Home & Kitchen,Cookware Set,5,40000,0.0,200000.0,1000,Bank Transfer,Marketplace,Completed,Delivered,9.0,5.0,NO
CUST01263,ORD001263,PRD0024,2348093590223,Customer 1263,Female,,Lagos,South West,Premium,2025-11-05,Sports,Gym Bag,3,120000,0.2,288000.0,1000,Cash on Delivery,Website,Returned,Delivered,10.0,5.0,No
CUST01264,ORD001264,PRD0020,2348015675628,Customer 1264,,18-25,Kano,North West,REGULAR,2026-08-08,Home & Kitchen,Cookware Set,4,25000,0.1,90000.0,1000,,,COMPLETED,delivered,3.0,2.0,No
CUST01265,ORD001265,PRD0005,2348011142598,Customer 1265,Male,26-35,Enugu,South East,Occasional,2026-06-15,Beauty,Hair Dryer,3,25000,0.05,71250.0,2500,Bank Transfer,Instagram,Pending,In Transit,3.0,5.0,
CUST01266,ORD001266,PRD0020,2348011456994,Customer 1266,Male,36-45,Benin City,South South,Occasional,2024-05-16,Sports,Football,2,25000,0.15,42500.0,2500,Bank Transfer,website,,Delayed,8.0,5.0,NO
CUST01267,ORD001267,PRD0010,2348026626225,Customer 1267,M,36-45,Kaduna,North West,Regular,2025-02-01,Electronics,Smartphone,3,15000,0.2,36000.0,2500,USSD,Store,Pending,DELIVERED,11.0,4.0,
CUST01268,ORD001268,PRD0014,2348078383817,Customer 1268,Male,46-60,Lagos,South West,Premium,2024-01-09,Beauty,Makeup Kit,3,10000,0.1,27000.0,3500,Card,Mobile App,cancelled,,9.0,5.0,No
CUST01269,ORD001269,PRD0024,2348074571409,Customer 1269,Male,18-25,Port Harcourt,South South,Occasional,2024-05-25,Sports,Gym Bag,3,3500,0.05,9975.0,3500,USSD,Mobile App,,In Transit,7.0,5.0,yes
CUST01270,ORD001270,PRD0023,2348093811592,Customer 1270, f ,60+,Port Harcourt,South South,Premium,2024-08-08,Home & Kitchen,Cookware Set,5,75000,0.1,337500.0,0,Bank Transfer,Mobile App,pending,,11.0,5.0,
CUST01271,ORD001271,PRD0009,2348026014338,Customer 1271,FEMALE,,Kano,North West,Regular,2025-11-03,Home & Kitchen,Vacuum Cleaner,1,3500,0.1,3150.0,1000,CARD,Store,cancelled,,8.0,3.0,NO
CUST01272,ORD001272,PRD0004,2348038280267,Customer 1272,Male,60+,Port Harcourt,South South,Premium,2024-05-23,Groceries,Cereal,1,15000,0.0,15000.0,1000,Card,Store,Completed,,9.0,,No
CUST01273,ORD001273,PRD0020,2348061584417,Customer 1273,Male,,Abuja,North Central,Business,2025-06-02,Fashion,Handbag,5,75000,0.0,375000.0,1000,Cash on Delivery,Store,Completed,In Transit,,5.0,
CUST01274,ORD001274,PRD0015,2348077874999,Customer 1274,Male,60+,Benin City,South South,Premium,2026-08-30,Fashion,Sneakers,5,40000,0.05,190000.0,2500,Bank Transfer,Store,COMPLETED,DELIVERED,11.0,4.0,
CUST01275,ORD001275,PRD0011,2348077758923, Customer 1275 ,Male,,Ibadan,South West,Regular,2024-01-18,Fashion,Sneakers,4,15000,0.15,51000.0,1000,Card,website,Cancelled,Returned,,5.0,No
CUST01276,ORD001276,PRD0007,2348056094247,Customer 1276,female,46-60,Port Harcourt,South South,Business,2024-04-21,Beauty,Skincare Set,1,5000,0.15,4250.0,2500,Cash on Delivery,Instagram,,delivered,8.0,5.0,NO
CUST01277,ORD001277,PRD0011,2348094389118,Customer 1277,M,60+,Port Harcourt,South South,Regular,2024-03-20,Beauty,Perfume,4,75000,0.0,300000.0,3500,Cash on Delivery,Marketplace,Completed,,,5.0,
CUST01278,ORD001278,PRD0026,2348024570193,Customer 1278,Female,26-35,Kano,North West,Occasional,2024-10-02,Sports,Football,4,15000,0.1,54000.0,2500,Cash on Delivery,Website,Cancelled,delivered,5.0,,No
CUST01279,ORD001279,PRD0017,2348021625018,Customer 1279,,36-45,Enugu,South East,Regular,2024-07-23,Sports,Football,3,15000,0.2,36000.0,0,bank transfer,website,Returned,DELIVERED,13.0,3.0,No
CUST01280,ORD001280,PRD0014,2348061869101,Customer 1280,Male,26-35,Port Harcourt,South South,Premium,2026-04-25,Electronics,Smartphone,1,15000,0.1,13500.0,2500,USSD,Instagram,completed,,13.0,5.0,Yes
CUST01281,ORD001281,PRD0010,2348043941063,Customer 1281,Female,,Enugu,South East,Occasional,2026-01-13,Sports,Football,5,7500,0.1,33750.0,1500,Bank Transfer,Store,Cancelled,Delivered,13.0,4.0,Yes
CUST01282,ORD001282,PRD0015,2348087380181,Customer 1282,Male,36-45,Benin City,South South,Business,2024-03-21,Electronics,Wireless Earbuds,2,15000,0.0,30000.0,2500,Wallet,Marketplace,Pending,delivered,7.0,5.0,yes
CUST01283,ORD001283,PRD0019,2348095664957,Customer 1283,Male,36-45,Abuja,North Central,Regular,2026-06-18,Home & Kitchen,Cookware Set,3,15000,0.05,42750.0,0,Bank Transfer,website,COMPLETED,Delivered,5.0,2.0,
CUST01284,ORD001284,PRD0018,2348068631556,Customer 1284,Female,18-25,Abuja,North Central,Occasional,2024-04-06,Home & Kitchen,Vacuum Cleaner,5,7500,0.15,31875.0,2500,bank transfer,Website,Cancelled,Delivered,14.0,4.0,No
CUST01285,ORD001285,PRD0001,2348091439429,Customer 1285,F,26-35,Kaduna,North West,,2025-07-25,Sports,Gym Bag,5,75000,0.15,318750.0,1500,USSD,Marketplace,COMPLETED,delivered,,,
CUST01286,ORD001286,PRD0001,2348054732710,Customer 1286,Female,46-60,Lagos,South West,Regular,2024-08-17,Home & Kitchen,Blender,3,40000,0.05,114000.0,0,Cash on Delivery,Instagram,pending,Returned,10.0,4.0,No
CUST01287,ORD001287,PRD0009,2348030146428,Customer 1287,Male,18-25,Enugu,South East,Regular,2026-07-07,Home & Kitchen,Vacuum Cleaner,5,75000,0.05,356250.0,2500,Cash on Delivery,Store,,,9.0,5.0,yes
CUST01288,ORD001288,PRD0007,2348052225294,Customer 1288,Female,18-25,Port Harcourt,South South,premium ,2024-07-03,Beauty,Skincare Set,4,15000,0.1,54000.0,1000,Card,Mobile App,completed,Returned,14.0,2.0,No
CUST01289,ORD001289,PRD0016,2348023912004,Customer 1289,male,26-35,Enugu,South East,Premium,2025-04-22,Home & Kitchen,Cookware Set,4,7500,0.0,30000.0,1500,Bank Transfer,Marketplace,Completed,Delayed,4.0,,Yes
CUST01290,ORD001290,PRD0003,2348074048681,Customer 1290,Female,18-25,Lagos,South West,Premium,2025-08-09,Fashion,Shirt,4,5000,0.15,17000.0,3500,Card,,Completed,Delivered,9.0,2.0,Yes
CUST01291,ORD001291,PRD0002,2348010857782,Customer 1291,male,18-25,Kaduna,North West,Business,2024-02-06,Sports,Yoga Mat,4,7500,0.0,30000.0,1000,Wallet,Marketplace,Returned,DELIVERED,8.0,2.0,yes
CUST01292,ORD001292,PRD0003,2348092245929,Customer 1292,Female,,Kano,North West,Regular,2025-10-25,Groceries,Cereal,4,10000,0.2,32000.0,3500,Cash on Delivery,Mobile App,Completed,Returned,2.0,,No
CUST01293,ORD001293,PRD0006,2348040683038,Customer 1293,F,,Ibadan,South West,Premium,2024-06-10,Groceries,Cooking Oil,5,7500,0.15,31875.0,1000,,Marketplace,,,4.0,5.0,No
CUST01294,ORD001294,PRD0024,2348095575241,Customer 1294,F,60+,Kaduna,North West,Occasional,2024-04-03,Groceries,Cooking Oil,4,10000,0.0,40000.0,1000,Card,,Returned,,2.0,3.0,
CUST01295,ORD001295,PRD0016,2348012112248,Customer 1295,F,18-25,Port Harcourt,South South,Premium,2024-02-18,Electronics,Smartphone,2,10000,0.0,20000.0,1000,Cash on Delivery,website,,In Transit,,4.0,No
CUST01296,ORD001296,PRD0014,2348089240832,Customer 1296,male,,Ibadan,South West,Business,2025-10-25,Fashion,Jeans,5,40000,0.1,180000.0,2500,USSD,Marketplace,Pending,Delivered,3.0,5.0,
CUST01297,ORD001297,PRD0009,2348046666025,Customer 1297,,18-25,Lagos,South West,Business,2024-04-12,Sports,Football,2,120000,0.2,192000.0,3500,Cash on Delivery,Mobile App,Returned,Returned,8.0,4.0,
CUST01298,ORD001298,PRD0001,2348084814220,Customer 1298,,26-35,Port Harcourt,South South,Premium,2024-12-17,Fashion,Handbag,5,40000,0.1,180000.0,0,Bank Transfer,Website,Completed,Returned,13.0,3.0,No
CUST01299,ORD001299,PRD0012,2348045820097,Customer 1299,M,,Benin City,South South,Regular,2026-01-29,Beauty,Skincare Set,4,25000,0.05,95000.0,3500,Card,Marketplace,pending,DELIVERED,8.0,4.0,No
CUST01300,ORD001300,PRD0007,2348049354717, Customer 1300 ,,26-35,Lagos,South West,Regular,2024-07-13,Home & Kitchen,Vacuum Cleaner,5,75000,0.05,356250.0,0,Cash on Delivery,Website,pending,Delivered,5.0,2.0,Yes
CUST01301,ORD001301,PRD0005,2348010533847,Customer 1301,Male,60+,Ibadan,South West,Premium,2026-04-14,Home & Kitchen,Air Fryer,2,10000,0.2,16000.0,0,Card,Mobile App,pending,Returned,5.0,2.0,No
CUST01302,ORD001302,PRD0028,2348076582590,Customer 1302,M,26-35,Benin City,South South,Regular,2024-05-04,Groceries,Rice,5,10000,0.15,42500.0,1000,Cash on Delivery,Website,completed,Returned,12.0,5.0,No
CUST01303,ORD001303,PRD0001,2348081928875,Customer 1303,Male,,Ibadan,South West,Business,2026-01-23,Groceries,Cereal,4,5000,0.05,19000.0,0,Bank Transfer,Marketplace,cancelled,Delayed,,4.0,yes
CUST01304,ORD001304,PRD0005,2348080621462,Customer 1304,male,26-35,Lagos,South West,Premium,2024-12-10,Fashion,Jeans,5,120000,0.2,480000.0,1000,,Store,,delivered,8.0,5.0,NO
CUST01305,ORD001305,PRD0018,2348089552723,Customer 1305,Female,36-45,Enugu,South East,Regular,2025-05-19,Beauty,Perfume,4,15000,0.1,54000.0,2500,Card,Store,cancelled,In Transit,14.0,4.0,No
CUST01306,ORD001306,PRD0026,2348081507469,Customer 1306,Female,26-35,Kaduna,North West,Regular,2025-04-20,Groceries,Cereal,4,15000,0.05,57000.0,1500,Card,Store,Completed,Delivered,11.0,5.0,No
CUST01307,ORD001307,PRD0025,2348045099105,Customer 1307,Female,18-25,Kano,North West,Regular,2024-12-16,Sports,Yoga Mat,5,25000,0.0,125000.0,1000,bank transfer,Mobile App,Completed,In Transit,1.0,5.0,NO
CUST01308,ORD001308,PRD0013,2348017178072,Customer 1308,Male,60+,Abuja,North Central,premium ,2024-04-12,Electronics,Wireless Earbuds,1,10000,0.05,9500.0,1000,Wallet,Store,Completed,delivered,13.0,5.0,Yes
CUST01309,ORD001309,PRD0022,2348039274433,Customer 1309,,26-35,Ibadan,South West,REGULAR,2024-02-01,Beauty,Perfume,1,40000,0.0,40000.0,1500,Bank Transfer,Store,Completed,Delivered,5.0,,No
CUST01310,ORD001310,PRD0006,2348042150614,Customer 1310,,18-25,Benin City,South South,Premium,2026-07-15,Groceries,Cooking Oil,4,15000,0.15,51000.0,1000,Wallet,,Completed,In Transit,4.0,,No
CUST01311,ORD001311,PRD0009,2348084271622,Customer 1311,FEMALE,46-60,Abuja,North Central,Business,2024-10-11,Electronics,Smartphone,5,120000,0.2,480000.0,2500,Card,website,Completed,DELIVERED,11.0,1.0,yes
CUST01312,ORD001312,PRD0001,2348074398103,Customer 1312,,36-45,Ibadan,South West,Premium,2024-01-29,Home & Kitchen,Air Fryer,5,40000,0.0,200000.0,1000,Card,Mobile App,completed,Returned,1.0,5.0,No
CUST01313,ORD001313,PRD0030,2348070276748,Customer 1313,,18-25,Kano,North West,Premium,2026-04-23,Fashion,Sneakers,3,3500,0.1,9450.0,1000,Cash on Delivery,Marketplace,completed,Returned,13.0,2.0,yes
CUST01314,ORD001314,PRD0013,2348028641760,Customer 1314,Female,36-45,Benin City,South South,Regular,2024-01-25,Groceries,Rice,3,15000,0.0,45000.0,2500,Card,Marketplace,Returned,,,4.0,yes
CUST01315,ORD001315,PRD0022,2348060803772,Customer 1315, f ,46-60,Ibadan,South West,Regular,2025-10-11,Sports,Yoga Mat,1,40000,0.05,38000.0,3500,Card,website,pending,In Transit,2.0,5.0,
CUST01316,ORD001316,PRD0006,2348065757127,Customer 1316,Female,36-45,Kano,North West,REGULAR,2024-10-01,Sports,Yoga Mat,2,7500,0.0,15000.0,1000,USSD,Store,,Returned,10.0,5.0,Yes
CUST01317,ORD001317,PRD0014,2348083777850,Customer 1317,Male,,Ibadan,South West,Regular,2024-02-12,Groceries,Beverage Pack,5,10000,0.05,47500.0,1000,Card,Store,completed,,7.0,5.0,No
CUST01318,ORD001318,PRD0006,2348063051018,Customer 1318,Female,46-60,Abuja,North Central,Business,2024-11-25,Groceries,Cooking Oil,5,40000,0.2,160000.0,0,Bank Transfer,Mobile App,completed,Returned,4.0,4.0,
CUST01319,ORD001319,PRD0026,2348076885044,Customer 1319,Male,18-25,Ibadan,South West,Regular,2025-08-09,Groceries,Rice,4,40000,0.05,152000.0,3500,Card,Marketplace,Completed,Delivered,11.0,4.0,NO
CUST01320,ORD001320,PRD0024,2348088154869,Customer 1320,Female,36-45,Benin City,South South,Regular,2024-04-15,Fashion,Jeans,2,5000,0.2,8000.0,1000,Wallet,Store,Pending,In Transit,9.0,,No
CUST01321,ORD001321,PRD0028,2348072469327,Customer 1321,male,46-60,Benin City,South South,Regular,2024-12-13,Electronics,Laptop,2,7500,0.2,12000.0,1500,Card,Mobile App,Pending,In Transit,8.0,,
CUST01322,ORD001322,PRD0018,2348094543440,Customer 1322,Male,60+,Abuja,North Central,Regular,2026-07-03,Electronics,Smartphone,5,7500,0.15,31875.0,1000,Card,Instagram,,delivered,13.0,4.0,Yes
CUST01323,ORD001323,PRD0020,2348098420543,Customer 1323,Male,,Enugu,South East,Occasional,2024-01-30,Beauty,Hair Dryer,3,7500,0.15,19125.0,3500,Card,Store,cancelled,Delivered,8.0,5.0,Yes
CUST01324,ORD001324,PRD0006,2348094395692,Customer 1324,,36-45,Benin City,South South,Occasional,2024-07-29,Sports,Running Shoes,1,3500,0.05,3325.0,2500,Cash on Delivery,Store,pending,Returned,2.0,5.0,
CUST01325,ORD001325,PRD0028,2348099379251, Customer 1325 ,Female,60+,Kaduna,North West,Occasional,2025-03-27,Beauty,Makeup Kit,5,15000,0.05,71250.0,2500,Cash on Delivery,Store,Pending,Delivered,,2.0,
CUST01326,ORD001326,PRD0020,2348068950353,Customer 1326,male,36-45,Benin City,South South,Regular,2024-07-06,Groceries,Cooking Oil,3,25000,0.1,67500.0,2500,Wallet,Website,Cancelled,Delivered,14.0,4.0,
CUST01327,ORD001327,PRD0027,2348054155101,Customer 1327,Female,26-35,Lagos,South West,Occasional,2026-02-27,Sports,Running Shoes,5,25000,0.15,106250.0,3500,bank transfer,Instagram,Completed,In Transit,2.0,5.0,No
CUST01328,ORD001328,PRD0028,2348045495826,Customer 1328,,46-60,Port Harcourt,South South,Premium,2026-08-24,Sports,Football,1,10000,0.05,9500.0,2500,Wallet,,completed,Delivered,13.0,5.0,NO
CUST01329,ORD001329,PRD0001,2348085211805,Customer 1329,Male,46-60,Benin City,South South,Regular,2024-09-17,Sports,Yoga Mat,4,15000,0.2,48000.0,0,Cash on Delivery,Instagram,Completed,,3.0,2.0,NO
CUST01330,ORD001330,PRD0009,2348053968018,Customer 1330,Male,60+,Kano,North West,Regular,2025-09-02,Sports,Running Shoes,4,10000,0.05,38000.0,1000,CARD,Store,COMPLETED,Delivered,2.0,3.0,No
CUST01331,ORD001331,PRD0010,2348066582141,Customer 1331,Male,,Benin City,South South,Regular,2026-02-06,Home & Kitchen,Cookware Set,3,15000,0.05,42750.0,3500,USSD,Store,Returned,In Transit,14.0,3.0,yes
CUST01332,ORD001332,PRD0001,2348072971205,Customer 1332,Female,46-60,Enugu,South East,Premium,2025-12-16,Groceries,Cooking Oil,4,40000,0.2,128000.0,3500,Wallet,Store,completed,Delayed,14.0,3.0,No
CUST01333,ORD001333,PRD0017,2348032073128,Customer 1333,male,18-25,Lagos,South West,Occasional,2024-03-11,Groceries,Rice,4,120000,0.0,480000.0,0,Card,Mobile App,Returned,DELIVERED,3.0,3.0,
CUST01334,ORD001334,PRD0005,2348043261476,Customer 1334,Male,18-25,Kano,North West,Business,2026-02-05,Groceries,Beverage Pack,1,120000,0.05,114000.0,1000,Bank Transfer,,Cancelled,DELIVERED,13.0,,
CUST01335,ORD001335,PRD0011,2348098379443,Customer 1335,female,,Port Harcourt,South South,,2024-12-06,Home & Kitchen,Air Fryer,3,5000,0.05,14250.0,0,Bank Transfer,Website,completed,Returned,6.0,,Yes
CUST01336,ORD001336,PRD0028,2348075571257,Customer 1336, f ,26-35,Kaduna,North West,Premium,2024-03-13,Home & Kitchen,Vacuum Cleaner,3,7500,0.0,22500.0,2500,Cash on Delivery,website,Pending,Returned,13.0,5.0,Yes
CUST01337,ORD001337,PRD0015,2348079646537,Customer 1337,Male,36-45,Lagos,South West,Business,2025-02-14,Beauty,Skincare Set,1,10000,0.0,10000.0,3500,Wallet,Store,pending,,,,NO
CUST01338,ORD001338,PRD0005,2348072628724,Customer 1338, m ,,Kaduna,North West,Regular,2026-01-29,Sports,Yoga Mat,1,7500,0.0,7500.0,1500,Wallet,Instagram,Pending,Returned,5.0,4.0,
CUST01339,ORD001339,PRD0004,2348098248984,Customer 1339,,36-45,Kaduna,North West,REGULAR,2024-01-08,Beauty,Skincare Set,4,120000,0.15,408000.0,2500,Wallet,Instagram,,In Transit,7.0,4.0,Yes
CUST01340,ORD001340,PRD0018,2348066523919,Customer 1340,Male,26-35,Benin City,South South,Regular,2026-03-20,Electronics,Wireless Earbuds,3,40000,0.2,96000.0,3500,USSD,Marketplace,cancelled,DELIVERED,3.0,4.0,Yes
CUST01341,ORD001341,PRD0022,2348027578910,Customer 1341,Male,60+,Kano,North West,premium ,2026-07-14,Fashion,Sneakers,4,3500,0.1,12600.0,3500,USSD,Marketplace,,DELIVERED,12.0,5.0,Yes
CUST01342,ORD001342,PRD0008,2348024393769,Customer 1342,Female,,Lagos,South West,Regular,2024-02-08,Electronics,Smartphone,2,5000,0.2,8000.0,1000,Card,Website,,,10.0,2.0,No
CUST01343,ORD001343,PRD0017,2348063797680,Customer 1343,Female,18-25,Kaduna,North West,Premium,2025-09-06,Fashion,Jeans,1,10000,0.0,10000.0,1000,Card,Marketplace,cancelled,Returned,12.0,2.0,NO
CUST01344,ORD001344,PRD0025,2348070509807,Customer 1344,Female,18-25,Ibadan,South West,Regular,2025-05-29,Home & Kitchen,Blender,5,40000,0.2,160000.0,1500,,,Completed,Delivered,9.0,5.0,No
CUST01345,ORD001345,PRD0008,2348072435727,Customer 1345,,36-45,Enugu,South East,Premium,2025-03-15,Sports,Yoga Mat,2,25000,0.1,45000.0,1500,Wallet,Store,cancelled,Returned,10.0,5.0,
CUST01346,ORD001346,PRD0005,2348044167706,Customer 1346,,26-35,Kaduna,North West,Regular,2026-02-11,Beauty,Perfume,4,75000,0.15,255000.0,1000,Cash on Delivery,mobile app,pending,Delayed,9.0,4.0,Yes
CUST01347,ORD001347,PRD0007,2348041419037,Customer 1347,Male,18-25,Kaduna,North West,Regular,2024-04-06,Electronics,Smartphone,4,10000,0.05,38000.0,0,,Store,,delivered,7.0,5.0,Yes
CUST01348,ORD001348,PRD0026,2348084668508,Customer 1348,Male,26-35,Port Harcourt,South South,Occasional,2025-07-10,Home & Kitchen,Cookware Set,3,40000,0.05,114000.0,2500,Cash on Delivery,Marketplace,pending,delivered,,4.0,No
CUST01349,ORD001349,PRD0021,2348025662084,Customer 1349,Male,26-35,Kano,North West,Premium,2026-01-14,Home & Kitchen,Air Fryer,5,10000,0.2,40000.0,2500,USSD,Mobile App,pending,Returned,6.0,4.0,
CUST01350,ORD001350,PRD0014,2348017894026, Customer 1350 ,,26-35,Ibadan,South West,Occasional,2026-08-11,Fashion,Sneakers,2,40000,0.0,80000.0,3500,USSD,Mobile App,cancelled,Returned,4.0,4.0,No
CUST01351,ORD001351,PRD0018,2348041988507,Customer 1351,,26-35,Port Harcourt,South South,premium ,2026-02-19,Beauty,Skincare Set,3,15000,0.15,38250.0,1500,Wallet,Mobile App,pending,,1.0,5.0,NO
CUST01352,ORD001352,PRD0025,2348040990253,Customer 1352,,36-45,Lagos,South West,Occasional,2024-02-23,Fashion,Handbag,2,5000,0.0,10000.0,0,Card,Store,Cancelled,delivered,8.0,5.0,Yes
CUST01353,ORD001353,PRD0021,2348093597159,Customer 1353,Female,26-35,Kaduna,North West,Regular,2026-03-09,Groceries,Beverage Pack,3,3500,0.1,9450.0,2500,,Store,Pending,In Transit,9.0,3.0,yes
CUST01354,ORD001354,PRD0027,2348082241386,Customer 1354,Female,60+,Kaduna,North West,Premium,2024-07-06,Fashion,Shirt,1,10000,0.15,8500.0,3500,Cash on Delivery,mobile app,Completed,delivered,4.0,5.0,Yes
CUST01355,ORD001355,PRD0017,2348061685145,Customer 1355,,60+,Enugu,South East,Regular,2026-05-16,Beauty,Perfume,3,120000,0.2,288000.0,0,USSD,Marketplace,completed,In Transit,4.0,4.0,NO
CUST01356,ORD001356,PRD0023,2348013838211,Customer 1356,,36-45,Benin City,South South,Premium,2026-01-16,Home & Kitchen,Air Fryer,1,120000,0.0,120000.0,1000,Bank Transfer,Mobile App,Completed,delivered,12.0,4.0,No
CUST01357,ORD001357,PRD0009,2348082168168,Customer 1357,,,Benin City,South South,Regular,2025-02-24,Home & Kitchen,Vacuum Cleaner,5,5000,0.0,25000.0,2500,Cash on Delivery,Instagram,completed,Delivered,2.0,,
CUST01358,ORD001358,PRD0001,2348067372983,Customer 1358,,46-60,Lagos,South West,Business,2024-04-05,Fashion,Shirt,4,7500,0.15,25500.0,0,Bank Transfer,Website,,Delayed,,5.0,No
CUST01359,ORD001359,PRD0006,2348079988736,Customer 1359,F,46-60,Enugu,South East,premium ,2025-05-27,Electronics,Wireless Earbuds,4,75000,0.0,300000.0,3500,Cash on Delivery,Store,Cancelled,Returned,3.0,4.0,Yes
CUST01360,ORD001360,PRD0015,2348063387802,Customer 1360,M,60+,Lagos,South West,Occasional,2024-02-01,Sports,Football,3,75000,0.15,191250.0,1000,USSD,Marketplace,completed,In Transit,7.0,5.0,No
CUST01361,ORD001361,PRD0016,2348044478662,Customer 1361,,18-25,Kaduna,North West,Regular,2026-03-09,Electronics,Smart TV,3,25000,0.2,60000.0,1000,Cash on Delivery,Website,Completed,DELIVERED,7.0,1.0,Yes
CUST01362,ORD001362,PRD0025,2348071954905,Customer 1362,Male,60+,Port Harcourt,South South,Occasional,2024-11-08,Groceries,Rice,3,3500,0.0,10500.0,0,,Marketplace,Completed,Delivered,4.0,4.0,yes
CUST01363,ORD001363,PRD0026,2348087382225,Customer 1363,Male,26-35,Port Harcourt,South South,Premium,2025-04-16,Beauty,Hair Dryer,2,40000,0.1,72000.0,1500,Cash on Delivery,mobile app,pending,DELIVERED,2.0,4.0,
CUST01364,ORD001364,PRD0028,2348050697023,Customer 1364, m ,,Lagos,South West,Regular,2025-06-21,Beauty,Skincare Set,4,15000,0.2,48000.0,0,Card,mobile app,Completed,Delivered,6.0,,Yes
CUST01365,ORD001365,PRD0028,2348024739375,Customer 1365,Male,36-45,Kano,North West,Regular,2024-02-04,Home & Kitchen,Blender,2,120000,0.2,192000.0,3500,CARD,Website,Cancelled,Returned,12.0,5.0,Yes
CUST01366,ORD001366,PRD0001,2348046687483,Customer 1366,Male,36-45,Lagos,South West,REGULAR,2025-01-03,Sports,Gym Bag,1,10000,0.1,9000.0,1500,Cash on Delivery,Mobile App,Completed,DELIVERED,12.0,5.0,No
CUST01367,ORD001367,PRD0014,2348067686899,Customer 1367,Female,46-60,Benin City,South South,Premium,2025-06-16,Fashion,Jeans,2,7500,0.15,12750.0,3500,bank transfer,Mobile App,COMPLETED,,10.0,4.0,yes
CUST01368,ORD001368,PRD0009,2348031216852,Customer 1368,female,36-45,Enugu,South East,Occasional,2025-08-02,Groceries,Beverage Pack,1,10000,0.15,8500.0,2500,Card,Store,,Returned,1.0,4.0,Yes
CUST01369,ORD001369,PRD0013,2348075657682,Customer 1369,F,,Kano,North West,REGULAR,2026-08-25,Home & Kitchen,Air Fryer,5,120000,0.05,570000.0,2500,Card,Marketplace,Completed,DELIVERED,7.0,2.0,
CUST01370,ORD001370,PRD0007,2348065400685,Customer 1370,Male,36-45,Benin City,South South,Premium,2024-11-06,Electronics,Wireless Earbuds,2,3500,0.1,6300.0,2500,Wallet,,Cancelled,In Transit,6.0,4.0,
CUST01371,ORD001371,PRD0029,2348038860633,Customer 1371,Male,,Port Harcourt,South South,Occasional,2026-08-07,Fashion,Jeans,4,10000,0.1,36000.0,3500,Cash on Delivery,website,COMPLETED,,10.0,4.0,No
CUST01372,ORD001372,PRD0013,2348062967365,Customer 1372,Male,26-35,Abuja,North Central,Regular,2026-06-07,Sports,Running Shoes,1,10000,0.15,8500.0,1500,USSD,website,completed,In Transit,11.0,,No
CUST01373,ORD001373,PRD0001,2348053603997,Customer 1373,Male,,Abuja,North Central,Regular,2024-09-16,Groceries,Rice,4,3500,0.05,13300.0,1000,Card,mobile app,cancelled,delivered,2.0,5.0,No
CUST01374,ORD001374,PRD0022,2348080888842,Customer 1374,Female,36-45,Kano,North West,Regular,2026-07-08,Sports,Gym Bag,3,120000,0.05,342000.0,0,Cash on Delivery,Instagram,,In Transit,9.0,5.0,No
CUST01375,ORD001375,PRD0029,2348046821821, Customer 1375 ,Male,46-60,Port Harcourt,South South,Occasional,2025-07-25,Home & Kitchen,Air Fryer,3,5000,0.0,15000.0,1500,Bank Transfer,Website,COMPLETED,In Transit,8.0,5.0,Yes
CUST01376,ORD001376,PRD0008,2348044077378,Customer 1376,Female,46-60,Kano,North West,Regular,2025-08-30,Electronics,Wireless Earbuds,1,40000,0.2,32000.0,2500,Bank Transfer,Store,,Returned,,5.0,No
CUST01377,ORD001377,PRD0028,2348077509180,Customer 1377,Male,26-35,Ibadan,South West,Regular,2025-03-27,Groceries,Rice,5,25000,0.2,100000.0,0,USSD,Marketplace,Returned,Delivered,,,yes
CUST01378,ORD001378,PRD0019,2348030500318,Customer 1378,Female,18-25,Ibadan,South West,Occasional,2026-06-01,Groceries,Cereal,2,75000,0.2,120000.0,1500,Bank Transfer,,Completed,,,4.0,No
CUST01379,ORD001379,PRD0024,2348052754781,Customer 1379, f ,,Benin City,South South,Occasional,2024-04-26,Beauty,Hair Dryer,2,15000,0.1,27000.0,1000,Bank Transfer,Store,cancelled,,3.0,5.0,Yes
CUST01380,ORD001380,PRD0008,2348082191546,Customer 1380, f ,26-35,Kaduna,North West,Regular,2024-02-15,Fashion,Sneakers,2,120000,0.0,240000.0,0,Cash on Delivery,Store,Completed,,2.0,4.0,NO
CUST01381,ORD001381,PRD0020,2348052455256,Customer 1381,M,46-60,Enugu,South East,Occasional,2025-04-03,Sports,Yoga Mat,1,3500,0.05,3325.0,0,Wallet,Store,pending,Delivered,6.0,5.0,No
CUST01382,ORD001382,PRD0012,2348039748211,Customer 1382,female,46-60,Enugu,South East,REGULAR,2025-11-18,Sports,Yoga Mat,5,75000,0.2,300000.0,0,Card,Instagram,COMPLETED,delivered,12.0,3.0,Yes
CUST01383,ORD001383,PRD0002,2348077105607,Customer 1383,male,18-25,Lagos,South West,Occasional,2025-04-18,Fashion,Jeans,4,75000,0.1,270000.0,1500,bank transfer,Instagram,completed,In Transit,5.0,5.0,yes
CUST01384,ORD001384,PRD0012,2348039244692,Customer 1384,Female,36-45,Benin City,South South,Regular,2024-08-12,Beauty,Perfume,4,75000,0.0,300000.0,0,Wallet,website,Completed,,5.0,5.0,
CUST01385,ORD001385,PRD0013,2348076948647,Customer 1385,Male,,Abuja,North Central,Premium,2024-04-10,Home & Kitchen,Vacuum Cleaner,3,25000,0.05,71250.0,2500,Wallet,Marketplace,,In Transit,,4.0,No
CUST01386,ORD001386,PRD0014,2348072376778,Customer 1386,Female,,Kano,North West,Occasional,2024-09-10,Fashion,Sneakers,4,75000,0.2,240000.0,3500,Cash on Delivery,Website,Completed,In Transit,4.0,,Yes
CUST01387,ORD001387,PRD0030,2348078576130,Customer 1387,M,,Ibadan,South West,Occasional,2026-02-28,Electronics,Laptop,2,40000,0.1,72000.0,2500,CARD,Website,Cancelled,In Transit,7.0,4.0,Yes
CUST01388,ORD001388,PRD0015,2348059634809,Customer 1388,FEMALE,,Ibadan,South West,Regular,2024-02-03,Beauty,Skincare Set,1,15000,0.2,12000.0,3500,CARD,,Completed,Returned,,5.0,Yes
CUST01389,ORD001389,PRD0001,2348068343018,Customer 1389,M,60+,Kaduna,North West,Regular,2024-06-17,Groceries,Beverage Pack,1,3500,0.0,3500.0,3500,Card,Mobile App,pending,,8.0,,Yes
CUST01390,ORD001390,PRD0008,2348073224751,Customer 1390,,26-35,Port Harcourt,South South,Business,2026-06-07,Sports,Gym Bag,2,25000,0.1,45000.0,1500,Cash on Delivery,Store,Cancelled,Delivered,,2.0,yes
CUST01391,ORD001391,PRD0022,2348069448793,Customer 1391,MALE,26-35,Benin City,South South,Regular,2025-02-15,Fashion,Sneakers,1,15000,0.0,15000.0,0,,Marketplace,Cancelled,delivered,10.0,5.0,Yes
CUST01392,ORD001392,PRD0023,2348084663181,Customer 1392,female,18-25,Kano,North West,premium ,2026-03-11,Electronics,Smart TV,3,15000,0.0,45000.0,3500,,Website,,Delivered,7.0,2.0,Yes
CUST01393,ORD001393,PRD0011,2348028271339,Customer 1393,Female,18-25,Kano,North West,,2024-10-30,Electronics,Wireless Earbuds,4,25000,0.0,100000.0,1000,Bank Transfer,website,Cancelled,,6.0,4.0,No
CUST01394,ORD001394,PRD0004,2348016024734,Customer 1394,Male,36-45,Benin City,South South,,2026-02-06,Beauty,Perfume,1,120000,0.0,120000.0,1500,CARD,Instagram,completed,In Transit,11.0,3.0,NO
CUST01395,ORD001395,PRD0009,2348090514387,Customer 1395,F,36-45,Benin City,South South,REGULAR,2024-01-30,Sports,Gym Bag,2,15000,0.2,24000.0,2500,Wallet,Marketplace,Cancelled,Delivered,5.0,5.0,NO
CUST01396,ORD001396,PRD0017,2348067965225,Customer 1396,,46-60,Ibadan,South West,Regular,2026-05-06,Home & Kitchen,Blender,5,40000,0.05,190000.0,3500,Cash on Delivery,Mobile App,,Returned,7.0,,No
CUST01397,ORD001397,PRD0003,2348096510092,Customer 1397,F,26-35,Benin City,South South,Premium,2025-12-11,Groceries,Cereal,3,15000,0.15,38250.0,2500,Cash on Delivery,Website,Completed,,,5.0,No
CUST01398,ORD001398,PRD0005,2348014103715,Customer 1398,Male,60+,Port Harcourt,South South,Occasional,2024-12-23,Electronics,Wireless Earbuds,2,3500,0.1,6300.0,3500,Cash on Delivery,Mobile App,completed,Delivered,7.0,4.0,No
CUST01399,ORD001399,PRD0018,2348047827870,Customer 1399,Male,26-35,Abuja,North Central,Regular,2024-07-02,Fashion,Handbag,3,3500,0.05,9975.0,1000,Card,Mobile App,Completed,Returned,10.0,5.0,Yes
CUST01400,ORD001400,PRD0014,2348050098321, Customer 1400 ,,26-35,Kaduna,North West,Business,2025-08-26,Electronics,Smart TV,3,5000,0.1,13500.0,3500,Wallet,Instagram,Cancelled,,12.0,4.0,Yes
CUST01401,ORD001401,PRD0022,2348089022885,Customer 1401,M,26-35,Abuja,North Central,Business,2026-06-04,Electronics,Wireless Earbuds,3,120000,0.05,342000.0,0,,Instagram,completed,Delayed,5.0,,Yes
CUST01402,ORD001402,PRD0030,2348086523408,Customer 1402,Female,,Benin City,South South,Premium,2026-06-13,Beauty,Perfume,4,75000,0.05,285000.0,1000,Card,Store,,delivered,2.0,4.0,Yes
CUST01403,ORD001403,PRD0026,2348056200148,Customer 1403,Female,26-35,Enugu,South East,Regular,2025-08-10,Beauty,Skincare Set,5,75000,0.2,300000.0,2500,CARD,Website,pending,In Transit,7.0,5.0,No
CUST01404,ORD001404,PRD0016,2348038146221,Customer 1404,Female,60+,Abuja,North Central,Regular,2026-07-31,Electronics,Wireless Earbuds,5,25000,0.15,106250.0,3500,Cash on Delivery,,completed,Delivered,9.0,1.0,yes
CUST01405,ORD001405,PRD0015,2348039352650,Customer 1405,F,60+,Lagos,South West,Premium,2024-01-15,Home & Kitchen,Air Fryer,3,40000,0.1,108000.0,0,Bank Transfer,Mobile App,completed,In Transit,1.0,4.0,NO
CUST01406,ORD001406,PRD0001,2348017539612,Customer 1406,Female,46-60,Port Harcourt,South South,Regular,2026-02-25,Fashion,Sneakers,2,25000,0.05,47500.0,0,USSD,mobile app,Completed,Delivered,10.0,5.0,No
CUST01407,ORD001407,PRD0006,2348030113609,Customer 1407,FEMALE,60+,Lagos,South West,Regular,2026-06-01,Beauty,Perfume,2,15000,0.15,25500.0,2500,Cash on Delivery,Mobile App,Completed,Delivered,1.0,4.0,yes
CUST01408,ORD001408,PRD0002,2348013834316,Customer 1408,Male,,Lagos,South West,Occasional,2025-01-26,Sports,Football,3,40000,0.0,120000.0,1500,bank transfer,,completed,DELIVERED,4.0,3.0,Yes
CUST01409,ORD001409,PRD0010,2348053574768,Customer 1409,Female,18-25,Kaduna,North West,,2024-12-09,Beauty,Hair Dryer,5,5000,0.05,23750.0,0,CARD,,completed,Delayed,2.0,4.0,No
CUST01410,ORD001410,PRD0011,2348080703280,Customer 1410,Male,26-35,Benin City,South South,Premium,2024-11-13,Electronics,Laptop,1,75000,0.0,75000.0,1500,USSD,Website,,Delayed,14.0,3.0,Yes
CUST01411,ORD001411,PRD0018,2348029906902,Customer 1411,F,18-25,Kaduna,North West,premium ,2024-02-12,Fashion,Shirt,1,5000,0.15,4250.0,2500,Cash on Delivery,website,Cancelled,In Transit,3.0,,
CUST01412,ORD001412,PRD0030,2348066842361,Customer 1412,Male,26-35,Kaduna,North West,Occasional,2024-10-09,Beauty,Skincare Set,1,25000,0.2,20000.0,0,,Store,Completed,,1.0,2.0,Yes
CUST01413,ORD001413,PRD0009,2348035431547,Customer 1413,M,46-60,Abuja,North Central,Occasional,2025-03-10,Groceries,Cooking Oil,1,75000,0.05,71250.0,1500,Cash on Delivery,Marketplace,,Delivered,3.0,2.0,
CUST01414,ORD001414,PRD0014,2348023979017,Customer 1414,female,18-25,Kano,North West,Regular,2025-01-28,Beauty,Perfume,1,5000,0.0,5000.0,0,bank transfer,Store,completed,delivered,4.0,3.0,No
CUST01415,ORD001415,PRD0028,2348098228822,Customer 1415,male,26-35,Lagos,South West,Occasional,2025-11-03,Beauty,Hair Dryer,1,40000,0.15,34000.0,3500,Card,Instagram,Completed,delivered,4.0,4.0,No
CUST01416,ORD001416,PRD0025,2348017779832,Customer 1416,,60+,Ibadan,South West,Premium,2025-09-25,Electronics,Laptop,3,7500,0.05,21375.0,2500,Wallet,Website,,Delivered,8.0,4.0,Yes
CUST01417,ORD001417,PRD0029,2348032988664,Customer 1417,M,,Lagos,South West,Regular,2025-07-11,Fashion,Sneakers,5,25000,0.0,125000.0,0,USSD,Instagram,Completed,Returned,10.0,4.0,No
CUST01418,ORD001418,PRD0028,2348044075232,Customer 1418,Male,60+,Enugu,South East,Regular,2025-06-23,Fashion,Handbag,4,5000,0.15,17000.0,3500,Wallet,Mobile App,Pending,delivered,13.0,4.0,Yes
CUST01419,ORD001419,PRD0028,2348012028959,Customer 1419,Male,36-45,Lagos,South West,Regular,2024-06-30,Fashion,Jeans,5,120000,0.0,600000.0,0,USSD,Store,Completed,In Transit,12.0,5.0,NO
CUST01420,ORD001420,PRD0004,2348032529338,Customer 1420,Female,18-25,Lagos,South West,Premium,2026-07-05,Groceries,Cooking Oil,4,75000,0.05,285000.0,0,Cash on Delivery,Store,completed,Delivered,5.0,5.0,No
CUST01421,ORD001421,PRD0012,2348042162850,Customer 1421,M,46-60,Lagos,South West,premium ,2026-07-12,Groceries,Cereal,5,10000,0.0,50000.0,2500,Bank Transfer,Store,Cancelled,DELIVERED,7.0,4.0,No
CUST01422,ORD001422,PRD0004,2348080785716,Customer 1422,,,Benin City,South South,Premium,2024-10-19,Groceries,Beverage Pack,2,3500,0.15,5950.0,0,Cash on Delivery,Marketplace,Completed,In Transit,4.0,,No
CUST01423,ORD001423,PRD0023,2348091176666,Customer 1423,,36-45,Kano,North West,,2024-11-08,Sports,Gym Bag,1,5000,0.15,4250.0,1000,CARD,mobile app,cancelled,Delivered,2.0,4.0,No
CUST01424,ORD001424,PRD0025,2348041591022,Customer 1424,Female,46-60,Lagos,South West,,2025-06-16,Groceries,Cooking Oil,3,7500,0.1,20250.0,1500,CARD,mobile app,Completed,Delivered,3.0,4.0,
CUST01425,ORD001425,PRD0005,2348038639250, Customer 1425 ,Male,46-60,Benin City,South South,Premium,2024-03-19,Fashion,Jeans,2,10000,0.2,16000.0,0,,Website,COMPLETED,delivered,1.0,5.0,No
CUST01426,ORD001426,PRD0027,2348028865162,Customer 1426,Male,,Lagos,South West,Occasional,2025-12-26,Electronics,Smart TV,3,120000,0.15,306000.0,0,bank transfer,Store,Cancelled,,6.0,4.0,NO
CUST01427,ORD001427,PRD0004,2348021937006,Customer 1427,Male,18-25,Ibadan,South West,Premium,2024-07-19,Beauty,Makeup Kit,1,120000,0.1,108000.0,1500,Card,Instagram,Returned,,1.0,4.0,No
CUST01428,ORD001428,PRD0006,2348015699592,Customer 1428,Female,,Kano,North West,REGULAR,2024-07-24,Home & Kitchen,Blender,5,5000,0.0,25000.0,2500,Wallet,Mobile App,COMPLETED,Delayed,,,No
CUST01429,ORD001429,PRD0011,2348069404166,Customer 1429,M,36-45,Enugu,South East,Occasional,2024-02-08,Sports,Running Shoes,1,120000,0.0,120000.0,3500,USSD,mobile app,cancelled,DELIVERED,3.0,2.0,yes
CUST01430,ORD001430,PRD0001,2348013633692,Customer 1430,male,60+,Enugu,South East,Occasional,2026-08-22,Electronics,Wireless Earbuds,4,25000,0.0,100000.0,0,USSD,website,,Returned,2.0,4.0,
CUST01431,ORD001431,PRD0004,2348012473146,Customer 1431,F,36-45,Kano,North West,,2025-08-29,Fashion,Handbag,2,10000,0.1,18000.0,2500,Bank Transfer,Website,completed,In Transit,9.0,5.0,
CUST01432,ORD001432,PRD0026,2348023144620,Customer 1432,F,36-45,Ibadan,South West,Regular,2024-12-22,Beauty,Makeup Kit,1,7500,0.05,7125.0,1500,Cash on Delivery,Store,cancelled,Delayed,,5.0,
CUST01433,ORD001433,PRD0012,2348069546870,Customer 1433,Female,26-35,Kano,North West,Occasional,2024-11-11,Beauty,Hair Dryer,3,15000,0.05,42750.0,1500,,Marketplace,pending,Delivered,9.0,4.0,No
CUST01434,ORD001434,PRD0003,2348093455371,Customer 1434,Male,18-25,Abuja,North Central,Regular,2025-04-03,Electronics,Wireless Earbuds,3,25000,0.05,71250.0,1000,USSD,Mobile App,Completed,,12.0,4.0,
CUST01435,ORD001435,PRD0001,2348071449641,Customer 1435,male,26-35,Port Harcourt,South South,REGULAR,2026-06-18,Electronics,Wireless Earbuds,1,25000,0.1,22500.0,2500,USSD,Website,Completed,Delivered,8.0,5.0,Yes
CUST01436,ORD001436,PRD0015,2348018747202,Customer 1436,male,60+,Benin City,South South,Business,2025-05-26,Home & Kitchen,Vacuum Cleaner,1,75000,0.2,60000.0,3500,Card,Marketplace,Completed,Returned,,,No
CUST01437,ORD001437,PRD0028,2348032513767,Customer 1437,,,Port Harcourt,South South,,2025-04-11,Electronics,Smartphone,1,3500,0.1,3150.0,1500,Cash on Delivery,Instagram,Cancelled,,14.0,4.0,No
CUST01438,ORD001438,PRD0003,2348034527446,Customer 1438,Male,,Abuja,North Central,premium ,2025-01-10,Beauty,Makeup Kit,5,10000,0.0,50000.0,1500,Cash on Delivery,mobile app,,delivered,12.0,1.0,yes
CUST01439,ORD001439,PRD0018,2348071439960,Customer 1439,Female,60+,Kano,North West,Regular,2025-08-22,Sports,Yoga Mat,1,7500,0.0,7500.0,3500,Bank Transfer,Website,,Delayed,4.0,2.0,Yes
CUST01440,ORD001440,PRD0021,2348099061132,Customer 1440,male,18-25,Kano,North West,Regular,2026-02-04,Home & Kitchen,Cookware Set,1,15000,0.2,12000.0,3500,Bank Transfer,Mobile App,completed,Delivered,2.0,,No
CUST01441,ORD001441,PRD0028,2348045357845,Customer 1441,Male,60+,Lagos,South West,Occasional,2026-02-26,Electronics,Wireless Earbuds,1,25000,0.1,22500.0,1000,USSD,Mobile App,pending,Returned,12.0,5.0,NO
CUST01442,ORD001442,PRD0008,2348082856978,Customer 1442,,60+,Benin City,South South,Regular,2024-08-16,Beauty,Makeup Kit,4,3500,0.15,11900.0,2500,Wallet,Website,Cancelled,Delivered,,3.0,No
CUST01443,ORD001443,PRD0014,2348074796568,Customer 1443,male,36-45,Enugu,South East,Business,2024-08-07,Home & Kitchen,Air Fryer,2,7500,0.05,14250.0,1500,Card,,pending,Delivered,11.0,,No
CUST01444,ORD001444,PRD0006,2348094127175,Customer 1444, m ,,Enugu,South East,premium ,2024-05-14,Groceries,Beverage Pack,5,75000,0.0,375000.0,2500,Card,,pending,DELIVERED,5.0,4.0,Yes
CUST01445,ORD001445,PRD0019,2348043073449,Customer 1445,Male,,Abuja,North Central,Regular,2024-01-27,Home & Kitchen,Blender,4,3500,0.0,14000.0,0,Wallet,Website,Completed,Returned,13.0,5.0,No
CUST01446,ORD001446,PRD0026,2348086540411,Customer 1446, f ,18-25,Kaduna,North West,Occasional,2026-07-07,Home & Kitchen,Blender,4,25000,0.0,100000.0,1000,Wallet,mobile app,Completed,DELIVERED,13.0,5.0,NO
CUST01447,ORD001447,PRD0024,2348092292162,Customer 1447,Female,26-35,Port Harcourt,South South,Premium,2025-08-29,Fashion,Sneakers,4,75000,0.0,300000.0,0,bank transfer,Mobile App,,delivered,,5.0,
CUST01448,ORD001448,PRD0003,2348097478773,Customer 1448,Female,60+,Kaduna,North West,Regular,2025-05-21,Electronics,Laptop,1,15000,0.15,12750.0,2500,bank transfer,Marketplace,Pending,In Transit,4.0,1.0,
CUST01449,ORD001449,PRD0013,2348061283847,Customer 1449,Female,,Abuja,North Central,Regular,2025-03-12,Home & Kitchen,Vacuum Cleaner,2,25000,0.1,45000.0,0,Card,Store,cancelled,Delivered,3.0,,No
CUST01450,ORD001450,PRD0027,2348028386640, Customer 1450 ,F,18-25,Kaduna,North West,Business,2026-04-17,Groceries,Rice,1,3500,0.2,2800.0,3500,Card,Website,Pending,In Transit,8.0,5.0,No
CUST01451,ORD001451,PRD0018,2348010020783,Customer 1451,,36-45,Benin City,South South,Occasional,2026-08-26,Groceries,Cereal,2,120000,0.0,240000.0,2500,Wallet,Store,pending,,6.0,3.0,yes
CUST01452,ORD001452,PRD0029,2348096081016,Customer 1452,M,18-25,Kaduna,North West,Occasional,2024-12-18,Beauty,Makeup Kit,5,10000,0.2,40000.0,0,Card,Instagram,cancelled,,4.0,5.0,No
CUST01453,ORD001453,PRD0028,2348057754340,Customer 1453,MALE,60+,Enugu,South East,Regular,2024-04-15,Groceries,Beverage Pack,1,120000,0.2,96000.0,1500,CARD,Website,Completed,,9.0,4.0,No
CUST01454,ORD001454,PRD0020,2348019711899,Customer 1454,,36-45,Lagos,South West,,2026-08-20,Beauty,Makeup Kit,1,75000,0.05,71250.0,3500,USSD,Store,Cancelled,Delayed,3.0,4.0,No
CUST01455,ORD001455,PRD0012,2348053246619,Customer 1455,,26-35,Port Harcourt,South South,Premium,2025-10-10,Electronics,Wireless Earbuds,5,75000,0.2,300000.0,1500,USSD,website,completed,delivered,1.0,5.0,No
CUST01456,ORD001456,PRD0013,2348036738000,Customer 1456,Male,18-25,Lagos,South West,Premium,2025-07-19,Electronics,Wireless Earbuds,4,15000,0.15,51000.0,2500,Bank Transfer,Mobile App,,Returned,9.0,5.0,No
CUST01457,ORD001457,PRD0019,2348063184260,Customer 1457,male,60+,Kaduna,North West,Occasional,2025-02-11,Beauty,Skincare Set,2,120000,0.05,228000.0,3500,Bank Transfer,,Completed,Delayed,5.0,4.0,Yes
CUST01458,ORD001458,PRD0019,2348056541743,Customer 1458,,18-25,Enugu,South East,Occasional,2024-04-15,Sports,Running Shoes,1,7500,0.0,7500.0,3500,,Marketplace,pending,,10.0,5.0,Yes
CUST01459,ORD001459,PRD0025,2348044990643,Customer 1459,Male,,Abuja,North Central,Regular,2026-08-31,Beauty,Makeup Kit,3,10000,0.05,28500.0,1000,CARD,Mobile App,Pending,Returned,4.0,5.0,No
CUST01460,ORD001460,PRD0029,2348057210656,Customer 1460,Female,,Kaduna,North West,,2024-10-19,Fashion,Jeans,3,25000,0.0,75000.0,3500,CARD,Website,,,,,Yes
CUST01461,ORD001461,PRD0029,2348051127940,Customer 1461,FEMALE,,Port Harcourt,South South,Regular,2024-09-29,Fashion,Sneakers,5,40000,0.2,160000.0,1500,bank transfer,Store,COMPLETED,,6.0,2.0,NO
CUST01462,ORD001462,PRD0011,2348031978082,Customer 1462, f ,18-25,Benin City,South South,REGULAR,2025-11-20,Groceries,Rice,4,5000,0.15,17000.0,2500,USSD,Mobile App,Completed,Delayed,4.0,4.0,No
CUST01463,ORD001463,PRD0011,2348064969690,Customer 1463,Female,60+,Benin City,South South,Premium,2025-11-28,Fashion,Shirt,5,3500,0.2,14000.0,1000,Cash on Delivery,Mobile App,Cancelled,DELIVERED,,3.0,No
CUST01464,ORD001464,PRD0026,2348060132001,Customer 1464,,,Lagos,South West,Regular,2025-08-18,Fashion,Shirt,1,10000,0.05,9500.0,1500,Bank Transfer,Mobile App,Pending,Delivered,,4.0,No
CUST01465,ORD001465,PRD0012,2348034533235,Customer 1465, f ,26-35,Kano,North West,REGULAR,2024-08-28,Fashion,Sneakers,4,40000,0.05,152000.0,3500,bank transfer,Store,Pending,,8.0,5.0,No
CUST01466,ORD001466,PRD0011,2348043367946,Customer 1466,FEMALE,36-45,Abuja,North Central,,2025-04-13,Sports,Football,3,120000,0.15,306000.0,0,,Mobile App,Cancelled,,6.0,4.0,Yes
CUST01467,ORD001467,PRD0023,2348073478775,Customer 1467,,60+,Enugu,South East,Occasional,2024-12-23,Beauty,Makeup Kit,3,5000,0.1,13500.0,2500,,Website,pending,delivered,12.0,4.0,NO
CUST01468,ORD001468,PRD0012,2348087008583,Customer 1468,Female,,Ibadan,South West,Regular,2025-02-16,Groceries,Beverage Pack,1,75000,0.1,67500.0,1000,Cash on Delivery,Store,Pending,Delivered,13.0,3.0,No
CUST01469,ORD001469,PRD0018,2348068194091,Customer 1469,Female,46-60,Kano,North West,Premium,2024-09-25,Beauty,Perfume,4,5000,0.05,19000.0,1000,Cash on Delivery,Instagram,Completed,DELIVERED,9.0,4.0,No
CUST01470,ORD001470,PRD0012,2348040876595,Customer 1470,F,,Ibadan,South West,Premium,2024-09-20,Beauty,Hair Dryer,5,3500,0.05,16625.0,1000,bank transfer,Marketplace,Completed,Delivered,10.0,4.0,yes
CUST01471,ORD001471,PRD0009,2348077414292,Customer 1471,Male,60+,Ibadan,South West,Regular,2026-04-14,Home & Kitchen,Vacuum Cleaner,4,10000,0.0,40000.0,3500,Bank Transfer,mobile app,cancelled,In Transit,,5.0,
CUST01472,ORD001472,PRD0022,2348062790345,Customer 1472,Female,,Kano,North West,premium ,2024-01-28,Electronics,Smartphone,4,75000,0.05,285000.0,1000,Cash on Delivery,Website,,Delayed,5.0,4.0,Yes
CUST01473,ORD001473,PRD0008,2348029816555,Customer 1473,,26-35,Enugu,South East,Regular,2026-02-06,Home & Kitchen,Vacuum Cleaner,1,5000,0.1,4500.0,0,Bank Transfer,,Completed,Delivered,2.0,2.0,No
CUST01474,ORD001474,PRD0026,2348055207466,Customer 1474, m ,36-45,Kano,North West,Regular,2026-08-05,Electronics,Wireless Earbuds,1,10000,0.1,9000.0,3500,USSD,Mobile App,Cancelled,Returned,13.0,4.0,No
CUST01475,ORD001475,PRD0011,2348041472900, Customer 1475 ,MALE,60+,Port Harcourt,South South,Regular,2026-05-25,Electronics,Smart TV,5,15000,0.1,67500.0,3500,Bank Transfer,Marketplace,Completed,In Transit,,5.0,No
CUST01476,ORD001476,PRD0011,2348068731258,Customer 1476,male,,Ibadan,South West,REGULAR,2026-02-02,Home & Kitchen,Blender,4,10000,0.0,40000.0,1000,Card,Store,pending,Delayed,,5.0,Yes
CUST01477,ORD001477,PRD0030,2348079342494,Customer 1477,Female,46-60,Ibadan,South West,Premium,2025-11-19,Home & Kitchen,Cookware Set,1,3500,0.15,2975.0,3500,Wallet,Marketplace,Completed,In Transit,6.0,4.0,No
CUST01478,ORD001478,PRD0015,2348065213018,Customer 1478,female,46-60,Ibadan,South West,Regular,2026-03-25,Groceries,Rice,4,25000,0.0,100000.0,1000,Card,Marketplace,,delivered,11.0,4.0,No
CUST01479,ORD001479,PRD0022,2348013729261,Customer 1479,female,36-45,Ibadan,South West,Premium,2024-01-12,Beauty,Skincare Set,2,40000,0.05,76000.0,0,CARD,mobile app,Completed,delivered,9.0,5.0,No
CUST01480,ORD001480,PRD0021,2348066561893,Customer 1480,Female,,Ibadan,South West,premium ,2024-09-14,Home & Kitchen,Vacuum Cleaner,3,10000,0.2,24000.0,1500,USSD,Mobile App,Completed,delivered,,5.0,NO
CUST01481,ORD001481,PRD0008,2348013995156,Customer 1481,male,26-35,Kaduna,North West,Occasional,2026-01-27,Beauty,Skincare Set,1,5000,0.1,4500.0,0,CARD,Website,Cancelled,,6.0,4.0,yes
CUST01482,ORD001482,PRD0003,2348045826515,Customer 1482, f ,18-25,Ibadan,South West,,2024-07-10,Electronics,Laptop,2,5000,0.2,8000.0,1000,Bank Transfer,Mobile App,Completed,Delayed,9.0,2.0,Yes
CUST01483,ORD001483,PRD0013,2348050409655,Customer 1483,,26-35,Abuja,North Central,REGULAR,2026-06-24,Home & Kitchen,Cookware Set,5,15000,0.0,75000.0,2500,Card,Instagram,Cancelled,In Transit,,3.0,No
CUST01484,ORD001484,PRD0029,2348016284611,Customer 1484, m ,36-45,Ibadan,South West,Regular,2024-09-23,Fashion,Handbag,2,3500,0.1,6300.0,2500,Wallet,Store,cancelled,Delivered,4.0,5.0,
CUST01485,ORD001485,PRD0023,2348052034921,Customer 1485,Male,46-60,Benin City,South South,Premium,2024-05-05,Groceries,Cereal,1,40000,0.15,34000.0,2500,,website,Completed,delivered,8.0,2.0,Yes
CUST01486,ORD001486,PRD0009,2348078113012,Customer 1486,MALE,36-45,Enugu,South East,Occasional,2026-02-22,Home & Kitchen,Blender,4,120000,0.1,432000.0,1500,Bank Transfer,Marketplace,,,4.0,,No
CUST01487,ORD001487,PRD0004,2348025510238,Customer 1487,Male,46-60,Kano,North West,,2024-02-18,Home & Kitchen,Vacuum Cleaner,4,10000,0.0,40000.0,1000,,Website,COMPLETED,,12.0,4.0,Yes
CUST01488,ORD001488,PRD0016,2348089936716,Customer 1488,Male,26-35,Ibadan,South West,Business,2026-05-03,Fashion,Handbag,5,5000,0.0,25000.0,0,USSD,Instagram,Cancelled,In Transit,2.0,4.0,No
CUST01489,ORD001489,PRD0005,2348095266830,Customer 1489,Male,26-35,Lagos,South West,Regular,2026-07-27,Home & Kitchen,Blender,4,40000,0.15,136000.0,1000,Card,Website,Completed,delivered,10.0,4.0,
CUST01490,ORD001490,PRD0014,2348099054413,Customer 1490,Female,36-45,Port Harcourt,South South,Occasional,2025-07-23,Beauty,Skincare Set,2,7500,0.1,13500.0,3500,USSD,Instagram,Completed,Delayed,,4.0,
CUST01491,ORD001491,PRD0020,2348028276957,Customer 1491,,,Benin City,South South,Premium,2024-10-10,Groceries,Beverage Pack,5,15000,0.05,71250.0,2500,Bank Transfer,website,pending,In Transit,10.0,4.0,yes
CUST01492,ORD001492,PRD0024,2348080694468,Customer 1492,F,36-45,Enugu,South East,Premium,2024-07-30,Electronics,Laptop,3,120000,0.15,306000.0,1000,Cash on Delivery,Website,COMPLETED,DELIVERED,6.0,5.0,Yes
CUST01493,ORD001493,PRD0024,2348076779740,Customer 1493,F,60+,Benin City,South South,Regular,2024-01-14,Fashion,Shirt,2,15000,0.05,28500.0,1500,Card,Store,cancelled,In Transit,13.0,2.0,No
CUST01494,ORD001494,PRD0007,2348066711528,Customer 1494,,26-35,Enugu,South East,Occasional,2025-07-26,Groceries,Cereal,5,25000,0.0,125000.0,1000,CARD,Mobile App,,In Transit,14.0,,Yes
CUST01495,ORD001495,PRD0007,2348089553247,Customer 1495,Female,,Kaduna,North West,Premium,2025-11-17,Beauty,Perfume,2,25000,0.05,47500.0,1500,CARD,Store,Completed,,,4.0,Yes
CUST01496,ORD001496,PRD0001,2348069451263,Customer 1496,Male,26-35,Benin City,South South,,2024-12-19,Groceries,Cereal,4,5000,0.1,18000.0,0,Card,Website,pending,In Transit,3.0,4.0,No
CUST01497,ORD001497,PRD0010,2348072196482,Customer 1497,Female,36-45,Benin City,South South,,2024-02-03,Sports,Yoga Mat,4,75000,0.15,255000.0,3500,Wallet,Website,completed,In Transit,13.0,4.0,No
CUST01498,ORD001498,PRD0017,2348036487469,Customer 1498,male,26-35,Kano,North West,Premium,2025-05-05,Electronics,Smartphone,4,10000,0.2,32000.0,0,CARD,mobile app,Pending,In Transit,7.0,5.0,No
CUST01499,ORD001499,PRD0022,2348041745297,Customer 1499,Female,36-45,Kaduna,North West,Regular,2025-06-18,Groceries,Beverage Pack,3,40000,0.15,102000.0,0,Cash on Delivery,Website,COMPLETED,In Transit,11.0,2.0,NO
CUST01500,ORD001500,PRD0024,2348089180190, Customer 1500 ,Female,26-35,Ibadan,South West,premium ,2024-11-05,Fashion,Jeans,5,10000,0.0,50000.0,1500,Card,Store,completed,In Transit,12.0,5.0,yes
CUST01501,ORD001501,PRD0008,2348088567106,Customer 1501,Male,26-35,Kaduna,North West,Premium,2024-04-08,Electronics,Smart TV,3,15000,0.1,40500.0,3500,USSD,Store,Completed,DELIVERED,13.0,3.0,No
CUST01502,ORD001502,PRD0029,2348019013869,Customer 1502,Male,46-60,Enugu,South East,Regular,2026-05-16,Sports,Yoga Mat,2,5000,0.1,9000.0,1500,USSD,mobile app,,Delivered,14.0,4.0,
CUST01503,ORD001503,PRD0007,2348083246309,Customer 1503,Male,26-35,Lagos,South West,Business,2026-04-19,Groceries,Beverage Pack,3,3500,0.2,8400.0,3500,CARD,Store,Completed,Delivered,6.0,4.0,No
CUST01504,ORD001504,PRD0008,2348098263187,Customer 1504,MALE,60+,Lagos,South West,Regular,2026-08-26,Groceries,Rice,3,10000,0.2,24000.0,1500,bank transfer,website,cancelled,In Transit,2.0,2.0,No
CUST01505,ORD001505,PRD0004,2348028067421,Customer 1505,M,60+,Kano,North West,Occasional,2026-02-19,Groceries,Cooking Oil,1,25000,0.05,23750.0,3500,Card,Store,Cancelled,In Transit,12.0,3.0,
CUST01506,ORD001506,PRD0002,2348071415920,Customer 1506,Female,60+,Ibadan,South West,Regular,2025-10-07,Fashion,Jeans,3,5000,0.15,12750.0,2500,Cash on Delivery,Instagram,Returned,,,4.0,yes
CUST01507,ORD001507,PRD0029,2348078499489,Customer 1507,Male,18-25,Kaduna,North West,REGULAR,2026-03-22,Beauty,Perfume,5,10000,0.0,50000.0,1000,Bank Transfer,Website,completed,In Transit,9.0,,No
CUST01508,ORD001508,PRD0005,2348027896691,Customer 1508,,46-60,Lagos,South West,premium ,2025-09-16,Groceries,Beverage Pack,4,10000,0.0,40000.0,0,Cash on Delivery,Store,,Delivered,12.0,1.0,No
CUST01509,ORD001509,PRD0006,2348041097410,Customer 1509,,46-60,Ibadan,South West,Regular,2025-09-27,Home & Kitchen,Cookware Set,2,25000,0.05,47500.0,1000,Bank Transfer,Mobile App,completed,DELIVERED,3.0,4.0,No
CUST01510,ORD001510,PRD0005,2348053269760,Customer 1510,Male,26-35,Enugu,South East,Premium,2024-11-02,Electronics,Laptop,3,10000,0.15,25500.0,1000,CARD,Marketplace,Completed,In Transit,5.0,3.0,Yes
CUST01511,ORD001511,PRD0003,2348090508077,Customer 1511,Female,60+,Abuja,North Central,Business,2025-03-21,Home & Kitchen,Cookware Set,3,10000,0.1,27000.0,3500,Cash on Delivery,website,cancelled,Delayed,13.0,4.0,
CUST01512,ORD001512,PRD0011,2348080205671,Customer 1512,female,26-35,Enugu,South East,premium ,2024-07-03,Electronics,Smartphone,1,10000,0.2,8000.0,1000,Card,,Completed,Delivered,2.0,4.0,No
CUST01513,ORD001513,PRD0026,2348010671442,Customer 1513,Female,,Port Harcourt,South South,Occasional,2024-07-27,Home & Kitchen,Blender,3,3500,0.0,10500.0,1500,Card,Mobile App,completed,Returned,1.0,4.0,yes
CUST01514,ORD001514,PRD0028,2348086421456,Customer 1514,Male,18-25,Ibadan,South West,Premium,2024-09-23,Electronics,Laptop,4,15000,0.0,60000.0,1000,USSD,Website,cancelled,Delayed,13.0,4.0,NO
CUST01515,ORD001515,PRD0021,2348055301131,Customer 1515,,60+,Abuja,North Central,Regular,2026-08-24,Beauty,Hair Dryer,5,25000,0.1,112500.0,3500,Card,Website,pending,delivered,9.0,,No
CUST01516,ORD001516,PRD0015,2348049150844,Customer 1516, f ,36-45,Kano,North West,Premium,2025-04-15,Home & Kitchen,Blender,5,10000,0.2,40000.0,2500,USSD,Marketplace,Cancelled,DELIVERED,,4.0,No
CUST01517,ORD001517,PRD0026,2348098980115,Customer 1517,,36-45,Benin City,South South,REGULAR,2024-08-16,Home & Kitchen,Vacuum Cleaner,1,75000,0.1,67500.0,3500,Card,Marketplace,Pending,In Transit,9.0,5.0,Yes
CUST01518,ORD001518,PRD0024,2348083442230,Customer 1518,Male,26-35,Lagos,South West,Business,2025-07-17,Electronics,Smartphone,3,25000,0.1,67500.0,3500,bank transfer,Instagram,COMPLETED,Returned,2.0,3.0,Yes
CUST01519,ORD001519,PRD0014,2348075035600,Customer 1519,Male,18-25,Enugu,South East,Occasional,2024-02-11,Electronics,Laptop,3,40000,0.1,108000.0,1000,bank transfer,Instagram,COMPLETED,DELIVERED,12.0,2.0,yes
CUST01520,ORD001520,PRD0014,2348041537834,Customer 1520,,46-60,Enugu,South East,Business,2024-02-22,Groceries,Rice,1,15000,0.0,15000.0,0,Cash on Delivery,mobile app,Pending,In Transit,,5.0,Yes
CUST01521,ORD001521,PRD0008,2348087727724,Customer 1521,,18-25,Kaduna,North West,Business,2025-08-03,Fashion,Handbag,4,7500,0.05,28500.0,2500,Bank Transfer,Marketplace,,Returned,11.0,5.0,Yes
CUST01522,ORD001522,PRD0008,2348072864724,Customer 1522,Male,18-25,Kaduna,North West,Occasional,2025-04-21,Fashion,Sneakers,3,5000,0.2,12000.0,1500,,website,pending,In Transit,4.0,5.0,Yes
CUST01523,ORD001523,PRD0021,2348044161755,Customer 1523,Male,26-35,Lagos,South West,Regular,2026-05-11,Home & Kitchen,Vacuum Cleaner,1,15000,0.1,13500.0,2500,USSD,Instagram,COMPLETED,,7.0,4.0,Yes
CUST01524,ORD001524,PRD0021,2348013437833,Customer 1524,Male,36-45,Lagos,South West,Occasional,2026-07-10,Electronics,Laptop,3,3500,0.2,8400.0,2500,Cash on Delivery,Store,,delivered,3.0,4.0,Yes
CUST01525,ORD001525,PRD0021,2348047125891, Customer 1525 ,Male,60+,Ibadan,South West,Regular,2026-03-16,Fashion,Handbag,5,3500,0.2,14000.0,1000,Wallet,Marketplace,Completed,In Transit,5.0,4.0,No
CUST01526,ORD001526,PRD0018,2348080064956,Customer 1526,MALE,26-35,Kaduna,North West,Occasional,2024-08-15,Groceries,Cooking Oil,1,5000,0.2,4000.0,1000,Wallet,,Completed,,1.0,5.0,Yes
CUST01527,ORD001527,PRD0018,2348030882113,Customer 1527,Female,60+,Abuja,North Central,Premium,2026-04-30,Beauty,Perfume,2,25000,0.05,47500.0,3500,Wallet,Marketplace,Completed,Delivered,2.0,5.0,NO
CUST01528,ORD001528,PRD0025,2348096238698,Customer 1528,,,Ibadan,South West,Premium,2024-09-10,Home & Kitchen,Air Fryer,5,75000,0.15,318750.0,1000,bank transfer,mobile app,,,13.0,4.0,Yes
CUST01529,ORD001529,PRD0015,2348087392579,Customer 1529,Female,60+,Benin City,South South,Regular,2025-03-28,Fashion,Jeans,4,25000,0.1,90000.0,3500,USSD,Mobile App,completed,,14.0,1.0,No
CUST01530,ORD001530,PRD0017,2348047737893,Customer 1530,F,26-35,Ibadan,South West,Premium,2025-05-07,Electronics,Wireless Earbuds,1,25000,0.15,21250.0,2500,Cash on Delivery,Marketplace,Cancelled,,9.0,5.0,
CUST01531,ORD001531,PRD0013,2348052780258,Customer 1531,Male,60+,Benin City,South South,premium ,2024-09-08,Beauty,Hair Dryer,1,5000,0.05,4750.0,3500,Card,Instagram,,,,5.0,yes
CUST01532,ORD001532,PRD0025,2348088603018,Customer 1532,Female,36-45,Abuja,North Central,premium ,2025-07-16,Home & Kitchen,Blender,5,40000,0.0,200000.0,0,Bank Transfer,Instagram,COMPLETED,In Transit,11.0,5.0,Yes
CUST01533,ORD001533,PRD0019,2348081855928,Customer 1533,Female,46-60,Kaduna,North West,Regular,2026-01-21,Beauty,Perfume,1,15000,0.15,12750.0,1000,,Instagram,Completed,DELIVERED,12.0,5.0,Yes
CUST01534,ORD001534,PRD0011,2348051937447,Customer 1534,Female,26-35,Lagos,South West,premium ,2025-01-14,Sports,Running Shoes,2,15000,0.0,30000.0,1500,,Instagram,Pending,In Transit,13.0,5.0,NO
CUST01535,ORD001535,PRD0013,2348072388869,Customer 1535, m ,60+,Port Harcourt,South South,Premium,2025-05-02,Home & Kitchen,Cookware Set,3,40000,0.05,114000.0,1500,Card,Mobile App,pending,Delivered,,4.0,No
CUST01536,ORD001536,PRD0013,2348049225326,Customer 1536,,36-45,Abuja,North Central,Occasional,2026-07-13,Home & Kitchen,Blender,2,75000,0.0,150000.0,0,Bank Transfer,Website,COMPLETED,,11.0,,
CUST01537,ORD001537,PRD0008,2348059912713,Customer 1537,Male,18-25,Enugu,South East,premium ,2025-09-22,Beauty,Hair Dryer,3,75000,0.2,180000.0,2500,Bank Transfer,website,completed,Delayed,10.0,3.0,NO
CUST01538,ORD001538,PRD0028,2348055390250,Customer 1538,M,26-35,Abuja,North Central,Regular,2024-03-26,Beauty,Hair Dryer,5,120000,0.2,480000.0,2500,Cash on Delivery,Instagram,Completed,Delivered,7.0,4.0,No
CUST01539,ORD001539,PRD0026,2348042522839,Customer 1539,Male,18-25,Port Harcourt,South South,,2025-12-06,Fashion,Handbag,4,5000,0.2,16000.0,1500,CARD,Website,Pending,Delivered,2.0,3.0,Yes
CUST01540,ORD001540,PRD0012,2348026617557,Customer 1540,Male,,Kano,North West,Premium,2025-12-31,Sports,Running Shoes,1,7500,0.1,6750.0,1000,,Mobile App,COMPLETED,In Transit,12.0,4.0,Yes
CUST01541,ORD001541,PRD0024,2348095119148,Customer 1541,,36-45,Abuja,North Central,Business,2026-06-15,Beauty,Makeup Kit,1,40000,0.2,32000.0,1500,Cash on Delivery,Store,completed,,5.0,3.0,yes
CUST01542,ORD001542,PRD0023,2348082747816,Customer 1542, m ,60+,Kaduna,North West,Regular,2025-07-06,Home & Kitchen,Vacuum Cleaner,4,10000,0.1,36000.0,0,Bank Transfer,Marketplace,,Delayed,10.0,,No
CUST01543,ORD001543,PRD0025,2348056693634,Customer 1543,Female,18-25,Kano,North West,,2025-08-09,Beauty,Makeup Kit,2,15000,0.0,30000.0,3500,USSD,Marketplace,Pending,In Transit,12.0,,
CUST01544,ORD001544,PRD0001,2348049124816,Customer 1544,,36-45,Benin City,South South,Regular,2024-08-21,Fashion,Sneakers,4,5000,0.1,18000.0,1000,Card,,,Delayed,8.0,3.0,Yes
CUST01545,ORD001545,PRD0015,2348021315842,Customer 1545,,18-25,Kano,North West,Regular,2026-04-30,Beauty,Makeup Kit,4,40000,0.2,128000.0,1000,bank transfer,,Completed,DELIVERED,4.0,4.0,Yes
CUST01546,ORD001546,PRD0018,2348043617581,Customer 1546,Male,46-60,Kano,North West,Regular,2024-11-25,Sports,Gym Bag,1,10000,0.15,8500.0,1500,Bank Transfer,Marketplace,cancelled,,11.0,3.0,NO
CUST01547,ORD001547,PRD0010,2348088720586,Customer 1547,M,26-35,Benin City,South South,Premium,2025-02-21,Electronics,Wireless Earbuds,3,15000,0.05,42750.0,2500,Card,Marketplace,,,12.0,5.0,yes
CUST01548,ORD001548,PRD0030,2348067868564,Customer 1548,Female,46-60,Port Harcourt,South South,Business,2024-12-21,Fashion,Jeans,1,120000,0.15,102000.0,0,Card,Marketplace,Completed,,2.0,,NO
CUST01549,ORD001549,PRD0020,2348070921227,Customer 1549,,36-45,Kano,North West,Occasional,2025-02-16,Home & Kitchen,Cookware Set,1,25000,0.05,23750.0,1500,Card,Marketplace,Pending,Delivered,12.0,,
CUST01550,ORD001550,PRD0006,2348082512355, Customer 1550 ,Male,36-45,Kaduna,North West,Premium,2024-12-29,Beauty,Perfume,2,120000,0.1,216000.0,1500,bank transfer,Mobile App,Cancelled,Delayed,13.0,3.0,NO
CUST01551,ORD001551,PRD0011,2348028317681,Customer 1551,Female,46-60,Benin City,South South,Premium,2026-05-14,Home & Kitchen,Cookware Set,3,75000,0.1,202500.0,1000,Card,Store,pending,Delayed,,5.0,NO
CUST01552,ORD001552,PRD0019,2348024008493,Customer 1552,M,46-60,Ibadan,South West,REGULAR,2026-08-30,Beauty,Perfume,2,40000,0.0,80000.0,2500,,Website,,,4.0,4.0,
CUST01553,ORD001553,PRD0001,2348014090161,Customer 1553,MALE,46-60,Lagos,South West,Occasional,2024-12-27,Fashion,Sneakers,3,25000,0.15,63750.0,2500,Card,mobile app,Returned,Returned,12.0,5.0,Yes
CUST01554,ORD001554,PRD0013,2348037784728,Customer 1554,MALE,18-25,Benin City,South South,Regular,2026-04-23,Electronics,Laptop,3,5000,0.1,13500.0,3500,Bank Transfer,Mobile App,Completed,In Transit,11.0,3.0,NO
CUST01555,ORD001555,PRD0016,2348053563870,Customer 1555, m ,46-60,Enugu,South East,Occasional,2024-12-15,Beauty,Skincare Set,2,15000,0.0,30000.0,0,Card,Marketplace,Cancelled,In Transit,8.0,5.0,Yes
CUST01556,ORD001556,PRD0026,2348019888551,Customer 1556,Female,26-35,Enugu,South East,Regular,2024-11-08,Fashion,Sneakers,5,7500,0.05,35625.0,1000,,Store,Completed,Delayed,4.0,3.0,
CUST01557,ORD001557,PRD0009,2348065414923,Customer 1557,F,46-60,Kano,North West,Regular,2025-09-29,Electronics,Smartphone,1,15000,0.2,12000.0,0,Card,Marketplace,Cancelled,,11.0,4.0,NO
CUST01558,ORD001558,PRD0018,2348085576354,Customer 1558,M,,Lagos,South West,Regular,2026-02-19,Groceries,Cooking Oil,5,120000,0.0,600000.0,2500,Bank Transfer,Instagram,pending,Delivered,4.0,4.0,No
CUST01559,ORD001559,PRD0010,2348048718015,Customer 1559,FEMALE,26-35,Abuja,North Central,Occasional,2026-02-24,Sports,Gym Bag,4,25000,0.1,90000.0,2500,bank transfer,website,Completed,Delayed,14.0,2.0,No
CUST01560,ORD001560,PRD0014,2348043632344,Customer 1560,female,36-45,Lagos,South West,Occasional,2024-08-06,Fashion,Jeans,2,75000,0.15,127500.0,1500,USSD,Website,Pending,In Transit,12.0,4.0,No
CUST01561,ORD001561,PRD0013,2348064160963,Customer 1561,Female,18-25,Ibadan,South West,premium ,2026-03-29,Beauty,Hair Dryer,1,10000,0.2,8000.0,3500,Cash on Delivery,Marketplace,Pending,Returned,5.0,4.0,
CUST01562,ORD001562,PRD0001,2348060879909,Customer 1562,Female,,Lagos,South West,Occasional,2024-09-19,Groceries,Cereal,2,5000,0.2,8000.0,1000,Cash on Delivery,Store,completed,Delayed,2.0,4.0,No
CUST01563,ORD001563,PRD0004,2348043242566,Customer 1563,Female,60+,Lagos,South West,Regular,2026-01-26,Sports,Running Shoes,2,15000,0.2,24000.0,0,bank transfer,website,COMPLETED,Delivered,,5.0,
CUST01564,ORD001564,PRD0026,2348011989304,Customer 1564,M,,Abuja,North Central,Regular,2025-07-02,Sports,Football,2,5000,0.2,8000.0,0,Cash on Delivery,Store,Pending,In Transit,3.0,1.0,
CUST01565,ORD001565,PRD0013,2348012168387,Customer 1565, f ,,Port Harcourt,South South,,2026-04-27,Electronics,Laptop,4,75000,0.15,255000.0,1500,bank transfer,Website,Cancelled,delivered,5.0,,No
CUST01566,ORD001566,PRD0001,2348021753170,Customer 1566,Female,36-45,Benin City,South South,Regular,2025-03-08,Home & Kitchen,Cookware Set,1,5000,0.05,4750.0,3500,Card,Mobile App,Pending,In Transit,,4.0,
CUST01567,ORD001567,PRD0020,2348085349918,Customer 1567,Female,26-35,Lagos,South West,Business,2025-12-23,Groceries,Beverage Pack,5,3500,0.2,14000.0,3500,USSD,Marketplace,COMPLETED,In Transit,11.0,1.0,No
CUST01568,ORD001568,PRD0010,2348029922365,Customer 1568,Female,18-25,Kaduna,North West,Regular,2024-08-12,Groceries,Cooking Oil,5,10000,0.2,40000.0,0,Cash on Delivery,,Pending,Returned,8.0,5.0,NO
CUST01569,ORD001569,PRD0008,2348041027392,Customer 1569,F,60+,Ibadan,South West,Occasional,2025-12-24,Beauty,Skincare Set,3,75000,0.15,191250.0,1500,Wallet,Mobile App,Completed,Delivered,2.0,5.0,No
CUST01570,ORD001570,PRD0005,2348036036644,Customer 1570,,26-35,Ibadan,South West,Business,2026-01-25,Electronics,Laptop,5,40000,0.05,190000.0,1000,Card,Marketplace,Returned,Delayed,12.0,4.0,No
CUST01571,ORD001571,PRD0014,2348093927662,Customer 1571,Male,26-35,Port Harcourt,South South,premium ,2025-03-13,Beauty,Hair Dryer,2,120000,0.05,228000.0,2500,Wallet,Mobile App,COMPLETED,Returned,4.0,4.0,
CUST01572,ORD001572,PRD0026,2348064492158,Customer 1572,Male,60+,Ibadan,South West,Premium,2026-03-26,Sports,Gym Bag,4,10000,0.05,38000.0,0,Wallet,Instagram,COMPLETED,Delivered,13.0,5.0,Yes
CUST01573,ORD001573,PRD0015,2348021405211,Customer 1573,,,Benin City,South South,Premium,2025-01-03,Fashion,Sneakers,5,10000,0.0,50000.0,3500,bank transfer,mobile app,Completed,Returned,11.0,4.0,
CUST01574,ORD001574,PRD0015,2348072510942,Customer 1574,Female,36-45,Abuja,North Central,Premium,2024-09-11,Beauty,Perfume,4,5000,0.0,20000.0,1000,Bank Transfer,Instagram,cancelled,In Transit,10.0,5.0,
CUST01575,ORD001575,PRD0005,2348024933362, Customer 1575 ,,46-60,Kano,North West,Occasional,2026-08-17,Beauty,Makeup Kit,5,40000,0.0,200000.0,1500,Cash on Delivery,Website,Cancelled,Returned,13.0,4.0,No
CUST01576,ORD001576,PRD0017,2348088707790,Customer 1576,Male,18-25,Abuja,North Central,Regular,2024-12-22,Home & Kitchen,Blender,2,10000,0.1,18000.0,1000,Bank Transfer,Instagram,cancelled,,10.0,2.0,No
CUST01577,ORD001577,PRD0018,2348013522529,Customer 1577,,26-35,Abuja,North Central,,2026-05-10,Electronics,Smartphone,5,75000,0.0,375000.0,1000,Wallet,website,Completed,Delivered,,4.0,Yes
CUST01578,ORD001578,PRD0016,2348053092157,Customer 1578,Male,60+,Abuja,North Central,REGULAR,2024-09-30,Beauty,Makeup Kit,3,40000,0.1,108000.0,1500,Bank Transfer,,COMPLETED,Returned,5.0,4.0,No
CUST01579,ORD001579,PRD0001,2348078576617,Customer 1579,,26-35,Port Harcourt,South South,Regular,2025-12-03,Groceries,Cereal,1,15000,0.15,12750.0,2500,bank transfer,Website,Completed,Delivered,13.0,,No
CUST01580,ORD001580,PRD0016,2348076825428,Customer 1580,,,Abuja,North Central,Regular,2026-06-04,Sports,Running Shoes,3,3500,0.0,10500.0,0,Card,Instagram,completed,,5.0,,NO
CUST01581,ORD001581,PRD0010,2348089259153,Customer 1581,,60+,Kaduna,North West,premium ,2025-09-26,Groceries,Rice,5,10000,0.15,42500.0,1000,Cash on Delivery,Marketplace,Completed,,14.0,2.0,yes
CUST01582,ORD001582,PRD0029,2348059546800,Customer 1582,Male,36-45,Kano,North West,Premium,2025-02-22,Groceries,Cooking Oil,1,120000,0.2,96000.0,1500,Wallet,website,pending,In Transit,10.0,,NO
CUST01583,ORD001583,PRD0018,2348034557585,Customer 1583,,26-35,Abuja,North Central,Occasional,2025-09-17,Fashion,Sneakers,5,75000,0.05,356250.0,1500,USSD,Instagram,Completed,In Transit,14.0,4.0,No
CUST01584,ORD001584,PRD0013,2348089939155,Customer 1584,,,Benin City,South South,Occasional,2026-07-10,Electronics,Wireless Earbuds,2,40000,0.2,64000.0,0,Card,Website,Pending,,13.0,4.0,No
CUST01585,ORD001585,PRD0008,2348091982750,Customer 1585,M,60+,Lagos,South West,Occasional,2024-10-15,Home & Kitchen,Air Fryer,3,15000,0.2,36000.0,1000,Bank Transfer,Marketplace,Returned,delivered,8.0,,No
CUST01586,ORD001586,PRD0012,2348060792290,Customer 1586,Female,46-60,Enugu,South East,Occasional,2024-02-22,Sports,Yoga Mat,5,5000,0.0,25000.0,0,Card,Store,Completed,Delayed,1.0,2.0,NO
CUST01587,ORD001587,PRD0021,2348011429307,Customer 1587,Male,,Enugu,South East,Premium,2026-08-19,Fashion,Handbag,5,3500,0.1,15750.0,1000,Bank Transfer,Store,Returned,delivered,6.0,4.0,No
CUST01588,ORD001588,PRD0015,2348066239562,Customer 1588,Male,46-60,Abuja,North Central,,2026-07-03,Home & Kitchen,Blender,1,7500,0.2,6000.0,3500,Card,Marketplace,completed,,11.0,4.0,
CUST01589,ORD001589,PRD0013,2348091577735,Customer 1589,Male,36-45,Port Harcourt,South South,,2025-03-16,Fashion,Handbag,1,5000,0.1,4500.0,3500,Card,mobile app,Pending,Returned,9.0,3.0,NO
CUST01590,ORD001590,PRD0024,2348099650205,Customer 1590,Male,46-60,Benin City,South South,Business,2025-10-20,Beauty,Hair Dryer,5,5000,0.15,21250.0,1500,Bank Transfer,Store,Returned,Delayed,14.0,3.0,
CUST01591,ORD001591,PRD0020,2348023281386,Customer 1591,Female,18-25,Benin City,South South,Regular,2024-06-04,Fashion,Jeans,3,25000,0.0,75000.0,3500,Card,Instagram,completed,,2.0,5.0,Yes
CUST01592,ORD001592,PRD0007,2348064928145,Customer 1592,Male,46-60,Lagos,South West,Regular,2026-04-18,Sports,Running Shoes,1,75000,0.2,60000.0,2500,CARD,Store,,In Transit,4.0,3.0,No
CUST01593,ORD001593,PRD0013,2348039647124,Customer 1593,Female,36-45,Lagos,South West,Regular,2024-04-30,Beauty,Hair Dryer,4,3500,0.1,12600.0,1000,bank transfer,Marketplace,Cancelled,In Transit,7.0,4.0,NO
CUST01594,ORD001594,PRD0025,2348026239906,Customer 1594,Female,46-60,Abuja,North Central,Premium,2026-06-07,Home & Kitchen,Vacuum Cleaner,3,25000,0.15,63750.0,1000,bank transfer,Website,COMPLETED,delivered,14.0,4.0,Yes
CUST01595,ORD001595,PRD0019,2348018883899,Customer 1595, m ,46-60,Kaduna,North West,Regular,2024-12-30,Beauty,Makeup Kit,2,25000,0.05,47500.0,3500,,Website,Returned,Returned,9.0,5.0,
CUST01596,ORD001596,PRD0021,2348071455133,Customer 1596,Male,,Port Harcourt,South South,Business,2026-02-28,Beauty,Hair Dryer,5,15000,0.2,60000.0,1000,Cash on Delivery,Website,Pending,delivered,,2.0,No
CUST01597,ORD001597,PRD0016,2348042062116,Customer 1597,MALE,26-35,Kaduna,North West,Occasional,2024-05-26,Groceries,Rice,4,5000,0.05,19000.0,0,Cash on Delivery,Marketplace,pending,Delayed,5.0,5.0,Yes
CUST01598,ORD001598,PRD0026,2348062279156,Customer 1598, f ,18-25,Lagos,South West,Regular,2026-06-24,Beauty,Hair Dryer,3,75000,0.05,213750.0,1500,Wallet,Store,,DELIVERED,6.0,4.0,Yes
CUST01599,ORD001599,PRD0020,2348074099578,Customer 1599, f ,,Benin City,South South,Regular,2024-10-21,Sports,Gym Bag,5,25000,0.15,106250.0,3500,Bank Transfer,Marketplace,Pending,delivered,8.0,,Yes
CUST01600,ORD001600,PRD0017,2348016215455, Customer 1600 ,Female,26-35,Enugu,South East,Premium,2024-10-28,Groceries,Rice,2,120000,0.2,192000.0,0,Wallet,Mobile App,COMPLETED,Delivered,14.0,4.0,yes
CUST01601,ORD001601,PRD0007,2348047454979,Customer 1601, m ,60+,Port Harcourt,South South,premium ,2026-08-16,Home & Kitchen,Vacuum Cleaner,5,10000,0.0,50000.0,0,Cash on Delivery,website,Completed,,8.0,2.0,Yes
CUST01602,ORD001602,PRD0022,2348076806089,Customer 1602,M,26-35,Lagos,South West,Occasional,2024-08-20,Groceries,Beverage Pack,2,120000,0.15,204000.0,2500,Wallet,,Pending,DELIVERED,10.0,4.0,No
CUST01603,ORD001603,PRD0017,2348070997849,Customer 1603,Female,46-60,Ibadan,South West,REGULAR,2026-01-23,Electronics,Smart TV,3,10000,0.1,27000.0,3500,Cash on Delivery,mobile app,completed,In Transit,12.0,3.0,Yes
CUST01604,ORD001604,PRD0003,2348051730508,Customer 1604,F,18-25,Kano,North West,Premium,2024-05-08,Sports,Running Shoes,1,7500,0.05,7125.0,0,Cash on Delivery,website,Cancelled,Returned,1.0,5.0,NO
CUST01605,ORD001605,PRD0029,2348053352152,Customer 1605,female,60+,Benin City,South South,Business,2026-05-18,Fashion,Jeans,5,3500,0.0,17500.0,1500,Cash on Delivery,Instagram,COMPLETED,In Transit,7.0,4.0,Yes
CUST01606,ORD001606,PRD0021,2348020619263,Customer 1606,Female,,Benin City,South South,Regular,2026-08-19,Sports,Running Shoes,4,15000,0.0,60000.0,1500,bank transfer,Store,completed,Returned,9.0,3.0,NO
CUST01607,ORD001607,PRD0008,2348056266720,Customer 1607,,46-60,Kaduna,North West,Occasional,2026-05-30,Beauty,Skincare Set,2,40000,0.05,76000.0,3500,Card,website,Completed,Delivered,,4.0,yes
CUST01608,ORD001608,PRD0018,2348063590410,Customer 1608,,,Enugu,South East,Business,2024-04-13,Sports,Running Shoes,4,40000,0.1,144000.0,2500,Cash on Delivery,Store,Pending,delivered,14.0,5.0,No
CUST01609,ORD001609,PRD0016,2348069751845,Customer 1609,,60+,Port Harcourt,South South,Occasional,2025-06-10,Groceries,Cereal,2,7500,0.1,13500.0,2500,,Mobile App,Completed,DELIVERED,2.0,3.0,
CUST01610,ORD001610,PRD0021,2348073399399,Customer 1610,MALE,,Abuja,North Central,Business,2024-01-25,Sports,Football,2,7500,0.0,15000.0,3500,,Website,cancelled,Delivered,,5.0,No
CUST01611,ORD001611,PRD0011,2348044267352,Customer 1611,Female,36-45,Port Harcourt,South South,Premium,2024-04-21,Sports,Football,4,5000,0.1,18000.0,0,Wallet,website,Completed,Delayed,12.0,3.0,
CUST01612,ORD001612,PRD0024,2348046920445,Customer 1612,Male,26-35,Kaduna,North West,Premium,2025-01-12,Beauty,Hair Dryer,3,25000,0.05,71250.0,2500,CARD,mobile app,Pending,,14.0,4.0,No
CUST01613,ORD001613,PRD0011,2348069080472,Customer 1613,Male,36-45,Benin City,South South,Premium,2024-03-21,Home & Kitchen,Blender,1,25000,0.2,20000.0,1000,Card,Mobile App,pending,delivered,8.0,4.0,
CUST01614,ORD001614,PRD0004,2348023668214,Customer 1614,F,36-45,Kano,North West,Regular,2026-06-12,Electronics,Laptop,1,120000,0.05,114000.0,2500,Cash on Delivery,Website,pending,Delayed,14.0,,NO
CUST01615,ORD001615,PRD0002,2348063230859,Customer 1615,F,46-60,Ibadan,South West,,2026-07-06,Groceries,Beverage Pack,2,5000,0.05,9500.0,1500,Cash on Delivery,Website,completed,,1.0,4.0,Yes
CUST01616,ORD001616,PRD0010,2348077494345,Customer 1616,Female,,Abuja,North Central,Regular,2025-07-17,Sports,Gym Bag,2,75000,0.05,142500.0,1500,bank transfer,Instagram,,In Transit,6.0,2.0,Yes
CUST01617,ORD001617,PRD0023,2348073303406,Customer 1617,male,60+,Kano,North West,Regular,2026-08-18,Electronics,Smart TV,1,75000,0.1,67500.0,3500,CARD,Store,Completed,,9.0,4.0,No
CUST01618,ORD001618,PRD0010,2348014379710,Customer 1618,Female,,Kano,North West,Premium,2025-02-07,Electronics,Smartphone,3,75000,0.15,191250.0,1000,Bank Transfer,Instagram,completed,delivered,7.0,,No
CUST01619,ORD001619,PRD0014,2348025765864,Customer 1619,Male,26-35,Ibadan,South West,Occasional,2025-08-31,Home & Kitchen,Cookware Set,5,75000,0.0,375000.0,3500,Wallet,mobile app,Cancelled,DELIVERED,13.0,4.0,NO
CUST01620,ORD001620,PRD0012,2348033324637,Customer 1620,F,46-60,Kaduna,North West,Business,2025-12-05,Groceries,Beverage Pack,4,3500,0.1,12600.0,1000,USSD,Store,Cancelled,Delayed,12.0,4.0,
CUST01621,ORD001621,PRD0010,2348055782817,Customer 1621, m ,18-25,Abuja,North Central,Premium,2025-03-21,Home & Kitchen,Cookware Set,1,40000,0.15,34000.0,1500,Cash on Delivery,mobile app,Pending,Delivered,3.0,5.0,NO
CUST01622,ORD001622,PRD0014,2348025693006,Customer 1622,,18-25,Benin City,South South,Occasional,2026-01-24,Beauty,Hair Dryer,5,5000,0.05,23750.0,1500,Cash on Delivery,Mobile App,,delivered,13.0,4.0,No
CUST01623,ORD001623,PRD0016,2348049894011,Customer 1623,Male,,Ibadan,South West,Regular,2025-11-13,Sports,Yoga Mat,3,3500,0.05,9975.0,3500,bank transfer,Store,,delivered,5.0,2.0,
CUST01624,ORD001624,PRD0019,2348082045097,Customer 1624,FEMALE,18-25,Port Harcourt,South South,REGULAR,2026-06-20,Electronics,Wireless Earbuds,1,10000,0.05,9500.0,0,USSD,Marketplace,Returned,,4.0,,No
CUST01625,ORD001625,PRD0025,2348090295212, Customer 1625 ,F,46-60,Ibadan,South West,Business,2025-09-01,Home & Kitchen,Blender,2,10000,0.2,16000.0,3500,Cash on Delivery,Marketplace,Returned,Delivered,4.0,4.0,Yes
CUST01626,ORD001626,PRD0014,2348019015666,Customer 1626,F,60+,Kano,North West,Regular,2026-04-24,Groceries,Beverage Pack,3,40000,0.15,102000.0,1500,CARD,,Cancelled,In Transit,,4.0,Yes
CUST01627,ORD001627,PRD0024,2348053134896,Customer 1627,Male,46-60,Kano,North West,Premium,2025-02-21,Sports,Yoga Mat,1,40000,0.2,32000.0,0,Wallet,Marketplace,Pending,Delivered,1.0,4.0,
CUST01628,ORD001628,PRD0024,2348015746300,Customer 1628,,,Enugu,South East,REGULAR,2025-01-12,Beauty,Perfume,5,75000,0.0,375000.0,1500,Cash on Delivery,Website,COMPLETED,Delivered,12.0,4.0,yes
CUST01629,ORD001629,PRD0016,2348068552615,Customer 1629,Female,46-60,Abuja,North Central,REGULAR,2024-08-10,Beauty,Makeup Kit,5,40000,0.1,180000.0,0,Card,Marketplace,Completed,Returned,12.0,4.0,Yes
CUST01630,ORD001630,PRD0024,2348046852656,Customer 1630,F,,Port Harcourt,South South,Regular,2025-02-03,Home & Kitchen,Blender,4,25000,0.2,80000.0,1500,CARD,Instagram,,,1.0,5.0,No
CUST01631,ORD001631,PRD0015,2348040016971,Customer 1631,MALE,18-25,Enugu,South East,Regular,2026-05-21,Sports,Running Shoes,1,75000,0.05,71250.0,3500,Bank Transfer,Marketplace,completed,,6.0,5.0,Yes
CUST01632,ORD001632,PRD0016,2348057439818,Customer 1632,,,Benin City,South South,Business,2025-01-17,Fashion,Shirt,5,75000,0.2,300000.0,1500,Wallet,,Cancelled,In Transit,5.0,4.0,Yes
CUST01633,ORD001633,PRD0015,2348080196480,Customer 1633,Female,,Lagos,South West,Premium,2025-09-04,Groceries,Cereal,1,40000,0.1,36000.0,1500,Cash on Delivery,Website,Cancelled,DELIVERED,,3.0,No
CUST01634,ORD001634,PRD0020,2348087843164,Customer 1634,Female,18-25,Benin City,South South,Regular,2024-07-18,Beauty,Skincare Set,2,25000,0.15,42500.0,2500,,Marketplace,Completed,,4.0,2.0,No
CUST01635,ORD001635,PRD0013,2348098475321,Customer 1635,,26-35,Port Harcourt,South South,Regular,2026-03-25,Beauty,Makeup Kit,1,3500,0.1,3150.0,0,Card,,Cancelled,DELIVERED,14.0,1.0,Yes
CUST01636,ORD001636,PRD0015,2348013630442,Customer 1636,Male,36-45,Kano,North West,Occasional,2025-10-25,Home & Kitchen,Blender,2,40000,0.05,76000.0,1500,Wallet,Instagram,completed,Delivered,11.0,4.0,NO
CUST01637,ORD001637,PRD0028,2348031382349,Customer 1637,Male,18-25,Benin City,South South,Regular,2026-07-20,Electronics,Smart TV,4,7500,0.0,30000.0,3500,Card,Mobile App,Returned,DELIVERED,13.0,5.0,No
CUST01638,ORD001638,PRD0009,2348083107300,Customer 1638,female,,Ibadan,South West,Regular,2026-03-12,Sports,Running Shoes,3,3500,0.1,9450.0,2500,Bank Transfer,Website,Completed,In Transit,3.0,,No
CUST01639,ORD001639,PRD0016,2348034129706,Customer 1639,Male,46-60,Benin City,South South,Regular,2026-05-19,Sports,Yoga Mat,1,75000,0.05,71250.0,2500,CARD,Mobile App,completed,Delivered,2.0,4.0,No
CUST01640,ORD001640,PRD0013,2348059242598,Customer 1640,Male,60+,Kaduna,North West,,2024-10-05,Beauty,Hair Dryer,3,15000,0.15,38250.0,3500,Cash on Delivery,Store,Cancelled,,9.0,4.0,No
CUST01641,ORD001641,PRD0008,2348040122147,Customer 1641, m ,26-35,Lagos,South West,Premium,2024-04-29,Fashion,Handbag,5,40000,0.05,190000.0,1000,Cash on Delivery,Mobile App,Completed,Delayed,14.0,5.0,
CUST01642,ORD001642,PRD0010,2348014318639,Customer 1642, m ,,Kaduna,North West,Regular,2026-04-08,Home & Kitchen,Cookware Set,2,10000,0.2,16000.0,2500,,Store,Pending,Delivered,4.0,4.0,No
CUST01643,ORD001643,PRD0003,2348028942071,Customer 1643,,,Abuja,North Central,REGULAR,2024-04-09,Home & Kitchen,Vacuum Cleaner,1,3500,0.15,2975.0,0,Wallet,Marketplace,Pending,delivered,1.0,4.0,NO
CUST01644,ORD001644,PRD0014,2348018157609,Customer 1644,F,36-45,Port Harcourt,South South,Regular,2025-12-15,Fashion,Jeans,4,15000,0.1,54000.0,1000,bank transfer,Store,cancelled,In Transit,4.0,5.0,No
CUST01645,ORD001645,PRD0028,2348023622744,Customer 1645,Male,36-45,Benin City,South South,Business,2024-04-10,Home & Kitchen,Vacuum Cleaner,3,15000,0.05,42750.0,2500,Cash on Delivery,Website,Completed,In Transit,2.0,4.0,Yes
CUST01646,ORD001646,PRD0024,2348018306570,Customer 1646,Female,26-35,Kaduna,North West,Premium,2024-12-11,Electronics,Laptop,4,3500,0.1,12600.0,1000,Wallet,Website,Completed,delivered,2.0,3.0,
CUST01647,ORD001647,PRD0014,2348057022615,Customer 1647,Male,36-45,Lagos,South West,Premium,2026-07-12,Fashion,Handbag,4,10000,0.0,40000.0,0,USSD,mobile app,Completed,In Transit,10.0,4.0,yes
CUST01648,ORD001648,PRD0011,2348068558608,Customer 1648,Female,36-45,Benin City,South South,Premium,2026-07-12,Groceries,Rice,4,75000,0.05,285000.0,0,Card,mobile app,Completed,Delayed,7.0,4.0,
CUST01649,ORD001649,PRD0020,2348075146323,Customer 1649,Female,46-60,Kaduna,North West,Occasional,2024-09-10,Electronics,Wireless Earbuds,1,25000,0.1,22500.0,3500,Cash on Delivery,Instagram,,In Transit,,,Yes
CUST01650,ORD001650,PRD0017,2348026057996, Customer 1650 ,Male,46-60,Enugu,South East,Regular,2026-05-03,Electronics,Laptop,1,5000,0.0,5000.0,3500,Cash on Delivery,Marketplace,Cancelled,Delivered,11.0,,No
CUST01651,ORD001651,PRD0015,2348033792209,Customer 1651,Female,36-45,Port Harcourt,South South,Premium,2026-03-18,Electronics,Wireless Earbuds,4,120000,0.1,432000.0,2500,Bank Transfer,Instagram,COMPLETED,DELIVERED,1.0,4.0,No
CUST01652,ORD001652,PRD0023,2348074601581,Customer 1652,Male,36-45,Benin City,South South,Premium,2024-01-09,Sports,Gym Bag,5,3500,0.2,14000.0,1000,Card,Mobile App,COMPLETED,Delayed,11.0,4.0,Yes
CUST01653,ORD001653,PRD0016,2348012227930,Customer 1653,Male,18-25,Kaduna,North West,Occasional,2024-12-21,Sports,Running Shoes,2,75000,0.0,150000.0,1500,Bank Transfer,Store,pending,,9.0,4.0,No
CUST01654,ORD001654,PRD0024,2348056013168,Customer 1654,Female,26-35,Ibadan,South West,REGULAR,2025-05-11,Fashion,Sneakers,1,10000,0.2,8000.0,0,USSD,,,Delivered,12.0,4.0,Yes
CUST01655,ORD001655,PRD0002,2348018150952,Customer 1655,,,Kaduna,North West,Premium,2024-04-21,Groceries,Cereal,4,3500,0.15,11900.0,1000,Cash on Delivery,Marketplace,Completed,In Transit,13.0,4.0,Yes
CUST01656,ORD001656,PRD0014,2348010372689,Customer 1656,FEMALE,18-25,Ibadan,South West,Regular,2024-11-11,Beauty,Perfume,4,10000,0.15,34000.0,3500,USSD,,Completed,,13.0,2.0,No
CUST01657,ORD001657,PRD0018,2348042857905,Customer 1657,Male,46-60,Port Harcourt,South South,Occasional,2024-07-22,Electronics,Smartphone,3,40000,0.15,102000.0,1500,Cash on Delivery,Marketplace,COMPLETED,DELIVERED,7.0,4.0,No
CUST01658,ORD001658,PRD0016,2348060322613,Customer 1658,,18-25,Port Harcourt,South South,Regular,2026-08-11,Sports,Running Shoes,2,120000,0.2,192000.0,3500,bank transfer,website,Completed,delivered,10.0,3.0,Yes
CUST01659,ORD001659,PRD0005,2348075278446,Customer 1659,male,36-45,Benin City,South South,Occasional,2025-05-23,Fashion,Handbag,2,10000,0.2,16000.0,3500,Bank Transfer,Marketplace,Cancelled,In Transit,12.0,4.0,Yes
CUST01660,ORD001660,PRD0028,2348010351070,Customer 1660,female,46-60,Abuja,North Central,Regular,2026-06-04,Groceries,Rice,1,5000,0.1,4500.0,3500,Card,Mobile App,COMPLETED,In Transit,2.0,5.0,NO
CUST01661,ORD001661,PRD0001,2348072289908,Customer 1661,Male,60+,Port Harcourt,South South,Regular,2024-04-10,Sports,Running Shoes,2,7500,0.05,14250.0,3500,Wallet,,Pending,Delivered,12.0,5.0,
CUST01662,ORD001662,PRD0005,2348080260724,Customer 1662,Male,18-25,Abuja,North Central,Regular,2024-03-09,Electronics,Smart TV,1,3500,0.05,3325.0,1500,Card,Marketplace,Completed,,7.0,4.0,
CUST01663,ORD001663,PRD0020,2348026871735,Customer 1663, m ,18-25,Abuja,North Central,Premium,2025-01-19,Fashion,Handbag,3,25000,0.0,75000.0,0,Bank Transfer,Website,Pending,delivered,13.0,2.0,Yes
CUST01664,ORD001664,PRD0019,2348020211649,Customer 1664,,46-60,Benin City,South South,premium ,2026-04-19,Sports,Gym Bag,4,5000,0.2,16000.0,0,USSD,Mobile App,Cancelled,Returned,12.0,5.0,
CUST01665,ORD001665,PRD0011,2348037127202,Customer 1665, f ,60+,Abuja,North Central,Regular,2025-06-18,Electronics,Wireless Earbuds,5,7500,0.15,31875.0,1500,,Marketplace,COMPLETED,Delivered,14.0,,No
CUST01666,ORD001666,PRD0020,2348059282118,Customer 1666,Male,60+,Enugu,South East,premium ,2026-07-25,Home & Kitchen,Cookware Set,4,3500,0.2,11200.0,3500,,Instagram,,Returned,8.0,1.0,No
CUST01667,ORD001667,PRD0026,2348037559207,Customer 1667,Male,46-60,Kano,North West,Regular,2025-02-10,Beauty,Hair Dryer,4,7500,0.05,28500.0,3500,Card,Instagram,Completed,DELIVERED,8.0,5.0,yes
CUST01668,ORD001668,PRD0014,2348085444003,Customer 1668,Female,60+,Kaduna,North West,Regular,2025-09-18,Groceries,Cooking Oil,3,25000,0.1,67500.0,0,Cash on Delivery,mobile app,Completed,,3.0,4.0,No
CUST01669,ORD001669,PRD0030,2348026109236,Customer 1669,Male,46-60,Ibadan,South West,Regular,2026-02-18,Sports,Gym Bag,1,7500,0.0,7500.0,1000,USSD,Mobile App,completed,Delayed,5.0,3.0,
CUST01670,ORD001670,PRD0019,2348064363088,Customer 1670,Male,18-25,Kaduna,North West,Premium,2024-12-09,Fashion,Handbag,2,25000,0.15,42500.0,1000,Cash on Delivery,,Pending,Delayed,13.0,4.0,Yes
CUST01671,ORD001671,PRD0027,2348068338544,Customer 1671,,,Kano,North West,Regular,2024-06-05,Sports,Running Shoes,4,5000,0.05,19000.0,1500,Cash on Delivery,Store,completed,DELIVERED,14.0,,NO
CUST01672,ORD001672,PRD0017,2348024420836,Customer 1672, f ,36-45,Kaduna,North West,Regular,2024-07-30,Sports,Gym Bag,3,120000,0.05,342000.0,3500,bank transfer,Website,cancelled,In Transit,11.0,3.0,NO
CUST01673,ORD001673,PRD0027,2348082593356,Customer 1673,Male,60+,Enugu,South East,Premium,2025-01-26,Fashion,Sneakers,1,5000,0.15,4250.0,3500,Card,Instagram,Completed,Returned,4.0,5.0,
CUST01674,ORD001674,PRD0007,2348052676521,Customer 1674,Female,26-35,Ibadan,South West,,2024-05-26,Fashion,Sneakers,4,40000,0.05,152000.0,2500,Bank Transfer,Marketplace,Completed,Delivered,8.0,4.0,
CUST01675,ORD001675,PRD0009,2348028852947, Customer 1675 ,Female,46-60,Benin City,South South,premium ,2025-01-02,Fashion,Handbag,5,25000,0.05,118750.0,2500,USSD,Website,cancelled,Delayed,14.0,5.0,NO
CUST01676,ORD001676,PRD0026,2348018925054,Customer 1676,female,60+,Enugu,South East,,2025-12-27,Groceries,Cereal,4,25000,0.0,100000.0,2500,Cash on Delivery,Mobile App,COMPLETED,,8.0,,No
CUST01677,ORD001677,PRD0004,2348078239949,Customer 1677,Female,18-25,Ibadan,South West,Business,2024-01-24,Beauty,Makeup Kit,5,25000,0.15,106250.0,3500,Cash on Delivery,Website,Cancelled,In Transit,4.0,4.0,No
CUST01678,ORD001678,PRD0009,2348062217791,Customer 1678,Male,36-45,Port Harcourt,South South,Regular,2026-06-29,Groceries,Beverage Pack,1,15000,0.1,13500.0,1500,CARD,Mobile App,Completed,Delivered,2.0,2.0,No
CUST01679,ORD001679,PRD0026,2348059677802,Customer 1679,Female,18-25,Port Harcourt,South South,Regular,2024-09-06,Electronics,Laptop,2,3500,0.2,5600.0,2500,USSD,Website,COMPLETED,In Transit,8.0,4.0,Yes
CUST01680,ORD001680,PRD0030,2348033812784,Customer 1680,M,60+,Enugu,South East,premium ,2026-04-30,Electronics,Smartphone,4,7500,0.15,25500.0,2500,,Website,,Returned,2.0,3.0,No
CUST01681,ORD001681,PRD0005,2348022575786,Customer 1681,Male,26-35,Lagos,South West,Occasional,2025-07-26,Sports,Gym Bag,3,7500,0.1,20250.0,0,Card,Mobile App,,In Transit,9.0,3.0,NO
CUST01682,ORD001682,PRD0013,2348077203168,Customer 1682,,36-45,Benin City,South South,,2024-06-24,Groceries,Cooking Oil,3,5000,0.2,12000.0,2500,Card,Marketplace,COMPLETED,In Transit,7.0,4.0,yes
CUST01683,ORD001683,PRD0013,2348058521018,Customer 1683,F,,Abuja,North Central,Occasional,2024-05-15,Beauty,Hair Dryer,4,7500,0.0,30000.0,0,bank transfer,Mobile App,completed,Returned,11.0,5.0,NO
CUST01684,ORD001684,PRD0014,2348065065419,Customer 1684,female,,Lagos,South West,Premium,2024-02-18,Beauty,Perfume,4,3500,0.2,11200.0,1500,bank transfer,Website,,Delivered,12.0,4.0,No
CUST01685,ORD001685,PRD0012,2348026270029,Customer 1685,,26-35,Ibadan,South West,Regular,2024-01-17,Fashion,Shirt,5,75000,0.0,375000.0,1500,USSD,Website,,Delivered,9.0,,
CUST01686,ORD001686,PRD0024,2348010691862,Customer 1686,Female,46-60,Ibadan,South West,Regular,2025-12-19,Sports,Yoga Mat,2,7500,0.1,13500.0,1500,Cash on Delivery,Store,Completed,Delivered,14.0,5.0,No
CUST01687,ORD001687,PRD0002,2348076336804,Customer 1687,,36-45,Abuja,North Central,REGULAR,2024-07-06,Beauty,Perfume,3,10000,0.1,27000.0,0,Card,Website,Completed,In Transit,3.0,5.0,yes
CUST01688,ORD001688,PRD0009,2348092339922,Customer 1688,,36-45,Ibadan,South West,Regular,2025-12-02,Home & Kitchen,Air Fryer,3,5000,0.0,15000.0,3500,,Store,cancelled,Delivered,6.0,5.0,Yes
CUST01689,ORD001689,PRD0002,2348035950510,Customer 1689,Male,26-35,Lagos,South West,Regular,2024-08-22,Groceries,Cooking Oil,2,40000,0.0,80000.0,2500,USSD,Marketplace,,Returned,8.0,5.0,yes
CUST01690,ORD001690,PRD0015,2348013412504,Customer 1690,Female,60+,Enugu,South East,,2024-07-29,Electronics,Wireless Earbuds,2,75000,0.05,142500.0,2500,USSD,Mobile App,Cancelled,In Transit,5.0,5.0,Yes
CUST01691,ORD001691,PRD0030,2348082832168,Customer 1691,Female,46-60,Kaduna,North West,premium ,2025-05-05,Home & Kitchen,Blender,2,3500,0.0,7000.0,1000,Card,Website,COMPLETED,delivered,1.0,4.0,NO
CUST01692,ORD001692,PRD0004,2348074389213,Customer 1692,Female,26-35,Port Harcourt,South South,,2025-08-28,Beauty,Perfume,5,10000,0.2,40000.0,2500,Bank Transfer,Instagram,Completed,In Transit,,4.0,No
CUST01693,ORD001693,PRD0016,2348028116260,Customer 1693,Female,46-60,Kano,North West,Business,2025-01-09,Home & Kitchen,Cookware Set,3,10000,0.05,28500.0,0,Wallet,Marketplace,,Delivered,14.0,5.0,Yes
CUST01694,ORD001694,PRD0001,2348076123884,Customer 1694,Female,60+,Abuja,North Central,Regular,2026-04-08,Electronics,Wireless Earbuds,3,25000,0.2,60000.0,1000,Bank Transfer,,Completed,Delivered,8.0,5.0,yes
CUST01695,ORD001695,PRD0007,2348013549082,Customer 1695, m ,26-35,Lagos,South West,Regular,2024-08-31,Groceries,Beverage Pack,3,120000,0.1,324000.0,1000,Card,Marketplace,Pending,Delayed,8.0,4.0,NO
CUST01696,ORD001696,PRD0024,2348024379104,Customer 1696,,,Lagos,South West,Regular,2024-01-21,Electronics,Wireless Earbuds,4,15000,0.2,48000.0,1000,Cash on Delivery,Store,pending,DELIVERED,13.0,5.0,Yes
CUST01697,ORD001697,PRD0004,2348083109045,Customer 1697, f ,26-35,Abuja,North Central,Occasional,2024-05-28,Electronics,Smartphone,2,120000,0.05,228000.0,1000,USSD,Marketplace,Returned,In Transit,12.0,,No
CUST01698,ORD001698,PRD0017,2348083558329,Customer 1698,,46-60,Kaduna,North West,Regular,2024-05-12,Beauty,Hair Dryer,3,120000,0.15,306000.0,2500,Bank Transfer,Store,Completed,,1.0,2.0,No
CUST01699,ORD001699,PRD0007,2348018118920,Customer 1699,Male,26-35,Abuja,North Central,Occasional,2024-11-26,Fashion,Handbag,1,75000,0.2,60000.0,3500,Bank Transfer,website,Completed,Delivered,8.0,2.0,Yes
CUST01700,ORD001700,PRD0022,2348040272427, Customer 1700 ,Male,60+,Kano,North West,Business,2024-08-26,Electronics,Wireless Earbuds,5,5000,0.2,20000.0,0,CARD,Mobile App,Completed,In Transit,9.0,3.0,
CUST01701,ORD001701,PRD0019,2348076503371,Customer 1701,M,18-25,Kaduna,North West,,2026-06-23,Beauty,Makeup Kit,2,75000,0.0,150000.0,1000,Card,Mobile App,completed,,10.0,5.0,NO
CUST01702,ORD001702,PRD0006,2348095049253,Customer 1702,Female,46-60,Abuja,North Central,Regular,2025-03-09,Fashion,Sneakers,5,15000,0.15,63750.0,3500,Bank Transfer,Website,Completed,Delayed,,4.0,No
CUST01703,ORD001703,PRD0029,2348025667606,Customer 1703,,46-60,Abuja,North Central,Premium,2025-03-23,Beauty,Perfume,5,120000,0.15,510000.0,1500,Wallet,Website,Completed,,4.0,4.0,
CUST01704,ORD001704,PRD0005,2348059972527,Customer 1704,Male,26-35,Benin City,South South,Premium,2025-12-07,Fashion,Handbag,1,120000,0.1,108000.0,2500,Bank Transfer,Marketplace,Pending,Delivered,4.0,3.0,No
CUST01705,ORD001705,PRD0005,2348030460647,Customer 1705,Female,60+,Lagos,South West,Regular,2026-08-11,Electronics,Smart TV,1,40000,0.0,40000.0,2500,Card,Store,,In Transit,5.0,4.0,
CUST01706,ORD001706,PRD0010,2348080675598,Customer 1706,Male,46-60,Kaduna,North West,Business,2025-03-17,Fashion,Handbag,1,75000,0.15,63750.0,0,Wallet,website,Completed,DELIVERED,6.0,1.0,Yes
CUST01707,ORD001707,PRD0028,2348026994351,Customer 1707,,26-35,Ibadan,South West,Regular,2024-02-25,Electronics,Laptop,3,15000,0.1,40500.0,3500,Wallet,Mobile App,Completed,,6.0,4.0,Yes
CUST01708,ORD001708,PRD0022,2348097128943,Customer 1708,Male,26-35,Enugu,South East,Premium,2025-01-11,Groceries,Beverage Pack,2,75000,0.1,135000.0,1000,Card,,Completed,,1.0,,yes
CUST01709,ORD001709,PRD0022,2348076533975,Customer 1709,Male,46-60,Kano,North West,REGULAR,2024-02-09,Home & Kitchen,Air Fryer,3,3500,0.2,8400.0,1000,Wallet,Website,Completed,In Transit,12.0,5.0,Yes
CUST01710,ORD001710,PRD0007,2348068871952,Customer 1710,Female,26-35,Kaduna,North West,,2024-09-07,Home & Kitchen,Vacuum Cleaner,2,15000,0.0,30000.0,0,Wallet,Store,completed,Returned,2.0,5.0,
CUST01711,ORD001711,PRD0015,2348048453917,Customer 1711,,60+,Port Harcourt,South South,Business,2025-11-03,Fashion,Shirt,5,7500,0.15,31875.0,0,,,completed,Delivered,11.0,,No
CUST01712,ORD001712,PRD0002,2348091677485,Customer 1712,,18-25,Kano,North West,Occasional,2026-07-04,Groceries,Cooking Oil,2,7500,0.15,12750.0,1000,Cash on Delivery,mobile app,cancelled,In Transit,6.0,2.0,Yes
CUST01713,ORD001713,PRD0013,2348031241435,Customer 1713,,60+,Port Harcourt,South South,Premium,2025-06-15,Groceries,Beverage Pack,5,7500,0.2,30000.0,3500,Card,Marketplace,Completed,,,4.0,Yes
CUST01714,ORD001714,PRD0011,2348098002497,Customer 1714,Female,18-25,Lagos,South West,Regular,2024-07-16,Fashion,Shirt,5,10000,0.05,47500.0,3500,USSD,website,Returned,Delivered,11.0,4.0,No
CUST01715,ORD001715,PRD0026,2348028295140,Customer 1715, m ,18-25,Lagos,South West,Regular,2026-03-06,Sports,Yoga Mat,2,40000,0.0,80000.0,0,bank transfer,Mobile App,pending,,12.0,3.0,No
CUST01716,ORD001716,PRD0001,2348097752666,Customer 1716,MALE,18-25,Ibadan,South West,,2026-05-16,Electronics,Wireless Earbuds,4,5000,0.0,20000.0,1500,Cash on Delivery,Website,pending,DELIVERED,3.0,4.0,No
CUST01717,ORD001717,PRD0019,2348044843492,Customer 1717,Male,18-25,Enugu,South East,REGULAR,2025-03-06,Groceries,Cereal,5,120000,0.05,570000.0,2500,Bank Transfer,Mobile App,pending,Delivered,1.0,2.0,Yes
CUST01718,ORD001718,PRD0025,2348053125462,Customer 1718,M,60+,Kano,North West,Premium,2025-05-09,Beauty,Perfume,4,40000,0.15,136000.0,0,Bank Transfer,Website,,DELIVERED,10.0,4.0,NO
CUST01719,ORD001719,PRD0002,2348025350443,Customer 1719,Male,46-60,Kano,North West,Premium,2025-06-30,Groceries,Cooking Oil,5,3500,0.15,14875.0,0,Bank Transfer,website,COMPLETED,delivered,2.0,4.0,Yes
CUST01720,ORD001720,PRD0017,2348019305002,Customer 1720,Male,60+,Enugu,South East,,2024-05-03,Beauty,Hair Dryer,3,15000,0.15,38250.0,0,Card,website,Cancelled,Delivered,9.0,5.0,yes
CUST01721,ORD001721,PRD0021,2348013899293,Customer 1721,F,26-35,Benin City,South South,Premium,2024-07-21,Home & Kitchen,Vacuum Cleaner,2,7500,0.0,15000.0,2500,USSD,Store,cancelled,Delayed,8.0,4.0,Yes
CUST01722,ORD001722,PRD0021,2348040724006,Customer 1722,MALE,36-45,Kano,North West,Business,2026-03-04,Home & Kitchen,Cookware Set,1,120000,0.2,96000.0,2500,Bank Transfer,Store,Cancelled,Delivered,10.0,5.0,
CUST01723,ORD001723,PRD0019,2348070482828,Customer 1723,Male,,Ibadan,South West,Premium,2026-07-28,Electronics,Laptop,4,5000,0.2,16000.0,2500,Wallet,Website,Cancelled,Delivered,2.0,,Yes
CUST01724,ORD001724,PRD0015,2348077279297,Customer 1724,Female,18-25,Kaduna,North West,Occasional,2026-05-31,Sports,Football,5,120000,0.0,600000.0,1000,Card,,completed,Delivered,4.0,4.0,
CUST01725,ORD001725,PRD0013,2348025622286, Customer 1725 ,Male,,Kaduna,North West,Occasional,2025-03-24,Sports,Football,5,75000,0.05,356250.0,0,Wallet,Marketplace,Completed,DELIVERED,,4.0,No
CUST01726,ORD001726,PRD0008,2348096335640,Customer 1726,F,60+,Lagos,South West,premium ,2024-03-28,Sports,Yoga Mat,5,15000,0.05,71250.0,1000,USSD,Mobile App,pending,In Transit,4.0,5.0,No
CUST01727,ORD001727,PRD0010,2348012886420,Customer 1727,female,36-45,Benin City,South South,Regular,2025-05-28,Beauty,Makeup Kit,3,7500,0.05,21375.0,1500,,Website,cancelled,DELIVERED,3.0,3.0,
CUST01728,ORD001728,PRD0030,2348020530948,Customer 1728, f ,60+,Port Harcourt,South South,Regular,2025-07-25,Home & Kitchen,Cookware Set,5,25000,0.15,106250.0,3500,Bank Transfer,,,In Transit,3.0,5.0,No
CUST01729,ORD001729,PRD0003,2348011915807,Customer 1729,,,Lagos,South West,Regular,2024-07-09,Electronics,Smartphone,5,15000,0.15,63750.0,2500,bank transfer,Mobile App,Completed,Delayed,5.0,4.0,No
CUST01730,ORD001730,PRD0001,2348081394173,Customer 1730, f ,36-45,Kano,North West,Premium,2024-06-10,Groceries,Cereal,2,25000,0.1,45000.0,2500,Wallet,Store,Pending,Delivered,,5.0,No
CUST01731,ORD001731,PRD0005,2348079351860,Customer 1731,Male,,Abuja,North Central,Regular,2025-09-08,Beauty,Makeup Kit,2,3500,0.05,6650.0,0,,Website,completed,Delivered,7.0,4.0,
CUST01732,ORD001732,PRD0016,2348071990696,Customer 1732,,18-25,Ibadan,South West,Business,2026-03-19,Home & Kitchen,Blender,1,75000,0.0,75000.0,1500,,Mobile App,Pending,In Transit,11.0,3.0,No
CUST01733,ORD001733,PRD0008,2348075832370,Customer 1733,Female,26-35,Ibadan,South West,Occasional,2024-10-18,Electronics,Wireless Earbuds,3,5000,0.0,15000.0,1500,Card,Website,Completed,Delivered,7.0,,No
CUST01734,ORD001734,PRD0010,2348030501265,Customer 1734,,18-25,Port Harcourt,South South,Premium,2024-10-12,Home & Kitchen,Cookware Set,4,3500,0.2,11200.0,1500,Cash on Delivery,Marketplace,completed,DELIVERED,6.0,4.0,No
CUST01735,ORD001735,PRD0019,2348082329684,Customer 1735,Female,18-25,Kaduna,North West,premium ,2025-08-16,Sports,Football,5,7500,0.15,31875.0,1000,Cash on Delivery,Marketplace,completed,,1.0,5.0,No
CUST01736,ORD001736,PRD0010,2348089029379,Customer 1736,,18-25,Abuja,North Central,Regular,2024-02-28,Electronics,Wireless Earbuds,1,5000,0.05,4750.0,1000,Wallet,Website,,Returned,12.0,5.0,No
CUST01737,ORD001737,PRD0013,2348096741592,Customer 1737,M,18-25,Lagos,South West,Regular,2026-05-16,Electronics,Wireless Earbuds,3,10000,0.1,27000.0,1000,USSD,Instagram,COMPLETED,delivered,7.0,5.0,NO
CUST01738,ORD001738,PRD0024,2348047845975,Customer 1738,Female,26-35,Lagos,South West,,2025-11-14,Electronics,Wireless Earbuds,5,120000,0.1,540000.0,1000,Wallet,Website,Pending,,2.0,,No
CUST01739,ORD001739,PRD0029,2348097323248,Customer 1739,,46-60,Kaduna,North West,Regular,2026-02-10,Electronics,Smart TV,2,15000,0.05,28500.0,0,,Instagram,Completed,Delivered,6.0,4.0,No
CUST01740,ORD001740,PRD0002,2348015122804,Customer 1740,,,Abuja,North Central,,2025-09-19,Groceries,Beverage Pack,1,3500,0.15,2975.0,1500,Wallet,Store,Pending,DELIVERED,14.0,4.0,yes
CUST01741,ORD001741,PRD0002,2348071285505,Customer 1741,M,18-25,Lagos,South West,REGULAR,2026-07-07,Fashion,Handbag,3,120000,0.15,306000.0,0,Cash on Delivery,Store,Completed,DELIVERED,6.0,4.0,Yes
CUST01742,ORD001742,PRD0022,2348049800970,Customer 1742,,,Kano,North West,Business,2025-01-28,Beauty,Makeup Kit,5,10000,0.2,40000.0,0,CARD,Instagram,COMPLETED,Delivered,2.0,5.0,
CUST01743,ORD001743,PRD0003,2348013251093,Customer 1743,Female,60+,Kano,North West,Regular,2025-06-19,Fashion,Jeans,4,5000,0.05,19000.0,1500,Wallet,Website,Cancelled,In Transit,14.0,4.0,NO
CUST01744,ORD001744,PRD0019,2348077845364,Customer 1744,Male,26-35,Lagos,South West,premium ,2026-01-21,Fashion,Jeans,4,120000,0.2,384000.0,2500,USSD,mobile app,pending,In Transit,,3.0,No
CUST01745,ORD001745,PRD0004,2348039938525,Customer 1745,FEMALE,,Port Harcourt,South South,premium ,2025-03-08,Beauty,Hair Dryer,2,15000,0.1,27000.0,1500,Bank Transfer,website,Completed,In Transit,6.0,4.0,No
CUST01746,ORD001746,PRD0016,2348028650482,Customer 1746,Male,26-35,Lagos,South West,Regular,2025-08-07,Groceries,Beverage Pack,1,15000,0.05,14250.0,0,Wallet,,,,7.0,5.0,Yes
CUST01747,ORD001747,PRD0017,2348026796717,Customer 1747,F,,Abuja,North Central,Business,2026-01-12,Home & Kitchen,Vacuum Cleaner,3,40000,0.2,96000.0,0,Wallet,Instagram,COMPLETED,In Transit,12.0,4.0,No
CUST01748,ORD001748,PRD0014,2348062973281,Customer 1748,Male,60+,Lagos,South West,Premium,2024-11-22,Fashion,Handbag,3,75000,0.05,213750.0,1000,Card,Instagram,Cancelled,,9.0,,yes
CUST01749,ORD001749,PRD0022,2348069438205,Customer 1749,,46-60,Benin City,South South,Regular,2026-03-23,Groceries,Rice,3,7500,0.1,20250.0,2500,,Instagram,,Delivered,9.0,4.0,Yes
CUST01750,ORD001750,PRD0006,2348028887748, Customer 1750 ,Female,18-25,Enugu,South East,,2024-05-28,Home & Kitchen,Blender,4,40000,0.2,128000.0,1500,USSD,Store,Cancelled,delivered,1.0,4.0,NO
CUST01751,ORD001751,PRD0020,2348087824545,Customer 1751,,18-25,Ibadan,South West,Premium,2024-02-16,Fashion,Handbag,3,15000,0.2,36000.0,3500,Card,Mobile App,completed,Delayed,,1.0,Yes
CUST01752,ORD001752,PRD0010,2348015593037,Customer 1752,F,26-35,Benin City,South South,Business,2024-05-07,Home & Kitchen,Cookware Set,4,15000,0.15,51000.0,1000,Wallet,Mobile App,,Delivered,11.0,5.0,No
CUST01753,ORD001753,PRD0016,2348048361775,Customer 1753, m ,18-25,Enugu,South East,Regular,2025-11-26,Sports,Gym Bag,3,25000,0.15,63750.0,3500,Card,Marketplace,COMPLETED,DELIVERED,13.0,5.0,Yes
CUST01754,ORD001754,PRD0004,2348024641674,Customer 1754,Male,,Kaduna,North West,Occasional,2025-12-28,Electronics,Smart TV,3,25000,0.1,67500.0,3500,Card,Mobile App,Pending,delivered,,3.0,No
CUST01755,ORD001755,PRD0013,2348034240921,Customer 1755,,18-25,Ibadan,South West,Regular,2025-08-14,Groceries,Cereal,4,75000,0.15,255000.0,1500,CARD,Mobile App,completed,Returned,9.0,5.0,No
CUST01756,ORD001756,PRD0021,2348056249247,Customer 1756,Female,,Enugu,South East,Occasional,2024-10-15,Groceries,Cereal,4,120000,0.1,432000.0,2500,bank transfer,Store,,delivered,14.0,2.0,Yes
CUST01757,ORD001757,PRD0017,2348011524614,Customer 1757,,18-25,Kano,North West,Regular,2025-05-15,Home & Kitchen,Blender,1,3500,0.2,2800.0,0,Bank Transfer,Website,cancelled,In Transit,1.0,5.0,Yes
CUST01758,ORD001758,PRD0001,2348025961575,Customer 1758,Male,,Abuja,North Central,Regular,2026-06-23,Electronics,Wireless Earbuds,5,10000,0.1,45000.0,3500,CARD,Store,pending,Delayed,4.0,1.0,No
CUST01759,ORD001759,PRD0007,2348078320132,Customer 1759,Female,18-25,Benin City,South South,Regular,2024-08-11,Fashion,Shirt,4,10000,0.2,32000.0,1500,Cash on Delivery,Marketplace,,Delivered,,5.0,
CUST01760,ORD001760,PRD0016,2348053007503,Customer 1760,FEMALE,18-25,Ibadan,South West,REGULAR,2025-03-14,Beauty,Makeup Kit,2,120000,0.2,192000.0,3500,USSD,Marketplace,Completed,In Transit,8.0,4.0,No
CUST01761,ORD001761,PRD0014,2348077234357,Customer 1761,,36-45,Lagos,South West,Premium,2025-05-09,Home & Kitchen,Vacuum Cleaner,1,15000,0.05,14250.0,1500,Card,Marketplace,pending,,5.0,5.0,Yes
CUST01762,ORD001762,PRD0016,2348022487247,Customer 1762,,18-25,Enugu,South East,Premium,2025-05-20,Electronics,Wireless Earbuds,4,7500,0.1,27000.0,2500,Bank Transfer,mobile app,,Delivered,3.0,5.0,No
CUST01763,ORD001763,PRD0021,2348098649756,Customer 1763,MALE,60+,Abuja,North Central,Business,2024-08-08,Beauty,Makeup Kit,4,25000,0.0,100000.0,1000,Card,Instagram,completed,delivered,4.0,4.0,NO
CUST01764,ORD001764,PRD0011,2348062616277,Customer 1764,Male,36-45,Kaduna,North West,Regular,2024-11-14,Electronics,Smart TV,1,7500,0.2,6000.0,3500,,Store,Completed,In Transit,11.0,5.0,
CUST01765,ORD001765,PRD0003,2348070731753,Customer 1765,Male,18-25,Port Harcourt,South South,Business,2026-04-09,Groceries,Beverage Pack,2,75000,0.05,142500.0,0,Card,Mobile App,completed,,7.0,4.0,
CUST01766,ORD001766,PRD0014,2348061593133,Customer 1766,Female,,Benin City,South South,Regular,2026-04-04,Groceries,Cereal,4,25000,0.0,100000.0,1500,Card,Marketplace,Completed,Delivered,11.0,4.0,Yes
CUST01767,ORD001767,PRD0009,2348057414363,Customer 1767,Male,46-60,Kano,North West,Premium,2024-03-21,Fashion,Jeans,4,3500,0.1,12600.0,0,Card,Store,Completed,In Transit,2.0,4.0,No
CUST01768,ORD001768,PRD0020,2348033676044,Customer 1768, f ,60+,Lagos,South West,Business,2024-12-12,Home & Kitchen,Cookware Set,4,75000,0.15,255000.0,1000,Card,website,completed,delivered,13.0,5.0,Yes
CUST01769,ORD001769,PRD0030,2348028396805,Customer 1769,,,Port Harcourt,South South,Premium,2025-04-26,Home & Kitchen,Blender,5,120000,0.0,600000.0,3500,CARD,website,Completed,,,3.0,Yes
CUST01770,ORD001770,PRD0021,2348088929967,Customer 1770,M,36-45,Ibadan,South West,Regular,2025-01-14,Electronics,Laptop,5,40000,0.1,180000.0,2500,Cash on Delivery,Instagram,completed,DELIVERED,2.0,5.0,No
CUST01771,ORD001771,PRD0015,2348056380195,Customer 1771,,60+,Port Harcourt,South South,Regular,2024-05-05,Fashion,Shirt,4,25000,0.1,90000.0,1000,Cash on Delivery,Mobile App,completed,delivered,8.0,,No
CUST01772,ORD001772,PRD0021,2348033354013,Customer 1772,,,Ibadan,South West,Premium,2026-06-10,Electronics,Laptop,5,10000,0.15,42500.0,1500,Cash on Delivery,Store,COMPLETED,In Transit,7.0,4.0,yes
CUST01773,ORD001773,PRD0003,2348024164269,Customer 1773, f ,18-25,Kaduna,North West,,2024-10-13,Fashion,Handbag,2,3500,0.2,5600.0,3500,CARD,Website,pending,Returned,,,
CUST01774,ORD001774,PRD0030,2348030162436,Customer 1774,F,60+,Benin City,South South,Premium,2025-09-09,Sports,Football,2,15000,0.0,30000.0,2500,Bank Transfer,Marketplace,completed,In Transit,5.0,4.0,No
CUST01775,ORD001775,PRD0013,2348051622260, Customer 1775 ,M,18-25,Ibadan,South West,Occasional,2025-01-20,Beauty,Hair Dryer,1,10000,0.15,8500.0,1000,USSD,Website,Completed,Delivered,,1.0,Yes
CUST01776,ORD001776,PRD0017,2348069426947,Customer 1776,Female,18-25,Ibadan,South West,Occasional,2026-06-21,Sports,Football,5,7500,0.15,31875.0,0,Wallet,Website,completed,In Transit,2.0,1.0,No
CUST01777,ORD001777,PRD0030,2348043435348,Customer 1777,Male,36-45,Kano,North West,Business,2025-02-05,Electronics,Laptop,2,5000,0.1,9000.0,3500,Cash on Delivery,Website,COMPLETED,Delivered,6.0,4.0,Yes
CUST01778,ORD001778,PRD0027,2348021074998,Customer 1778, m ,,Lagos,South West,Regular,2026-04-08,Beauty,Skincare Set,1,3500,0.2,2800.0,1500,Card,Website,Returned,In Transit,11.0,4.0,
CUST01779,ORD001779,PRD0030,2348082936435,Customer 1779,Male,46-60,Port Harcourt,South South,REGULAR,2024-12-19,Beauty,Hair Dryer,2,75000,0.05,142500.0,1500,bank transfer,Store,,,13.0,5.0,NO
CUST01780,ORD001780,PRD0008,2348099645090,Customer 1780,Female,,Port Harcourt,South South,Occasional,2024-01-03,Fashion,Jeans,1,15000,0.05,14250.0,1500,USSD,Mobile App,Completed,Delivered,14.0,4.0,Yes
CUST01781,ORD001781,PRD0030,2348032770750,Customer 1781,Male,26-35,Abuja,North Central,Premium,2026-07-28,Electronics,Smartphone,5,10000,0.05,47500.0,0,Card,website,Pending,In Transit,6.0,3.0,
CUST01782,ORD001782,PRD0005,2348049574702,Customer 1782,Male,,Lagos,South West,,2025-07-08,Groceries,Cooking Oil,2,25000,0.2,40000.0,1000,USSD,Store,completed,Delivered,8.0,4.0,NO
CUST01783,ORD001783,PRD0002,2348063206923,Customer 1783,Male,60+,Lagos,South West,Business,2024-10-29,Beauty,Perfume,3,3500,0.0,10500.0,1000,USSD,Instagram,Cancelled,In Transit,2.0,4.0,No
CUST01784,ORD001784,PRD0013,2348018672201,Customer 1784,Male,18-25,Enugu,South East,premium ,2024-07-08,Groceries,Cooking Oil,1,40000,0.15,34000.0,1500,,,Cancelled,delivered,,,No
CUST01785,ORD001785,PRD0017,2348018033261,Customer 1785,,26-35,Abuja,North Central,Premium,2024-05-16,Fashion,Handbag,1,3500,0.1,3150.0,1000,bank transfer,Marketplace,COMPLETED,Delivered,7.0,5.0,No
CUST01786,ORD001786,PRD0010,2348037935764,Customer 1786,Female,18-25,Enugu,South East,,2026-03-01,Beauty,Makeup Kit,2,120000,0.1,216000.0,3500,Wallet,Website,,delivered,3.0,5.0,
CUST01787,ORD001787,PRD0011,2348071000652,Customer 1787,male,18-25,Abuja,North Central,Business,2026-06-05,Sports,Football,4,10000,0.15,34000.0,0,CARD,website,Completed,,13.0,5.0,No
CUST01788,ORD001788,PRD0004,2348032844979,Customer 1788,Female,36-45,Lagos,South West,,2025-04-05,Groceries,Cooking Oil,3,5000,0.15,12750.0,3500,Card,Website,Pending,Delayed,,4.0,yes
CUST01789,ORD001789,PRD0007,2348013622961,Customer 1789,,,Kano,North West,Occasional,2025-07-15,Groceries,Cereal,2,25000,0.1,45000.0,3500,bank transfer,Instagram,Completed,In Transit,14.0,2.0,NO
CUST01790,ORD001790,PRD0017,2348096566305,Customer 1790,female,26-35,Port Harcourt,South South,Occasional,2025-12-25,Sports,Running Shoes,5,10000,0.0,50000.0,2500,Card,Mobile App,Completed,Delayed,12.0,4.0,NO
CUST01791,ORD001791,PRD0027,2348021281812,Customer 1791,,26-35,Ibadan,South West,Regular,2026-03-27,Groceries,Rice,1,7500,0.15,6375.0,1500,Card,Marketplace,Completed,Delivered,11.0,4.0,NO
CUST01792,ORD001792,PRD0009,2348076547025,Customer 1792,male,,Abuja,North Central,Business,2025-06-20,Electronics,Smart TV,5,15000,0.2,60000.0,1500,CARD,,completed,In Transit,5.0,5.0,
CUST01793,ORD001793,PRD0008,2348028555551,Customer 1793,F,26-35,Lagos,South West,REGULAR,2026-07-04,Sports,Yoga Mat,2,3500,0.1,6300.0,2500,Card,Instagram,,In Transit,9.0,4.0,yes
CUST01794,ORD001794,PRD0020,2348020637262,Customer 1794,Male,26-35,Kaduna,North West,Regular,2024-04-11,Home & Kitchen,Air Fryer,1,5000,0.15,4250.0,3500,Wallet,Mobile App,COMPLETED,In Transit,,3.0,No
CUST01795,ORD001795,PRD0015,2348059138339,Customer 1795,female,36-45,Port Harcourt,South South,Occasional,2025-01-14,Sports,Yoga Mat,5,75000,0.1,337500.0,0,USSD,Store,,delivered,3.0,3.0,
CUST01796,ORD001796,PRD0022,2348018011896,Customer 1796,M,18-25,Kano,North West,Regular,2024-10-25,Sports,Running Shoes,2,5000,0.15,8500.0,1000,USSD,Website,Cancelled,In Transit,2.0,5.0,NO
CUST01797,ORD001797,PRD0004,2348066235689,Customer 1797,Female,18-25,Ibadan,South West,Regular,2024-06-18,Sports,Running Shoes,5,40000,0.2,160000.0,0,CARD,website,Completed,,11.0,3.0,Yes
CUST01798,ORD001798,PRD0029,2348082281396,Customer 1798,male,46-60,Lagos,South West,Occasional,2024-01-13,Home & Kitchen,Blender,2,120000,0.05,228000.0,0,Card,Store,Completed,Delivered,11.0,5.0,Yes
CUST01799,ORD001799,PRD0022,2348025460156,Customer 1799,,46-60,Port Harcourt,South South,Occasional,2024-07-23,Electronics,Laptop,5,10000,0.2,40000.0,0,,Store,Returned,DELIVERED,1.0,1.0,
CUST01800,ORD001800,PRD0021,2348023075273, Customer 1800 , f ,18-25,Lagos,South West,Premium,2024-12-11,Beauty,Hair Dryer,3,10000,0.05,28500.0,1000,,Mobile App,Returned,Delivered,10.0,4.0,NO
CUST01801,ORD001801,PRD0026,2348058028690,Customer 1801,Male,60+,Benin City,South South,Regular,2024-12-06,Fashion,Sneakers,2,7500,0.2,12000.0,1000,Cash on Delivery,Store,pending,,9.0,3.0,No
CUST01802,ORD001802,PRD0014,2348039612760,Customer 1802, f ,36-45,Kano,North West,Regular,2024-04-14,Sports,Football,5,7500,0.1,33750.0,0,Wallet,Marketplace,Returned,Returned,2.0,4.0,
CUST01803,ORD001803,PRD0017,2348055330383,Customer 1803,,18-25,Ibadan,South West,Premium,2024-03-27,Electronics,Laptop,1,7500,0.0,7500.0,2500,Bank Transfer,Marketplace,,In Transit,9.0,4.0,No
CUST01804,ORD001804,PRD0014,2348049072154,Customer 1804,FEMALE,46-60,Port Harcourt,South South,Regular,2024-02-21,Groceries,Cereal,2,15000,0.2,24000.0,1000,Cash on Delivery,Mobile App,,Delivered,1.0,3.0,Yes
CUST01805,ORD001805,PRD0007,2348033592725,Customer 1805,MALE,,Ibadan,South West,premium ,2024-09-04,Electronics,Wireless Earbuds,4,5000,0.0,20000.0,1000,USSD,Website,Completed,Delivered,13.0,2.0,
CUST01806,ORD001806,PRD0022,2348060776268,Customer 1806,Female,26-35,Port Harcourt,South South,Business,2025-08-29,Sports,Running Shoes,3,75000,0.0,225000.0,1000,Card,Website,pending,DELIVERED,13.0,4.0,
CUST01807,ORD001807,PRD0009,2348026329489,Customer 1807,F,26-35,Port Harcourt,South South,Business,2025-02-15,Groceries,Rice,4,15000,0.05,57000.0,2500,Card,Marketplace,COMPLETED,Delayed,3.0,1.0,No
CUST01808,ORD001808,PRD0004,2348062030144,Customer 1808,,60+,Abuja,North Central,Premium,2026-01-04,Home & Kitchen,Blender,3,5000,0.05,14250.0,1000,Cash on Delivery,Website,,Delivered,2.0,4.0,Yes
CUST01809,ORD001809,PRD0015,2348033161059,Customer 1809,,60+,Enugu,South East,Occasional,2025-04-12,Sports,Running Shoes,1,25000,0.1,22500.0,0,Card,,Completed,Returned,11.0,4.0,No
CUST01810,ORD001810,PRD0005,2348092802484,Customer 1810,,36-45,Abuja,North Central,Occasional,2025-09-22,Fashion,Handbag,5,5000,0.15,21250.0,1000,CARD,,Cancelled,Delivered,2.0,,No
CUST01811,ORD001811,PRD0022,2348071861485,Customer 1811,Male,,Enugu,South East,Premium,2024-04-27,Beauty,Skincare Set,1,120000,0.1,108000.0,1000,Card,Website,Cancelled,Delivered,14.0,4.0,NO
CUST01812,ORD001812,PRD0001,2348069115043,Customer 1812,,60+,Abuja,North Central,Regular,2024-04-29,Fashion,Jeans,3,15000,0.05,42750.0,0,,Instagram,COMPLETED,,,4.0,No
CUST01813,ORD001813,PRD0025,2348046351922,Customer 1813,FEMALE,,Port Harcourt,South South,Regular,2024-06-24,Beauty,Perfume,1,3500,0.05,3325.0,1500,Bank Transfer,website,,delivered,10.0,4.0,No
CUST01814,ORD001814,PRD0002,2348015340897,Customer 1814, f ,26-35,Kaduna,North West,Regular,2024-02-16,Beauty,Skincare Set,3,15000,0.2,36000.0,1000,Card,Website,Cancelled,,13.0,4.0,Yes
CUST01815,ORD001815,PRD0016,2348072754105,Customer 1815,Female,36-45,Enugu,South East,Regular,2025-07-03,Electronics,Smart TV,4,5000,0.0,20000.0,3500,Cash on Delivery,Website,Completed,Delivered,11.0,4.0,No
CUST01816,ORD001816,PRD0009,2348071033795,Customer 1816,Male,26-35,Ibadan,South West,Regular,2024-10-18,Sports,Running Shoes,1,15000,0.15,12750.0,1000,Cash on Delivery,Website,Cancelled,,14.0,3.0,NO
CUST01817,ORD001817,PRD0011,2348036733180,Customer 1817,male,18-25,Enugu,South East,Regular,2025-10-24,Home & Kitchen,Vacuum Cleaner,5,10000,0.15,42500.0,0,Card,Store,pending,Delivered,8.0,,NO
CUST01818,ORD001818,PRD0014,2348049325040,Customer 1818,Female,36-45,Kano,North West,premium ,2024-04-05,Electronics,Smartphone,5,25000,0.1,112500.0,2500,CARD,Marketplace,Completed,Delayed,12.0,4.0,Yes
CUST01819,ORD001819,PRD0021,2348085434486,Customer 1819,Male,26-35,Lagos,South West,,2026-06-20,Groceries,Cereal,2,75000,0.2,120000.0,0,Card,Website,Completed,Returned,12.0,2.0,yes
CUST01820,ORD001820,PRD0024,2348097851551,Customer 1820,Female,46-60,Enugu,South East,Occasional,2025-10-20,Groceries,Cereal,3,7500,0.15,19125.0,1500,Bank Transfer,,Completed,In Transit,1.0,2.0,Yes
CUST01821,ORD001821,PRD0029,2348032340982,Customer 1821,Female,26-35,Enugu,South East,Occasional,2026-03-14,Sports,Running Shoes,5,5000,0.0,25000.0,1500,Cash on Delivery,Marketplace,completed,,1.0,4.0,yes
CUST01822,ORD001822,PRD0006,2348067442421,Customer 1822,,36-45,Ibadan,South West,Business,2026-03-17,Home & Kitchen,Air Fryer,4,40000,0.2,128000.0,3500,Cash on Delivery,Mobile App,,delivered,7.0,1.0,
CUST01823,ORD001823,PRD0029,2348076195197,Customer 1823,Male,36-45,Port Harcourt,South South,Business,2025-01-01,Sports,Football,5,75000,0.15,318750.0,2500,USSD,Instagram,Pending,delivered,,4.0,No
CUST01824,ORD001824,PRD0005,2348095491728,Customer 1824,,26-35,Port Harcourt,South South,premium ,2026-05-05,Beauty,Skincare Set,4,5000,0.15,17000.0,0,Cash on Delivery,Instagram,COMPLETED,,,5.0,yes
CUST01825,ORD001825,PRD0020,2348029741837, Customer 1825 ,,,Kaduna,North West,Premium,2025-12-20,Sports,Running Shoes,1,75000,0.0,75000.0,2500,Bank Transfer,Mobile App,Completed,Returned,2.0,4.0,No
CUST01826,ORD001826,PRD0012,2348081419960,Customer 1826,,36-45,Kaduna,North West,Premium,2025-08-09,Home & Kitchen,Vacuum Cleaner,3,40000,0.15,102000.0,3500,CARD,Store,Cancelled,Delivered,4.0,5.0,
CUST01827,ORD001827,PRD0029,2348064753583,Customer 1827,,,Kano,North West,Business,2024-01-24,Sports,Football,2,75000,0.1,135000.0,3500,Bank Transfer,Website,,Delivered,7.0,5.0,Yes
CUST01828,ORD001828,PRD0002,2348038688608,Customer 1828, f ,36-45,Enugu,South East,Premium,2026-08-26,Sports,Running Shoes,3,7500,0.15,19125.0,2500,Bank Transfer,Website,completed,Returned,3.0,4.0,Yes
CUST01829,ORD001829,PRD0010,2348059432505,Customer 1829,Female,26-35,Kaduna,North West,Occasional,2024-12-05,Beauty,Hair Dryer,4,5000,0.1,18000.0,1500,bank transfer,website,Cancelled,Returned,2.0,5.0,No
CUST01830,ORD001830,PRD0017,2348020069635,Customer 1830,female,26-35,Enugu,South East,Regular,2024-04-02,Beauty,Skincare Set,2,25000,0.1,45000.0,1500,Card,Store,Cancelled,Delayed,7.0,3.0,No
CUST01831,ORD001831,PRD0007,2348050678003,Customer 1831,,36-45,Kaduna,North West,Premium,2024-02-05,Electronics,Smart TV,5,5000,0.15,21250.0,0,Cash on Delivery,Mobile App,pending,,4.0,5.0,
CUST01832,ORD001832,PRD0004,2348086292881,Customer 1832,Male,46-60,Enugu,South East,Regular,2025-12-20,Fashion,Sneakers,5,15000,0.2,60000.0,1000,USSD,website,cancelled,delivered,13.0,5.0,Yes
CUST01833,ORD001833,PRD0022,2348096080733,Customer 1833,Female,26-35,Abuja,North Central,premium ,2026-02-03,Electronics,Smartphone,3,15000,0.0,45000.0,3500,CARD,,cancelled,In Transit,12.0,5.0,No
CUST01834,ORD001834,PRD0004,2348053174338,Customer 1834,Male,60+,Port Harcourt,South South,Regular,2024-08-31,Beauty,Hair Dryer,1,75000,0.0,75000.0,1500,Cash on Delivery,Marketplace,Pending,,4.0,3.0,No
CUST01835,ORD001835,PRD0001,2348013256930,Customer 1835,Female,26-35,Ibadan,South West,Regular,2026-01-19,Sports,Football,1,7500,0.15,6375.0,1500,CARD,Marketplace,Pending,In Transit,8.0,3.0,Yes
CUST01836,ORD001836,PRD0013,2348091017792,Customer 1836,Female,46-60,Kano,North West,premium ,2025-01-01,Fashion,Sneakers,2,40000,0.1,72000.0,0,Card,Mobile App,cancelled,delivered,12.0,4.0,No
CUST01837,ORD001837,PRD0021,2348016412262,Customer 1837,Male,36-45,Enugu,South East,,2025-03-17,Groceries,Cereal,1,5000,0.1,4500.0,0,Wallet,Mobile App,cancelled,DELIVERED,6.0,3.0,NO
CUST01838,ORD001838,PRD0012,2348097450939,Customer 1838,MALE,46-60,Kano,North West,Business,2025-12-22,Home & Kitchen,Air Fryer,2,5000,0.05,9500.0,1000,Card,,,In Transit,6.0,5.0,Yes
CUST01839,ORD001839,PRD0022,2348047509691,Customer 1839, m ,,Kaduna,North West,Regular,2025-10-27,Groceries,Beverage Pack,4,10000,0.05,38000.0,0,,Marketplace,completed,In Transit,9.0,5.0,NO
CUST01840,ORD001840,PRD0003,2348094507082,Customer 1840,,36-45,Enugu,South East,Business,2025-08-04,Groceries,Cooking Oil,2,3500,0.2,5600.0,0,CARD,Mobile App,Completed,,5.0,3.0,Yes
CUST01841,ORD001841,PRD0004,2348074817528,Customer 1841,,18-25,Port Harcourt,South South,Occasional,2025-05-08,Sports,Yoga Mat,4,15000,0.15,51000.0,3500,Bank Transfer,Website,cancelled,In Transit,14.0,,NO
CUST01842,ORD001842,PRD0024,2348059545391,Customer 1842,Male,,Ibadan,South West,Regular,2024-01-26,Groceries,Cereal,2,25000,0.05,47500.0,0,USSD,Store,,In Transit,1.0,,Yes
CUST01843,ORD001843,PRD0006,2348061633568,Customer 1843,F,26-35,Port Harcourt,South South,Regular,2025-05-19,Beauty,Skincare Set,5,25000,0.2,100000.0,1000,CARD,mobile app,cancelled,In Transit,1.0,1.0,NO
CUST01844,ORD001844,PRD0004,2348080228960,Customer 1844,,18-25,Benin City,South South,Regular,2026-02-03,Electronics,Smart TV,5,120000,0.05,570000.0,1000,USSD,,Cancelled,,1.0,1.0,yes
CUST01845,ORD001845,PRD0022,2348059638550,Customer 1845,Male,,Ibadan,South West,premium ,2024-08-25,Sports,Gym Bag,1,15000,0.0,15000.0,1000,USSD,Marketplace,Cancelled,Delivered,4.0,5.0,No
CUST01846,ORD001846,PRD0019,2348051576436,Customer 1846, f ,36-45,Enugu,South East,Occasional,2024-04-22,Beauty,Makeup Kit,3,75000,0.2,180000.0,3500,Cash on Delivery,,,,1.0,4.0,
CUST01847,ORD001847,PRD0027,2348075617824,Customer 1847,Female,,Lagos,South West,Regular,2024-08-01,Electronics,Laptop,5,5000,0.0,25000.0,1000,Wallet,Mobile App,,In Transit,1.0,3.0,No
CUST01848,ORD001848,PRD0008,2348011140501,Customer 1848,Male,60+,Enugu,South East,Regular,2026-08-28,Beauty,Hair Dryer,3,120000,0.15,306000.0,0,Cash on Delivery,Website,Completed,,,5.0,No
CUST01849,ORD001849,PRD0030,2348068641077,Customer 1849,Female,26-35,Port Harcourt,South South,Premium,2024-07-15,Fashion,Sneakers,5,10000,0.1,45000.0,2500,Bank Transfer,Website,,In Transit,13.0,5.0,
CUST01850,ORD001850,PRD0021,2348013520345, Customer 1850 ,M,36-45,Kaduna,North West,Regular,2024-11-08,Electronics,Wireless Earbuds,5,3500,0.2,14000.0,1000,Bank Transfer,Mobile App,Completed,Delivered,9.0,5.0,Yes
CUST01851,ORD001851,PRD0022,2348085917585,Customer 1851,Male,46-60,Enugu,South East,Premium,2024-09-03,Electronics,Laptop,3,5000,0.05,14250.0,1000,Cash on Delivery,,,,2.0,2.0,No
CUST01852,ORD001852,PRD0021,2348061432487,Customer 1852,,26-35,Lagos,South West,Occasional,2026-05-13,Beauty,Skincare Set,3,75000,0.15,191250.0,0,Wallet,Mobile App,Completed,In Transit,4.0,4.0,No
CUST01853,ORD001853,PRD0016,2348014714081,Customer 1853, m ,18-25,Abuja,North Central,Premium,2026-03-15,Electronics,Smartphone,4,10000,0.15,34000.0,0,CARD,Website,Pending,,11.0,5.0,NO
CUST01854,ORD001854,PRD0028,2348030682174,Customer 1854,Male,60+,Kano,North West,Occasional,2024-11-10,Beauty,Makeup Kit,2,75000,0.1,135000.0,1500,Bank Transfer,Instagram,Completed,delivered,2.0,1.0,No
CUST01855,ORD001855,PRD0024,2348050131324,Customer 1855,Male,,Ibadan,South West,Business,2024-03-04,Beauty,Hair Dryer,2,25000,0.0,50000.0,3500,Cash on Delivery,Marketplace,,Delayed,9.0,3.0,No
CUST01856,ORD001856,PRD0028,2348088482502,Customer 1856, f ,18-25,Enugu,South East,Regular,2025-12-19,Electronics,Smart TV,2,25000,0.2,40000.0,1500,Cash on Delivery,website,Completed,Delayed,6.0,1.0,No
CUST01857,ORD001857,PRD0017,2348087035426,Customer 1857,,60+,Port Harcourt,South South,,2024-06-07,Beauty,Hair Dryer,4,3500,0.05,13300.0,2500,Cash on Delivery,mobile app,completed,,5.0,,Yes
CUST01858,ORD001858,PRD0001,2348026494052,Customer 1858,M,46-60,Ibadan,South West,Business,2026-08-15,Electronics,Smartphone,2,7500,0.2,12000.0,1500,Cash on Delivery,Mobile App,completed,Delivered,6.0,2.0,No
CUST01859,ORD001859,PRD0022,2348050436856,Customer 1859,Female,26-35,Abuja,North Central,Regular,2024-04-13,Groceries,Cereal,2,40000,0.2,64000.0,0,Cash on Delivery,Instagram,completed,In Transit,5.0,3.0,No
CUST01860,ORD001860,PRD0001,2348083182166,Customer 1860,male,26-35,Abuja,North Central,,2026-05-08,Sports,Football,1,75000,0.2,60000.0,0,Card,Website,Completed,,7.0,5.0,No
CUST01861,ORD001861,PRD0021,2348074476656,Customer 1861,Female,36-45,Kaduna,North West,Occasional,2024-12-25,Sports,Gym Bag,1,40000,0.0,40000.0,2500,CARD,mobile app,Completed,Delivered,11.0,4.0,Yes
CUST01862,ORD001862,PRD0011,2348017022725,Customer 1862,,36-45,Kano,North West,Regular,2025-05-10,Electronics,Wireless Earbuds,4,7500,0.0,30000.0,0,Wallet,Store,Completed,Returned,3.0,4.0,NO
CUST01863,ORD001863,PRD0030,2348012280876,Customer 1863, m ,,Port Harcourt,South South,Regular,2024-06-21,Home & Kitchen,Blender,3,10000,0.05,28500.0,1000,Cash on Delivery,Website,COMPLETED,DELIVERED,1.0,4.0,No
CUST01864,ORD001864,PRD0009,2348069311343,Customer 1864,F,60+,Enugu,South East,premium ,2024-04-18,Sports,Yoga Mat,5,75000,0.1,337500.0,1500,,,cancelled,Delivered,11.0,4.0,yes
CUST01865,ORD001865,PRD0016,2348076418291,Customer 1865,male,,Ibadan,South West,Regular,2025-10-27,Beauty,Skincare Set,5,75000,0.2,300000.0,3500,USSD,Instagram,completed,Delivered,11.0,4.0,
CUST01866,ORD001866,PRD0002,2348049416922,Customer 1866,Male,60+,Kaduna,North West,Regular,2024-04-13,Home & Kitchen,Air Fryer,4,7500,0.15,25500.0,3500,Cash on Delivery,Website,Pending,,5.0,4.0,
CUST01867,ORD001867,PRD0024,2348087824688,Customer 1867,Male,46-60,Kano,North West,Occasional,2024-11-07,Beauty,Skincare Set,2,10000,0.15,17000.0,1500,Wallet,Store,pending,,13.0,5.0,Yes
CUST01868,ORD001868,PRD0022,2348070222904,Customer 1868,Female,26-35,Kaduna,North West,Regular,2026-01-07,Fashion,Jeans,5,3500,0.0,17500.0,2500,Cash on Delivery,Instagram,Cancelled,In Transit,5.0,,No
CUST01869,ORD001869,PRD0010,2348062096324,Customer 1869,Female,60+,Lagos,South West,Regular,2026-08-02,Groceries,Beverage Pack,3,75000,0.15,191250.0,0,bank transfer,Website,COMPLETED,In Transit,14.0,4.0,Yes
CUST01870,ORD001870,PRD0020,2348038794100,Customer 1870,,36-45,Kano,North West,Premium,2025-04-27,Electronics,Smartphone,3,120000,0.05,342000.0,3500,bank transfer,Store,Completed,delivered,8.0,4.0,
CUST01871,ORD001871,PRD0001,2348044738188,Customer 1871,Male,60+,Port Harcourt,South South,REGULAR,2026-06-05,Sports,Gym Bag,4,5000,0.0,20000.0,1500,bank transfer,Website,Completed,Returned,8.0,4.0,
CUST01872,ORD001872,PRD0022,2348048505987,Customer 1872,F,,Kano,North West,Premium,2024-08-29,Electronics,Laptop,4,25000,0.15,85000.0,1500,Cash on Delivery,Marketplace,Pending,DELIVERED,12.0,4.0,NO
CUST01873,ORD001873,PRD0020,2348092602454,Customer 1873,F,26-35,Abuja,North Central,Occasional,2025-08-16,Groceries,Beverage Pack,5,3500,0.1,15750.0,3500,,Website,Completed,Delayed,14.0,2.0,NO
CUST01874,ORD001874,PRD0017,2348060962283,Customer 1874,Female,46-60,Benin City,South South,REGULAR,2025-10-16,Electronics,Wireless Earbuds,5,75000,0.1,337500.0,1000,Cash on Delivery,Store,cancelled,DELIVERED,7.0,3.0,yes
CUST01875,ORD001875,PRD0020,2348072100589, Customer 1875 ,F,36-45,Benin City,South South,Premium,2025-02-08,Fashion,Shirt,1,75000,0.1,67500.0,2500,Bank Transfer,Website,Completed,In Transit,8.0,5.0,
CUST01876,ORD001876,PRD0005,2348059125857,Customer 1876,Female,36-45,Ibadan,South West,Regular,2024-12-15,Beauty,Skincare Set,1,75000,0.2,60000.0,0,Card,Mobile App,COMPLETED,delivered,1.0,5.0,
CUST01877,ORD001877,PRD0025,2348022943842,Customer 1877,FEMALE,46-60,Benin City,South South,Regular,2024-05-17,Fashion,Sneakers,4,120000,0.05,456000.0,3500,bank transfer,website,Pending,Delivered,7.0,1.0,
CUST01878,ORD001878,PRD0010,2348096663330,Customer 1878,,60+,Kaduna,North West,Regular,2025-04-09,Beauty,Makeup Kit,3,3500,0.05,9975.0,1000,Cash on Delivery,Marketplace,Cancelled,,7.0,4.0,No
CUST01879,ORD001879,PRD0002,2348025440862,Customer 1879,,18-25,Port Harcourt,South South,Business,2024-08-28,Home & Kitchen,Vacuum Cleaner,4,7500,0.1,27000.0,2500,Card,Website,cancelled,Delivered,4.0,4.0,NO
CUST01880,ORD001880,PRD0010,2348029686748,Customer 1880,Male,,Port Harcourt,South South,Regular,2025-10-08,Home & Kitchen,Vacuum Cleaner,1,25000,0.0,25000.0,1500,Cash on Delivery,,Completed,Delayed,7.0,4.0,NO
CUST01881,ORD001881,PRD0004,2348015094460,Customer 1881, f ,60+,Benin City,South South,Premium,2026-01-03,Fashion,Sneakers,3,7500,0.05,21375.0,3500,CARD,Website,completed,Delivered,11.0,4.0,yes
CUST01882,ORD001882,PRD0029,2348036284603,Customer 1882,F,,Benin City,South South,Business,2025-05-21,Groceries,Cereal,3,7500,0.2,18000.0,2500,Wallet,Mobile App,Completed,Delivered,6.0,3.0,
CUST01883,ORD001883,PRD0017,2348086823889,Customer 1883,Female,18-25,Enugu,South East,Occasional,2025-08-27,Beauty,Hair Dryer,1,120000,0.15,102000.0,2500,bank transfer,Store,Cancelled,Delivered,10.0,4.0,No
CUST01884,ORD001884,PRD0011,2348075132919,Customer 1884,M,46-60,Lagos,South West,REGULAR,2024-12-05,Home & Kitchen,Air Fryer,3,25000,0.05,71250.0,1500,Cash on Delivery,Website,Completed,In Transit,1.0,4.0,No
CUST01885,ORD001885,PRD0001,2348035145954,Customer 1885,F,26-35,Enugu,South East,Premium,2026-05-09,Fashion,Handbag,3,15000,0.2,36000.0,1000,Bank Transfer,mobile app,completed,Delivered,12.0,,No
CUST01886,ORD001886,PRD0002,2348023240386,Customer 1886, m ,18-25,Kaduna,North West,Regular,2026-01-18,Groceries,Beverage Pack,3,25000,0.1,67500.0,0,Card,Mobile App,COMPLETED,DELIVERED,5.0,5.0,No
CUST01887,ORD001887,PRD0021,2348026068786,Customer 1887, m ,18-25,Ibadan,South West,Premium,2026-05-05,Home & Kitchen,Blender,3,7500,0.0,22500.0,1000,Wallet,Store,Completed,DELIVERED,6.0,4.0,Yes
CUST01888,ORD001888,PRD0026,2348018619543,Customer 1888, f ,36-45,Abuja,North Central,Premium,2026-08-19,Fashion,Handbag,2,7500,0.1,13500.0,3500,USSD,Marketplace,pending,Delayed,11.0,,
CUST01889,ORD001889,PRD0010,2348093297109,Customer 1889,Female,,Port Harcourt,South South,Business,2026-08-06,Electronics,Smart TV,2,120000,0.1,216000.0,1000,Card,Website,Completed,Delivered,7.0,5.0,No
CUST01890,ORD001890,PRD0025,2348065657454,Customer 1890,male,60+,Enugu,South East,Business,2026-05-31,Electronics,Smartphone,4,40000,0.05,152000.0,3500,USSD,Website,,Delivered,9.0,3.0,yes
CUST01891,ORD001891,PRD0022,2348091212446,Customer 1891,Female,18-25,Abuja,North Central,Occasional,2026-02-08,Beauty,Makeup Kit,4,25000,0.2,80000.0,2500,Wallet,website,cancelled,Delayed,8.0,3.0,Yes
CUST01892,ORD001892,PRD0015,2348019908493,Customer 1892,Male,26-35,Kaduna,North West,Regular,2025-03-24,Home & Kitchen,Blender,1,15000,0.1,13500.0,2500,Cash on Delivery,,Cancelled,In Transit,13.0,4.0,
CUST01893,ORD001893,PRD0017,2348070640084,Customer 1893,,,Benin City,South South,Premium,2026-03-30,Home & Kitchen,Blender,4,25000,0.05,95000.0,1500,Wallet,Marketplace,cancelled,Delayed,6.0,4.0,
CUST01894,ORD001894,PRD0017,2348066139330,Customer 1894,,46-60,Lagos,South West,Occasional,2025-04-25,Home & Kitchen,Vacuum Cleaner,1,7500,0.2,6000.0,2500,CARD,Mobile App,Completed,,11.0,3.0,Yes
CUST01895,ORD001895,PRD0027,2348073571263,Customer 1895,,26-35,Lagos,South West,Premium,2024-05-05,Home & Kitchen,Blender,5,10000,0.0,50000.0,2500,Card,Instagram,pending,Returned,,1.0,No
CUST01896,ORD001896,PRD0012,2348036074914,Customer 1896,FEMALE,60+,Abuja,North Central,Regular,2024-12-19,Fashion,Handbag,5,15000,0.05,71250.0,3500,Bank Transfer,Website,Cancelled,delivered,3.0,2.0,
CUST01897,ORD001897,PRD0026,2348042301808,Customer 1897,,18-25,Abuja,North Central,Business,2025-09-24,Fashion,Handbag,1,75000,0.15,63750.0,3500,Card,Store,Completed,Delivered,4.0,5.0,No
CUST01898,ORD001898,PRD0015,2348041054581,Customer 1898,,26-35,Kano,North West,Regular,2024-08-16,Electronics,Smartphone,1,15000,0.15,12750.0,3500,USSD,website,cancelled,In Transit,14.0,3.0,Yes
CUST01899,ORD001899,PRD0016,2348056690789,Customer 1899,M,60+,Kaduna,North West,Premium,2025-12-22,Home & Kitchen,Vacuum Cleaner,2,120000,0.0,240000.0,1500,CARD,,completed,Delivered,6.0,2.0,Yes
CUST01900,ORD001900,PRD0030,2348066312616, Customer 1900 ,male,26-35,Enugu,South East,Regular,2024-02-06,Electronics,Wireless Earbuds,3,5000,0.2,12000.0,3500,Card,Website,completed,delivered,10.0,4.0,No
CUST01901,ORD001901,PRD0010,2348024916831,Customer 1901,Female,46-60,Lagos,South West,Regular,2025-01-21,Groceries,Rice,4,120000,0.0,480000.0,2500,Card,Store,Completed,,,4.0,Yes
CUST01902,ORD001902,PRD0029,2348029529628,Customer 1902,F,,Kano,North West,Premium,2026-08-15,Groceries,Rice,3,40000,0.0,120000.0,1500,USSD,Store,Cancelled,,12.0,4.0,Yes
CUST01903,ORD001903,PRD0008,2348017202977,Customer 1903,,,Benin City,South South,Regular,2026-04-22,Fashion,Jeans,3,120000,0.2,288000.0,1500,Cash on Delivery,Store,Completed,In Transit,7.0,4.0,Yes
CUST01904,ORD001904,PRD0008,2348013104281,Customer 1904,male,36-45,Benin City,South South,Business,2025-12-26,Sports,Gym Bag,2,25000,0.0,50000.0,1500,CARD,Mobile App,cancelled,delivered,3.0,5.0,No
CUST01905,ORD001905,PRD0024,2348031676278,Customer 1905,F,,Port Harcourt,South South,Business,2025-08-08,Beauty,Skincare Set,4,40000,0.2,128000.0,1000,,Website,Completed,,8.0,1.0,No
CUST01906,ORD001906,PRD0007,2348018383711,Customer 1906,Female,,Benin City,South South,Premium,2024-01-17,Home & Kitchen,Vacuum Cleaner,5,5000,0.1,22500.0,0,CARD,Store,Completed,Returned,5.0,5.0,No
CUST01907,ORD001907,PRD0022,2348029755827,Customer 1907,Male,18-25,Lagos,South West,Regular,2025-12-11,Groceries,Rice,5,10000,0.2,40000.0,1500,Bank Transfer,Website,cancelled,Delivered,7.0,5.0,Yes
CUST01908,ORD001908,PRD0025,2348018093342,Customer 1908, m ,46-60,Kaduna,North West,,2025-08-20,Groceries,Cooking Oil,2,25000,0.05,47500.0,0,USSD,Marketplace,Completed,delivered,11.0,4.0,No
CUST01909,ORD001909,PRD0019,2348015361268,Customer 1909,female,36-45,Port Harcourt,South South,,2026-03-13,Beauty,Hair Dryer,3,40000,0.2,96000.0,2500,Bank Transfer,website,Completed,DELIVERED,9.0,4.0,No
CUST01910,ORD001910,PRD0007,2348012336567,Customer 1910,Male,46-60,Port Harcourt,South South,Business,2026-05-15,Beauty,Perfume,3,15000,0.2,36000.0,0,Wallet,Store,,Returned,8.0,4.0,No
CUST01911,ORD001911,PRD0018,2348087663538,Customer 1911,FEMALE,46-60,Abuja,North Central,Regular,2025-01-17,Beauty,Makeup Kit,3,10000,0.0,30000.0,3500,USSD,Website,pending,,14.0,,
CUST01912,ORD001912,PRD0003,2348043378868,Customer 1912,M,26-35,Enugu,South East,Occasional,2025-08-27,Groceries,Beverage Pack,2,120000,0.05,228000.0,2500,,Website,cancelled,,3.0,5.0,Yes
CUST01913,ORD001913,PRD0026,2348013841271,Customer 1913,Female,36-45,Kano,North West,premium ,2025-10-13,Home & Kitchen,Cookware Set,3,40000,0.2,96000.0,2500,USSD,Website,Completed,Returned,4.0,5.0,No
CUST01914,ORD001914,PRD0012,2348055861736,Customer 1914,,,Kaduna,North West,Occasional,2024-07-21,Fashion,Handbag,3,7500,0.15,19125.0,1500,Card,Marketplace,Completed,delivered,10.0,,NO
CUST01915,ORD001915,PRD0011,2348084975281,Customer 1915,Female,46-60,Kano,North West,Regular,2026-07-20,Fashion,Handbag,5,40000,0.15,170000.0,2500,Cash on Delivery,Marketplace,Completed,DELIVERED,3.0,1.0,Yes
CUST01916,ORD001916,PRD0007,2348050039606,Customer 1916,Female,18-25,Port Harcourt,South South,Occasional,2025-08-07,Electronics,Laptop,5,5000,0.1,22500.0,1000,Card,website,cancelled,Returned,,4.0,yes
CUST01917,ORD001917,PRD0026,2348076123073,Customer 1917,Female,26-35,Ibadan,South West,,2024-04-05,Sports,Yoga Mat,1,7500,0.15,6375.0,2500,USSD,Mobile App,COMPLETED,Delivered,,,yes
CUST01918,ORD001918,PRD0021,2348088702210,Customer 1918,Female,46-60,Ibadan,South West,REGULAR,2026-04-06,Sports,Football,2,120000,0.15,204000.0,1500,Cash on Delivery,website,COMPLETED,In Transit,6.0,4.0,NO
CUST01919,ORD001919,PRD0022,2348085378974,Customer 1919, m ,,Kaduna,North West,Occasional,2026-06-10,Home & Kitchen,Cookware Set,2,120000,0.0,240000.0,3500,Bank Transfer,Website,Cancelled,In Transit,7.0,4.0,
CUST01920,ORD001920,PRD0026,2348095552286,Customer 1920,Male,26-35,Port Harcourt,South South,Business,2024-04-22,Electronics,Smartphone,2,40000,0.05,76000.0,3500,Card,Mobile App,Completed,Delivered,8.0,5.0,
CUST01921,ORD001921,PRD0012,2348044224091,Customer 1921,Male,,Enugu,South East,,2024-11-30,Fashion,Sneakers,3,15000,0.1,40500.0,3500,bank transfer,Marketplace,,Delivered,7.0,5.0,Yes
CUST01922,ORD001922,PRD0021,2348085883294,Customer 1922,M,26-35,Abuja,North Central,Occasional,2024-02-19,Beauty,Perfume,5,3500,0.0,17500.0,2500,USSD,Marketplace,COMPLETED,delivered,5.0,3.0,No
CUST01923,ORD001923,PRD0019,2348085462570,Customer 1923,F,36-45,Kaduna,North West,Premium,2025-01-12,Sports,Gym Bag,3,5000,0.0,15000.0,1500,,Marketplace,cancelled,,1.0,4.0,yes
CUST01924,ORD001924,PRD0013,2348080939383,Customer 1924,F,26-35,Benin City,South South,,2024-11-28,Sports,Gym Bag,2,3500,0.1,6300.0,2500,Cash on Delivery,Instagram,completed,Returned,5.0,5.0,NO
CUST01925,ORD001925,PRD0008,2348037029050, Customer 1925 ,Male,60+,Kaduna,North West,Regular,2024-12-04,Fashion,Shirt,5,25000,0.0,125000.0,1000,Cash on Delivery,Mobile App,Completed,Returned,1.0,,No
CUST01926,ORD001926,PRD0006,2348020442423,Customer 1926,MALE,46-60,Lagos,South West,Occasional,2024-11-05,Fashion,Sneakers,3,15000,0.15,38250.0,2500,Card,,COMPLETED,,3.0,4.0,Yes
CUST01927,ORD001927,PRD0028,2348074364730,Customer 1927,Female,18-25,Kaduna,North West,Regular,2024-02-16,Home & Kitchen,Cookware Set,2,15000,0.0,30000.0,1500,,Mobile App,cancelled,Delivered,6.0,4.0,No
CUST01928,ORD001928,PRD0012,2348095728333,Customer 1928,Male,26-35,Lagos,South West,premium ,2025-10-29,Electronics,Smartphone,3,40000,0.15,102000.0,0,Cash on Delivery,Instagram,,Delayed,5.0,4.0,yes
CUST01929,ORD001929,PRD0022,2348030144453,Customer 1929,Female,36-45,Ibadan,South West,Regular,2025-06-24,Home & Kitchen,Blender,5,75000,0.1,337500.0,3500,Cash on Delivery,Instagram,cancelled,Delivered,3.0,1.0,
CUST01930,ORD001930,PRD0024,2348084905812,Customer 1930,Female,36-45,Ibadan,South West,REGULAR,2024-09-27,Home & Kitchen,Blender,2,120000,0.2,192000.0,1000,Cash on Delivery,Mobile App,,Delivered,7.0,5.0,No
CUST01931,ORD001931,PRD0005,2348071216845,Customer 1931,Female,46-60,Abuja,North Central,Regular,2024-12-25,Home & Kitchen,Vacuum Cleaner,2,25000,0.05,47500.0,1000,CARD,Store,Completed,Delivered,4.0,4.0,yes
CUST01932,ORD001932,PRD0007,2348027231169,Customer 1932,Female,18-25,Kaduna,North West,Regular,2025-03-22,Sports,Yoga Mat,5,3500,0.15,14875.0,3500,CARD,website,COMPLETED,In Transit,14.0,,No
CUST01933,ORD001933,PRD0024,2348030473534,Customer 1933,F,60+,Kano,North West,Premium,2024-08-03,Beauty,Hair Dryer,4,25000,0.1,90000.0,1500,Bank Transfer,Instagram,,DELIVERED,3.0,5.0,
CUST01934,ORD001934,PRD0030,2348079722307,Customer 1934,Male,36-45,Kano,North West,Regular,2025-06-01,Fashion,Shirt,5,7500,0.2,30000.0,1500,USSD,Store,Returned,In Transit,4.0,5.0,Yes
CUST01935,ORD001935,PRD0024,2348013756505,Customer 1935,Female,60+,Benin City,South South,Premium,2024-03-09,Beauty,Skincare Set,4,15000,0.05,57000.0,3500,Cash on Delivery,Website,,Delivered,5.0,5.0,No
CUST01936,ORD001936,PRD0025,2348066178344,Customer 1936,female,36-45,Ibadan,South West,Occasional,2026-01-13,Fashion,Handbag,5,15000,0.05,71250.0,1000,Cash on Delivery,website,Pending,In Transit,5.0,4.0,No
CUST01937,ORD001937,PRD0023,2348074215359,Customer 1937,Female,18-25,Port Harcourt,South South,Regular,2026-05-27,Home & Kitchen,Blender,2,10000,0.05,19000.0,3500,Cash on Delivery,,pending,Delivered,3.0,2.0,Yes
CUST01938,ORD001938,PRD0020,2348013120750,Customer 1938,Male,36-45,Enugu,South East,Regular,2025-01-20,Fashion,Jeans,1,3500,0.05,3325.0,3500,Cash on Delivery,Mobile App,cancelled,Delivered,10.0,,NO
CUST01939,ORD001939,PRD0009,2348060759748,Customer 1939,Male,26-35,Lagos,South West,Regular,2025-02-11,Electronics,Wireless Earbuds,4,5000,0.15,17000.0,1000,USSD,Marketplace,Cancelled,Delivered,12.0,2.0,
CUST01940,ORD001940,PRD0001,2348091935804,Customer 1940,F,60+,Lagos,South West,premium ,2025-12-27,Electronics,Wireless Earbuds,5,75000,0.2,300000.0,1000,USSD,,Cancelled,Delivered,1.0,4.0,Yes
CUST01941,ORD001941,PRD0017,2348079412556,Customer 1941,,46-60,Kaduna,North West,Occasional,2025-03-19,Beauty,Skincare Set,3,75000,0.2,180000.0,3500,Card,Mobile App,Pending,Delayed,4.0,5.0,yes
CUST01942,ORD001942,PRD0021,2348040994727,Customer 1942,MALE,46-60,Port Harcourt,South South,premium ,2026-01-03,Fashion,Sneakers,3,120000,0.05,342000.0,1500,USSD,,,Returned,9.0,5.0,No
CUST01943,ORD001943,PRD0001,2348079900285,Customer 1943,Male,36-45,Kano,North West,Regular,2026-05-14,Fashion,Shirt,3,5000,0.0,15000.0,3500,Wallet,mobile app,pending,,,5.0,NO
CUST01944,ORD001944,PRD0023,2348096060809,Customer 1944,M,46-60,Benin City,South South,Occasional,2025-04-20,Beauty,Perfume,3,120000,0.15,306000.0,1000,CARD,,,Delivered,2.0,,Yes
CUST01945,ORD001945,PRD0022,2348078478092,Customer 1945,Male,18-25,Kaduna,North West,premium ,2025-03-13,Sports,Running Shoes,4,15000,0.05,57000.0,0,,Store,,Delivered,10.0,2.0,No
CUST01946,ORD001946,PRD0002,2348071118121,Customer 1946,F,18-25,Enugu,South East,REGULAR,2024-02-01,Home & Kitchen,Cookware Set,3,120000,0.15,306000.0,2500,bank transfer,,Completed,delivered,12.0,5.0,Yes
CUST01947,ORD001947,PRD0020,2348025985061,Customer 1947,male,36-45,Port Harcourt,South South,Business,2026-01-12,Groceries,Cereal,4,3500,0.05,13300.0,0,Wallet,Mobile App,COMPLETED,Delivered,8.0,2.0,NO
CUST01948,ORD001948,PRD0008,2348065927466,Customer 1948,F,,Abuja,North Central,Occasional,2024-01-10,Fashion,Handbag,5,3500,0.0,17500.0,1000,Bank Transfer,website,completed,delivered,14.0,4.0,No
CUST01949,ORD001949,PRD0005,2348042821147,Customer 1949,F,18-25,Abuja,North Central,Occasional,2025-06-17,Electronics,Smart TV,1,7500,0.2,6000.0,1500,Cash on Delivery,Website,completed,,1.0,1.0,NO
CUST01950,ORD001950,PRD0016,2348091846540, Customer 1950 ,,60+,Enugu,South East,Regular,2025-11-28,Groceries,Beverage Pack,2,75000,0.0,150000.0,0,Card,Mobile App,Completed,,1.0,5.0,yes
CUST01951,ORD001951,PRD0029,2348066355451,Customer 1951,,26-35,Lagos,South West,premium ,2025-03-24,Electronics,Smart TV,1,40000,0.0,40000.0,0,Card,Instagram,,Delivered,1.0,,Yes
CUST01952,ORD001952,PRD0026,2348032494334,Customer 1952,Female,18-25,Kano,North West,premium ,2026-07-18,Sports,Running Shoes,3,5000,0.1,13500.0,1500,bank transfer,Website,Returned,In Transit,14.0,5.0,
CUST01953,ORD001953,PRD0019,2348047150755,Customer 1953,female,36-45,Benin City,South South,Regular,2024-06-26,Groceries,Rice,1,3500,0.2,2800.0,3500,Card,Website,Pending,Delivered,7.0,4.0,
CUST01954,ORD001954,PRD0025,2348041827989,Customer 1954,female,,Kano,North West,Occasional,2024-05-24,Beauty,Perfume,3,5000,0.15,12750.0,2500,,Instagram,Completed,Returned,4.0,1.0,
CUST01955,ORD001955,PRD0029,2348026465658,Customer 1955,Male,60+,Kano,North West,Regular,2025-11-26,Sports,Football,1,10000,0.0,10000.0,0,Card,Instagram,,Returned,6.0,3.0,No
CUST01956,ORD001956,PRD0003,2348069163056,Customer 1956,Female,60+,Port Harcourt,South South,Business,2024-07-10,Beauty,Hair Dryer,1,7500,0.1,6750.0,1000,CARD,Website,completed,,7.0,3.0,Yes
CUST01957,ORD001957,PRD0011,2348047689367,Customer 1957,,60+,Ibadan,South West,Premium,2025-03-19,Sports,Running Shoes,5,15000,0.15,63750.0,0,Wallet,Mobile App,Completed,delivered,11.0,5.0,NO
CUST01958,ORD001958,PRD0011,2348070206203,Customer 1958,,46-60,Kano,North West,Business,2025-12-09,Groceries,Rice,5,5000,0.05,23750.0,3500,Wallet,Instagram,completed,delivered,9.0,4.0,Yes
CUST01959,ORD001959,PRD0014,2348061608737,Customer 1959,,26-35,Port Harcourt,South South,Premium,2025-02-21,Electronics,Smart TV,4,3500,0.15,11900.0,3500,USSD,website,Cancelled,Delivered,5.0,5.0,
CUST01960,ORD001960,PRD0014,2348080503495,Customer 1960,,,Kaduna,North West,Occasional,2026-02-15,Sports,Yoga Mat,1,40000,0.2,32000.0,0,Card,mobile app,Pending,Delivered,9.0,4.0,yes
CUST01961,ORD001961,PRD0012,2348072757217,Customer 1961,,26-35,Abuja,North Central,Regular,2024-07-31,Home & Kitchen,Blender,5,5000,0.0,25000.0,3500,USSD,Marketplace,,DELIVERED,8.0,5.0,Yes
CUST01962,ORD001962,PRD0003,2348032725930,Customer 1962,,18-25,Abuja,North Central,Premium,2025-10-23,Groceries,Cereal,2,75000,0.2,120000.0,3500,Wallet,Website,Completed,In Transit,14.0,4.0,yes
CUST01963,ORD001963,PRD0014,2348099246839,Customer 1963,Male,,Kaduna,North West,Premium,2025-08-07,Groceries,Rice,5,7500,0.05,35625.0,1500,,Instagram,,DELIVERED,1.0,5.0,
CUST01964,ORD001964,PRD0011,2348094780275,Customer 1964,Male,26-35,Lagos,South West,Regular,2025-09-20,Beauty,Skincare Set,1,120000,0.2,96000.0,1500,USSD,Instagram,,Delayed,5.0,4.0,NO
CUST01965,ORD001965,PRD0008,2348093391762,Customer 1965,F,60+,Kaduna,North West,premium ,2026-09-01,Beauty,Skincare Set,5,25000,0.15,106250.0,0,Wallet,Store,Returned,DELIVERED,12.0,4.0,Yes
CUST01966,ORD001966,PRD0023,2348034168095,Customer 1966,M,60+,Port Harcourt,South South,premium ,2025-04-21,Home & Kitchen,Air Fryer,1,5000,0.15,4250.0,1500,USSD,Marketplace,Cancelled,DELIVERED,,5.0,yes
CUST01967,ORD001967,PRD0013,2348037095706,Customer 1967,Female,,Enugu,South East,Premium,2025-01-31,Groceries,Beverage Pack,2,5000,0.2,8000.0,1500,Bank Transfer,,Completed,,9.0,3.0,NO
CUST01968,ORD001968,PRD0007,2348099525686,Customer 1968,FEMALE,,Kano,North West,Premium,2025-02-12,Home & Kitchen,Blender,5,25000,0.0,125000.0,0,bank transfer,Website,Completed,Delayed,,4.0,No
CUST01969,ORD001969,PRD0016,2348099079443,Customer 1969,MALE,26-35,Enugu,South East,Regular,2024-12-29,Electronics,Wireless Earbuds,2,75000,0.05,142500.0,2500,Cash on Delivery,,Pending,Returned,,4.0,No
CUST01970,ORD001970,PRD0015,2348074903533,Customer 1970,FEMALE,,Benin City,South South,Premium,2025-06-11,Sports,Gym Bag,3,15000,0.05,42750.0,3500,USSD,Website,completed,Delivered,3.0,5.0,Yes
CUST01971,ORD001971,PRD0016,2348018179501,Customer 1971,M,36-45,Kano,North West,Occasional,2025-12-24,Home & Kitchen,Cookware Set,2,15000,0.2,24000.0,1500,Wallet,Website,,Delivered,6.0,5.0,No
CUST01972,ORD001972,PRD0009,2348043787213,Customer 1972, m ,36-45,Ibadan,South West,Premium,2024-07-09,Electronics,Smartphone,5,7500,0.1,33750.0,1000,USSD,Website,,delivered,4.0,4.0,Yes
CUST01973,ORD001973,PRD0026,2348066789836,Customer 1973,Male,26-35,Benin City,South South,,2026-03-13,Fashion,Sneakers,4,3500,0.2,11200.0,1000,Wallet,Store,Cancelled,In Transit,3.0,5.0,Yes
CUST01974,ORD001974,PRD0011,2348069224362,Customer 1974,,60+,Port Harcourt,South South,Occasional,2025-07-22,Electronics,Smart TV,5,40000,0.05,190000.0,1000,,Store,COMPLETED,In Transit,9.0,,NO
CUST01975,ORD001975,PRD0009,2348061302677, Customer 1975 ,F,60+,Lagos,South West,Occasional,2025-10-01,Home & Kitchen,Vacuum Cleaner,4,25000,0.0,100000.0,1500,Cash on Delivery,mobile app,Completed,In Transit,1.0,4.0,NO
CUST01976,ORD001976,PRD0025,2348013216402,Customer 1976,,26-35,Benin City,South South,Premium,2026-07-12,Electronics,Smartphone,5,7500,0.05,35625.0,2500,Card,mobile app,Returned,delivered,2.0,5.0,No
CUST01977,ORD001977,PRD0020,2348064733423,Customer 1977,Female,36-45,Benin City,South South,Business,2025-06-24,Sports,Running Shoes,3,75000,0.2,180000.0,1000,CARD,Store,,In Transit,5.0,3.0,
CUST01978,ORD001978,PRD0015,2348070168555,Customer 1978,M,36-45,Benin City,South South,Regular,2024-07-22,Groceries,Cereal,4,40000,0.2,128000.0,0,Bank Transfer,Website,completed,Delayed,12.0,5.0,Yes
CUST01979,ORD001979,PRD0016,2348038161185,Customer 1979,male,18-25,Kaduna,North West,Premium,2024-02-16,Electronics,Smartphone,4,75000,0.2,240000.0,1500,Wallet,Instagram,,Delivered,11.0,4.0,Yes
CUST01980,ORD001980,PRD0009,2348077167069,Customer 1980,Female,60+,Ibadan,South West,Business,2025-12-18,Electronics,Smart TV,5,40000,0.0,200000.0,1500,Bank Transfer,Marketplace,COMPLETED,Delayed,1.0,4.0,No
CUST01981,ORD001981,PRD0021,2348082949672,Customer 1981,,26-35,Enugu,South East,Regular,2025-03-18,Groceries,Rice,5,120000,0.2,480000.0,3500,Card,Marketplace,Completed,Returned,13.0,5.0,yes
CUST01982,ORD001982,PRD0016,2348017727008,Customer 1982,,46-60,Benin City,South South,Occasional,2024-12-11,Fashion,Shirt,5,120000,0.1,540000.0,3500,Cash on Delivery,mobile app,Completed,Delivered,8.0,,
CUST01983,ORD001983,PRD0023,2348015008047,Customer 1983,male,,Lagos,South West,Regular,2025-12-20,Sports,Gym Bag,3,120000,0.2,288000.0,3500,CARD,mobile app,completed,Delivered,8.0,5.0,Yes
CUST01984,ORD001984,PRD0001,2348074122241,Customer 1984,,46-60,Port Harcourt,South South,Occasional,2025-07-17,Beauty,Perfume,2,75000,0.1,135000.0,1000,Bank Transfer,Instagram,completed,In Transit,6.0,5.0,Yes
CUST01985,ORD001985,PRD0002,2348062839848,Customer 1985,Female,36-45,Port Harcourt,South South,,2025-05-13,Sports,Yoga Mat,2,10000,0.2,16000.0,1000,Wallet,Instagram,completed,Delayed,9.0,4.0,No
CUST01986,ORD001986,PRD0027,2348083676454,Customer 1986,Male,18-25,Kaduna,North West,,2025-10-05,Home & Kitchen,Cookware Set,3,75000,0.15,191250.0,1000,Card,Website,completed,Delayed,5.0,4.0,No
CUST01987,ORD001987,PRD0016,2348063669777,Customer 1987,Male,26-35,Ibadan,South West,Occasional,2026-08-16,Fashion,Sneakers,4,5000,0.0,20000.0,1500,Cash on Delivery,Website,Completed,Delivered,14.0,4.0,Yes
CUST01988,ORD001988,PRD0025,2348024983088,Customer 1988,M,60+,Enugu,South East,Regular,2024-06-18,Beauty,Skincare Set,4,10000,0.05,38000.0,1500,Card,mobile app,,In Transit,14.0,2.0,No
CUST01989,ORD001989,PRD0026,2348048077487,Customer 1989,,60+,Enugu,South East,Regular,2026-03-18,Groceries,Beverage Pack,4,7500,0.1,27000.0,2500,Bank Transfer,Marketplace,Completed,,9.0,5.0,NO
CUST01990,ORD001990,PRD0016,2348051351588,Customer 1990, f ,36-45,Port Harcourt,South South,Regular,2025-07-09,Groceries,Cereal,3,25000,0.0,75000.0,2500,,Store,,delivered,12.0,,Yes
CUST01991,ORD001991,PRD0006,2348057880538,Customer 1991,,36-45,Enugu,South East,Premium,2026-03-29,Beauty,Perfume,2,15000,0.05,28500.0,1500,Bank Transfer,Website,Completed,Delivered,10.0,5.0,No
CUST01992,ORD001992,PRD0012,2348085156634,Customer 1992,MALE,46-60,Ibadan,South West,Occasional,2026-08-09,Beauty,Makeup Kit,1,25000,0.1,22500.0,2500,Bank Transfer,Mobile App,COMPLETED,Delivered,3.0,5.0,No
CUST01993,ORD001993,PRD0012,2348068531328,Customer 1993,Male,18-25,Enugu,South East,Business,2024-11-02,Electronics,Wireless Earbuds,4,40000,0.1,144000.0,3500,Wallet,Store,pending,Delayed,9.0,4.0,Yes
CUST01994,ORD001994,PRD0005,2348030523383,Customer 1994,F,36-45,Kano,North West,,2025-04-27,Electronics,Smartphone,5,7500,0.05,35625.0,3500,Wallet,website,COMPLETED,,5.0,5.0,No
CUST01995,ORD001995,PRD0024,2348090022036,Customer 1995,,26-35,Ibadan,South West,,2024-05-02,Home & Kitchen,Blender,3,40000,0.2,96000.0,1500,bank transfer,Website,Completed,Returned,10.0,,yes
CUST01996,ORD001996,PRD0001,2348061601750,Customer 1996,Male,60+,Abuja,North Central,Regular,2024-03-29,Home & Kitchen,Cookware Set,4,15000,0.15,51000.0,3500,Card,Mobile App,completed,In Transit,11.0,,Yes
CUST01997,ORD001997,PRD0001,2348057821736,Customer 1997,Male,18-25,Abuja,North Central,Premium,2026-02-13,Electronics,Wireless Earbuds,2,7500,0.15,12750.0,2500,Card,mobile app,Pending,Delivered,13.0,2.0,No
CUST01998,ORD001998,PRD0006,2348023017302,Customer 1998,Male,60+,Port Harcourt,South South,Regular,2026-07-20,Electronics,Laptop,4,10000,0.1,36000.0,0,Bank Transfer,Instagram,Completed,,6.0,5.0,No
CUST01999,ORD001999,PRD0002,2348089626046,Customer 1999,Male,26-35,Port Harcourt,South South,,2024-08-19,Fashion,Sneakers,1,25000,0.2,20000.0,1000,bank transfer,,Completed,In Transit,2.0,4.0,No
CUST02000,ORD002000,PRD0029,2348030057069, Customer 2000 ,Male,26-35,Kano,North West,REGULAR,2026-05-25,Electronics,Smartphone,3,25000,0.15,63750.0,1500,,,COMPLETED,,5.0,5.0,No
CUST02001,ORD002001,PRD0010,2348016488560,Customer 2001,,46-60,Port Harcourt,South South,Business,2026-06-28,Beauty,Skincare Set,5,3500,0.0,17500.0,2500,Bank Transfer,Website,Completed,Delivered,14.0,5.0,No
CUST02002,ORD002002,PRD0002,2348082628624,Customer 2002,F,36-45,Kano,North West,Occasional,2026-06-29,Beauty,Hair Dryer,4,3500,0.1,12600.0,1000,CARD,Marketplace,Pending,delivered,12.0,3.0,yes
CUST02003,ORD002003,PRD0008,2348028639011,Customer 2003,Female,,Kaduna,North West,Regular,2024-09-21,Groceries,Cereal,2,10000,0.15,17000.0,0,USSD,Marketplace,Completed,Delivered,11.0,5.0,Yes
CUST02004,ORD002004,PRD0011,2348069200380,Customer 2004,Female,18-25,Port Harcourt,South South,Occasional,2026-03-03,Beauty,Skincare Set,5,10000,0.15,42500.0,1500,Bank Transfer,,cancelled,Returned,11.0,5.0,No
CUST02005,ORD002005,PRD0007,2348023577530,Customer 2005,,60+,Port Harcourt,South South,Occasional,2024-04-04,Electronics,Smart TV,4,40000,0.1,144000.0,1000,Bank Transfer,Instagram,Cancelled,In Transit,8.0,4.0,Yes
CUST02006,ORD002006,PRD0011,2348087556775,Customer 2006,MALE,36-45,Kaduna,North West,,2025-09-07,Fashion,Sneakers,1,10000,0.05,9500.0,0,Card,Store,Completed,In Transit,8.0,4.0,
CUST02007,ORD002007,PRD0028,2348087993876,Customer 2007,Female,36-45,Kano,North West,Regular,2024-08-22,Home & Kitchen,Cookware Set,2,40000,0.15,68000.0,2500,Card,,Returned,In Transit,3.0,2.0,
CUST02008,ORD002008,PRD0003,2348046589030,Customer 2008,,18-25,Benin City,South South,Business,2024-06-02,Home & Kitchen,Blender,2,25000,0.1,45000.0,3500,Bank Transfer,Website,Completed,,12.0,,Yes
CUST02009,ORD002009,PRD0018,2348022667564,Customer 2009,Female,18-25,Ibadan,South West,Occasional,2026-02-10,Beauty,Makeup Kit,5,25000,0.2,100000.0,0,Cash on Delivery,Store,Completed,Returned,10.0,3.0,No
CUST02010,ORD002010,PRD0016,2348044424962,Customer 2010,FEMALE,26-35,Port Harcourt,South South,Occasional,2026-01-15,Home & Kitchen,Cookware Set,2,15000,0.1,27000.0,0,Card,Marketplace,cancelled,,12.0,5.0,
CUST02011,ORD002011,PRD0018,2348060898147,Customer 2011,male,36-45,Lagos,South West,Premium,2024-05-04,Home & Kitchen,Air Fryer,2,120000,0.2,192000.0,1000,Bank Transfer,Website,completed,DELIVERED,,4.0,No
CUST02012,ORD002012,PRD0020,2348079438073,Customer 2012,Male,46-60,Lagos,South West,Occasional,2026-07-25,Electronics,Laptop,2,5000,0.15,8500.0,2500,Card,Store,cancelled,,1.0,4.0,No
CUST02013,ORD002013,PRD0001,2348042823929,Customer 2013,F,26-35,Ibadan,South West,Premium,2025-09-06,Electronics,Laptop,5,15000,0.15,63750.0,2500,Cash on Delivery,Store,,Delivered,14.0,3.0,No
CUST02014,ORD002014,PRD0012,2348010920957,Customer 2014,female,18-25,Kano,North West,Premium,2024-11-21,Beauty,Makeup Kit,3,75000,0.15,191250.0,2500,CARD,Mobile App,,,3.0,3.0,yes
CUST02015,ORD002015,PRD0002,2348096617067,Customer 2015,,60+,Kaduna,North West,Regular,2025-02-22,Groceries,Beverage Pack,5,75000,0.05,356250.0,0,Wallet,mobile app,Completed,DELIVERED,11.0,4.0,No
CUST02016,ORD002016,PRD0012,2348081296477,Customer 2016,,18-25,Port Harcourt,South South,Regular,2025-09-18,Groceries,Cereal,4,120000,0.2,384000.0,2500,Bank Transfer,Store,completed,Delivered,1.0,4.0,
CUST02017,ORD002017,PRD0024,2348070970033,Customer 2017,Female,26-35,Kano,North West,Regular,2026-05-23,Home & Kitchen,Vacuum Cleaner,2,120000,0.05,228000.0,3500,Wallet,Instagram,COMPLETED,Returned,9.0,4.0,Yes
CUST02018,ORD002018,PRD0015,2348049052694,Customer 2018,Female,,Enugu,South East,Business,2026-08-27,Fashion,Handbag,1,40000,0.1,36000.0,0,Cash on Delivery,Marketplace,Completed,Delivered,3.0,5.0,No
CUST02019,ORD002019,PRD0010,2348091887686,Customer 2019,,,Port Harcourt,South South,Occasional,2026-05-26,Groceries,Cereal,3,7500,0.2,18000.0,1500,USSD,Mobile App,cancelled,DELIVERED,11.0,5.0,
CUST02020,ORD002020,PRD0026,2348045315689,Customer 2020,Female,,Kano,North West,,2026-04-27,Groceries,Cereal,2,120000,0.15,204000.0,2500,Wallet,,Completed,delivered,14.0,2.0,
CUST02021,ORD002021,PRD0012,2348038942031,Customer 2021, f ,18-25,Abuja,North Central,Regular,2026-06-20,Fashion,Shirt,3,40000,0.0,120000.0,2500,CARD,Marketplace,COMPLETED,In Transit,8.0,5.0,No
CUST02022,ORD002022,PRD0023,2348064703834,Customer 2022,,26-35,Lagos,South West,Premium,2026-05-29,Groceries,Rice,3,5000,0.2,12000.0,3500,Bank Transfer,Store,Pending,Delayed,13.0,,yes
CUST02023,ORD002023,PRD0013,2348075508777,Customer 2023,Female,,Lagos,South West,Regular,2025-02-20,Home & Kitchen,Cookware Set,1,120000,0.15,102000.0,1500,Card,Website,,,3.0,5.0,
CUST02024,ORD002024,PRD0027,2348046715989,Customer 2024,,36-45,Benin City,South South,Regular,2024-04-15,Groceries,Rice,1,10000,0.1,9000.0,2500,Wallet,Website,COMPLETED,Returned,2.0,2.0,
CUST02025,ORD002025,PRD0021,2348029635328, Customer 2025 ,,36-45,Kano,North West,Regular,2024-01-25,Groceries,Rice,2,75000,0.2,120000.0,3500,,Mobile App,,Delivered,6.0,1.0,Yes
CUST02026,ORD002026,PRD0020,2348026596609,Customer 2026, f ,46-60,Abuja,North Central,Regular,2025-03-01,Sports,Running Shoes,2,120000,0.2,192000.0,3500,USSD,Mobile App,Pending,delivered,1.0,5.0,NO
CUST02027,ORD002027,PRD0011,2348054699629,Customer 2027,Female,18-25,Port Harcourt,South South,Regular,2025-01-12,Beauty,Makeup Kit,4,40000,0.05,152000.0,3500,,website,Returned,,,,Yes
CUST02028,ORD002028,PRD0006,2348026090039,Customer 2028,Female,18-25,Benin City,South South,Regular,2026-06-26,Electronics,Laptop,3,75000,0.15,191250.0,2500,USSD,Website,Completed,Delayed,11.0,2.0,
CUST02029,ORD002029,PRD0017,2348026865664,Customer 2029,Female,60+,Ibadan,South West,REGULAR,2025-08-08,Home & Kitchen,Blender,1,75000,0.1,67500.0,2500,bank transfer,Website,Pending,delivered,14.0,5.0,
CUST02030,ORD002030,PRD0029,2348062948569,Customer 2030,Male,36-45,Kano,North West,Premium,2026-04-13,Beauty,Hair Dryer,2,5000,0.0,10000.0,1000,Card,Website,Returned,,8.0,5.0,Yes
CUST02031,ORD002031,PRD0004,2348064290138,Customer 2031,M,46-60,Enugu,South East,Business,2025-10-02,Groceries,Cooking Oil,2,75000,0.05,142500.0,0,Card,Instagram,Cancelled,In Transit,13.0,4.0,No
CUST02032,ORD002032,PRD0006,2348025249034,Customer 2032,Female,26-35,Port Harcourt,South South,premium ,2024-02-10,Electronics,Smart TV,5,120000,0.05,570000.0,1000,Bank Transfer,Website,cancelled,,3.0,4.0,No
CUST02033,ORD002033,PRD0003,2348011267568,Customer 2033,F,18-25,Ibadan,South West,,2024-08-22,Beauty,Makeup Kit,5,3500,0.0,17500.0,3500,Cash on Delivery,Store,Pending,DELIVERED,2.0,4.0,yes
CUST02034,ORD002034,PRD0015,2348073190079,Customer 2034,M,36-45,Kano,North West,Premium,2024-11-25,Sports,Football,2,120000,0.2,192000.0,1500,Bank Transfer,Instagram,Completed,Returned,14.0,5.0,No
CUST02035,ORD002035,PRD0004,2348023541219,Customer 2035,Female,18-25,Enugu,South East,Occasional,2025-03-03,Groceries,Beverage Pack,3,15000,0.15,38250.0,2500,Cash on Delivery,Marketplace,Pending,Delivered,7.0,1.0,
CUST02036,ORD002036,PRD0005,2348096076049,Customer 2036,,,Ibadan,South West,,2026-07-06,Sports,Football,3,10000,0.15,25500.0,1000,Card,Store,,DELIVERED,11.0,5.0,Yes
CUST02037,ORD002037,PRD0006,2348080930327,Customer 2037, m ,,Abuja,North Central,Regular,2026-05-23,Home & Kitchen,Blender,1,10000,0.2,8000.0,1500,USSD,Marketplace,,In Transit,1.0,3.0,Yes
CUST02038,ORD002038,PRD0021,2348057405336,Customer 2038,,36-45,Kano,North West,Business,2025-02-11,Electronics,Smart TV,5,25000,0.15,106250.0,1500,USSD,Mobile App,cancelled,In Transit,13.0,4.0,No
CUST02039,ORD002039,PRD0009,2348038715540,Customer 2039,Female,,Lagos,South West,Regular,2025-06-02,Home & Kitchen,Cookware Set,5,3500,0.2,14000.0,1500,bank transfer,Store,cancelled,In Transit,10.0,5.0,
CUST02040,ORD002040,PRD0006,2348056418551,Customer 2040,M,,Benin City,South South,Occasional,2025-06-10,Electronics,Smartphone,1,120000,0.1,108000.0,1000,Cash on Delivery,Mobile App,completed,In Transit,5.0,5.0,No
CUST02041,ORD002041,PRD0005,2348052664200,Customer 2041,,36-45,Lagos,South West,REGULAR,2024-10-04,Home & Kitchen,Blender,2,75000,0.2,120000.0,1000,Cash on Delivery,Instagram,cancelled,delivered,3.0,5.0,No
CUST02042,ORD002042,PRD0021,2348055192436,Customer 2042,Male,,Kano,North West,Occasional,2024-07-27,Sports,Yoga Mat,2,15000,0.0,30000.0,3500,Card,Instagram,Pending,Returned,14.0,,No
CUST02043,ORD002043,PRD0009,2348010466587,Customer 2043,Male,18-25,Kaduna,North West,Regular,2024-09-24,Groceries,Cereal,4,7500,0.0,30000.0,1500,USSD,Store,Completed,Delivered,7.0,3.0,No
CUST02044,ORD002044,PRD0017,2348048056187,Customer 2044,Male,26-35,Port Harcourt,South South,Premium,2024-08-31,Fashion,Shirt,3,25000,0.1,67500.0,2500,Card,website,completed,,12.0,4.0,yes
CUST02045,ORD002045,PRD0025,2348024275626,Customer 2045,Female,60+,Benin City,South South,Premium,2026-04-06,Beauty,Perfume,4,3500,0.2,11200.0,2500,,Marketplace,,Delayed,7.0,4.0,No
CUST02046,ORD002046,PRD0015,2348038208052,Customer 2046,,26-35,Kaduna,North West,Occasional,2025-09-07,Beauty,Hair Dryer,4,75000,0.2,240000.0,1500,USSD,Website,,,2.0,2.0,
CUST02047,ORD002047,PRD0021,2348066708256,Customer 2047,,36-45,Kano,North West,Regular,2026-04-09,Electronics,Laptop,2,15000,0.1,27000.0,1500,USSD,website,Pending,DELIVERED,11.0,5.0,No
CUST02048,ORD002048,PRD0002,2348083154188,Customer 2048,,60+,Port Harcourt,South South,Business,2024-05-08,Electronics,Smartphone,5,15000,0.1,67500.0,0,USSD,Marketplace,completed,In Transit,3.0,5.0,Yes
CUST02049,ORD002049,PRD0002,2348045316165,Customer 2049,Female,46-60,Kano,North West,Business,2025-09-07,Home & Kitchen,Cookware Set,1,10000,0.1,9000.0,1000,bank transfer,Website,Pending,In Transit,1.0,4.0,No
CUST02050,ORD002050,PRD0002,2348046005747, Customer 2050 ,,26-35,Benin City,South South,Occasional,2024-12-13,Electronics,Smart TV,4,15000,0.2,48000.0,3500,bank transfer,Website,,In Transit,12.0,5.0,Yes
CUST02051,ORD002051,PRD0004,2348052232820,Customer 2051,,,Enugu,South East,Occasional,2026-02-03,Groceries,Rice,2,10000,0.1,18000.0,1000,Bank Transfer,mobile app,Completed,Delivered,13.0,4.0,No
CUST02052,ORD002052,PRD0012,2348050481788,Customer 2052,male,60+,Abuja,North Central,Occasional,2025-01-13,Electronics,Smart TV,4,5000,0.15,17000.0,0,Bank Transfer,Website,Pending,In Transit,8.0,4.0,
CUST02053,ORD002053,PRD0020,2348010574559,Customer 2053,Female,18-25,Benin City,South South,premium ,2025-11-17,Fashion,Jeans,4,5000,0.15,17000.0,1000,USSD,Marketplace,Pending,In Transit,11.0,3.0,No
CUST02054,ORD002054,PRD0021,2348081775275,Customer 2054,female,36-45,Kaduna,North West,Regular,2025-05-30,Electronics,Laptop,1,5000,0.1,4500.0,0,Bank Transfer,Website,completed,delivered,,4.0,No
CUST02055,ORD002055,PRD0002,2348032726840,Customer 2055,MALE,60+,Kaduna,North West,Occasional,2024-01-28,Groceries,Cereal,4,40000,0.2,128000.0,0,,Instagram,Completed,Delivered,9.0,2.0,
CUST02056,ORD002056,PRD0019,2348059059756,Customer 2056,FEMALE,60+,Lagos,South West,Premium,2025-05-05,Electronics,Smartphone,4,5000,0.15,17000.0,1500,CARD,Website,Completed,Delayed,,4.0,yes
CUST02057,ORD002057,PRD0017,2348045967207,Customer 2057,Male,,Lagos,South West,Regular,2025-12-16,Groceries,Cereal,2,120000,0.0,240000.0,2500,Card,Mobile App,Completed,delivered,1.0,5.0,Yes
CUST02058,ORD002058,PRD0014,2348053726403,Customer 2058,female,,Kaduna,North West,Premium,2024-07-11,Groceries,Cereal,1,15000,0.05,14250.0,3500,Bank Transfer,Marketplace,Cancelled,Delivered,4.0,5.0,No
CUST02059,ORD002059,PRD0023,2348048683015,Customer 2059,Male,60+,Ibadan,South West,Occasional,2024-01-13,Electronics,Wireless Earbuds,1,75000,0.0,75000.0,1000,CARD,Mobile App,COMPLETED,Delivered,6.0,4.0,No
CUST02060,ORD002060,PRD0027,2348013542907,Customer 2060,F,60+,Kano,North West,,2024-01-28,Beauty,Makeup Kit,3,7500,0.2,18000.0,2500,Cash on Delivery,Website,completed,Returned,13.0,5.0,Yes
CUST02061,ORD002061,PRD0014,2348075262136,Customer 2061,Female,26-35,Kaduna,North West,Regular,2025-01-05,Electronics,Smartphone,3,120000,0.05,342000.0,0,Cash on Delivery,,completed,Delivered,7.0,,No
CUST02062,ORD002062,PRD0015,2348045320348,Customer 2062,M,46-60,Enugu,South East,Regular,2026-07-09,Groceries,Rice,4,5000,0.05,19000.0,2500,USSD,Marketplace,Returned,Delivered,12.0,1.0,
CUST02063,ORD002063,PRD0011,2348014799906,Customer 2063,Female,26-35,Kano,North West,Regular,2026-02-19,Beauty,Hair Dryer,3,120000,0.15,306000.0,0,Bank Transfer,Marketplace,Completed,Returned,4.0,5.0,Yes
CUST02064,ORD002064,PRD0023,2348089763264,Customer 2064,Female,36-45,Abuja,North Central,Occasional,2025-10-18,Groceries,Cereal,4,40000,0.2,128000.0,1000,Cash on Delivery,Marketplace,Returned,delivered,12.0,4.0,
CUST02065,ORD002065,PRD0016,2348020467558,Customer 2065,Female,,Kano,North West,,2025-10-14,Electronics,Smartphone,4,40000,0.2,128000.0,1000,CARD,Store,,,1.0,3.0,No
CUST02066,ORD002066,PRD0010,2348083390566,Customer 2066,Female,18-25,Abuja,North Central,Premium,2025-10-14,Electronics,Smart TV,4,15000,0.15,51000.0,1500,Bank Transfer,Marketplace,COMPLETED,delivered,13.0,4.0,Yes
CUST02067,ORD002067,PRD0011,2348015571453,Customer 2067,Male,26-35,Abuja,North Central,,2024-07-14,Fashion,Jeans,3,75000,0.15,191250.0,1000,Wallet,Store,Cancelled,In Transit,,5.0,Yes
CUST02068,ORD002068,PRD0016,2348070621915,Customer 2068,Female,,Kaduna,North West,Regular,2026-08-30,Electronics,Wireless Earbuds,3,10000,0.05,28500.0,0,Wallet,Store,COMPLETED,Delivered,8.0,3.0,No
CUST02069,ORD002069,PRD0002,2348068677888,Customer 2069,Male,,Port Harcourt,South South,Occasional,2025-02-02,Groceries,Cooking Oil,5,15000,0.15,63750.0,1000,bank transfer,Website,pending,Returned,1.0,5.0,
CUST02070,ORD002070,PRD0029,2348045624353,Customer 2070,,36-45,Ibadan,South West,Occasional,2025-01-29,Groceries,Cereal,2,40000,0.0,80000.0,1500,Card,Instagram,Cancelled,Returned,13.0,4.0,
CUST02071,ORD002071,PRD0002,2348079896003,Customer 2071, f ,18-25,Port Harcourt,South South,Premium,2026-02-02,Groceries,Cereal,1,75000,0.1,67500.0,2500,Wallet,Website,Completed,delivered,12.0,4.0,Yes
CUST02072,ORD002072,PRD0029,2348040459148,Customer 2072,,,Ibadan,South West,Occasional,2024-08-24,Groceries,Rice,1,3500,0.15,2975.0,0,Wallet,website,Completed,delivered,3.0,4.0,
CUST02073,ORD002073,PRD0017,2348085819136,Customer 2073,Female,26-35,Lagos,South West,Regular,2025-10-02,Beauty,Hair Dryer,2,25000,0.1,45000.0,1500,USSD,mobile app,Cancelled,delivered,8.0,4.0,yes
CUST02074,ORD002074,PRD0024,2348059774730,Customer 2074,,,Kano,North West,Premium,2026-01-28,Fashion,Handbag,4,3500,0.15,11900.0,3500,Cash on Delivery,Mobile App,,In Transit,10.0,2.0,No
CUST02075,ORD002075,PRD0015,2348091156810, Customer 2075 ,,18-25,Abuja,North Central,premium ,2025-06-03,Groceries,Cooking Oil,1,120000,0.15,102000.0,1500,USSD,website,completed,Delivered,14.0,2.0,Yes
CUST02076,ORD002076,PRD0014,2348095088432,Customer 2076,Female,60+,Enugu,South East,Regular,2026-06-03,Groceries,Beverage Pack,5,7500,0.0,37500.0,1000,Bank Transfer,Instagram,Pending,Delivered,4.0,4.0,No
CUST02077,ORD002077,PRD0002,2348059946061,Customer 2077,Male,60+,Port Harcourt,South South,Occasional,2024-01-25,Groceries,Cooking Oil,4,5000,0.1,18000.0,3500,Cash on Delivery,mobile app,Completed,Delivered,2.0,1.0,
CUST02078,ORD002078,PRD0002,2348012829015,Customer 2078,,26-35,Abuja,North Central,Premium,2026-08-19,Home & Kitchen,Blender,1,5000,0.1,4500.0,2500,Card,Mobile App,Cancelled,Delivered,12.0,3.0,Yes
CUST02079,ORD002079,PRD0027,2348073769433,Customer 2079,Male,,Lagos,South West,Regular,2025-05-09,Beauty,Skincare Set,3,25000,0.15,63750.0,3500,Card,mobile app,completed,delivered,10.0,4.0,No
CUST02080,ORD002080,PRD0027,2348070984313,Customer 2080,Male,,Port Harcourt,South South,,2026-07-09,Fashion,Shirt,5,25000,0.05,118750.0,1000,Card,Marketplace,Completed,delivered,7.0,4.0,Yes
CUST02081,ORD002081,PRD0019,2348026607981,Customer 2081,F,26-35,Kaduna,North West,Premium,2025-08-21,Sports,Running Shoes,3,120000,0.1,324000.0,3500,Cash on Delivery,Marketplace,Completed,,7.0,5.0,yes
CUST02082,ORD002082,PRD0013,2348070798878,Customer 2082,Male,18-25,Abuja,North Central,,2025-09-23,Fashion,Sneakers,5,40000,0.15,170000.0,3500,Cash on Delivery,Marketplace,completed,In Transit,,5.0,No
CUST02083,ORD002083,PRD0024,2348088771293,Customer 2083,Female,18-25,Ibadan,South West,Regular,2024-10-09,Beauty,Skincare Set,2,25000,0.1,45000.0,1000,Wallet,Marketplace,Completed,Delivered,11.0,5.0,No
CUST02084,ORD002084,PRD0002,2348071826973,Customer 2084,female,36-45,Kano,North West,Premium,2024-05-11,Sports,Football,5,3500,0.2,14000.0,3500,Wallet,Instagram,,DELIVERED,7.0,4.0,Yes
CUST02085,ORD002085,PRD0005,2348030782158,Customer 2085, f ,60+,Abuja,North Central,REGULAR,2025-01-25,Groceries,Cereal,2,25000,0.2,40000.0,3500,USSD,Store,completed,In Transit,10.0,1.0,
CUST02086,ORD002086,PRD0030,2348036476636,Customer 2086,Male,60+,Ibadan,South West,Business,2025-11-20,Beauty,Skincare Set,4,40000,0.05,152000.0,1500,Cash on Delivery,Website,,In Transit,7.0,4.0,Yes
CUST02087,ORD002087,PRD0011,2348093388439,Customer 2087,Male,26-35,Port Harcourt,South South,premium ,2026-02-23,Groceries,Cooking Oil,1,15000,0.15,12750.0,1000,CARD,Mobile App,cancelled,Delivered,14.0,4.0,
CUST02088,ORD002088,PRD0006,2348075960688,Customer 2088,Male,46-60,Enugu,South East,Premium,2024-04-21,Beauty,Perfume,3,5000,0.0,15000.0,1500,USSD,Marketplace,Cancelled,Delivered,8.0,2.0,No
CUST02089,ORD002089,PRD0012,2348098936539,Customer 2089,,60+,Port Harcourt,South South,Business,2025-11-14,Sports,Yoga Mat,3,40000,0.0,120000.0,2500,Card,Store,Cancelled,Delivered,7.0,4.0,Yes
CUST02090,ORD002090,PRD0027,2348017243153,Customer 2090,FEMALE,46-60,Port Harcourt,South South,Premium,2026-04-27,Electronics,Wireless Earbuds,2,3500,0.15,5950.0,3500,USSD,Marketplace,pending,delivered,3.0,4.0,yes
CUST02091,ORD002091,PRD0019,2348074408468,Customer 2091,,18-25,Kano,North West,Premium,2025-06-05,Home & Kitchen,Blender,3,5000,0.15,12750.0,1500,Card,Mobile App,,,9.0,4.0,NO
CUST02092,ORD002092,PRD0008,2348072787493,Customer 2092,Male,26-35,Abuja,North Central,Occasional,2024-08-09,Home & Kitchen,Air Fryer,2,10000,0.05,19000.0,1000,USSD,Store,completed,In Transit,7.0,1.0,No
CUST02093,ORD002093,PRD0023,2348034741559,Customer 2093,Male,36-45,Abuja,North Central,premium ,2024-11-28,Groceries,Rice,2,3500,0.2,5600.0,1000,Cash on Delivery,,Completed,Delivered,9.0,4.0,yes
CUST02094,ORD002094,PRD0006,2348029606388,Customer 2094,Male,60+,Enugu,South East,Regular,2024-02-17,Beauty,Perfume,5,15000,0.2,60000.0,0,Cash on Delivery,Instagram,completed,Delivered,8.0,,NO
CUST02095,ORD002095,PRD0007,2348034152461,Customer 2095,,,Kano,North West,premium ,2024-08-09,Sports,Gym Bag,4,120000,0.15,408000.0,3500,Cash on Delivery,website,Completed,delivered,14.0,,Yes
CUST02096,ORD002096,PRD0021,2348022554193,Customer 2096,Female,18-25,Enugu,South East,premium ,2026-08-20,Sports,Football,1,120000,0.2,96000.0,1500,Cash on Delivery,Mobile App,,DELIVERED,3.0,4.0,NO
CUST02097,ORD002097,PRD0021,2348026120099,Customer 2097,Female,,Enugu,South East,Premium,2025-01-15,Home & Kitchen,Air Fryer,5,25000,0.05,118750.0,3500,,Store,completed,,2.0,5.0,NO
CUST02098,ORD002098,PRD0012,2348094453803,Customer 2098, f ,18-25,Kano,North West,premium ,2025-11-27,Groceries,Beverage Pack,5,5000,0.2,20000.0,0,,Website,,Returned,11.0,4.0,No
CUST02099,ORD002099,PRD0022,2348043177458,Customer 2099,FEMALE,18-25,Port Harcourt,South South,Premium,2024-12-23,Home & Kitchen,Cookware Set,3,75000,0.15,191250.0,1500,Cash on Delivery,Store,Pending,Delivered,4.0,2.0,Yes
CUST02100,ORD002100,PRD0028,2348055444059, Customer 2100 ,male,,Kano,North West,Occasional,2024-04-22,Electronics,Laptop,1,25000,0.1,22500.0,1500,Cash on Delivery,mobile app,Returned,delivered,5.0,5.0,No
CUST02101,ORD002101,PRD0001,2348088748252,Customer 2101,Male,26-35,Kano,North West,Occasional,2024-08-29,Fashion,Shirt,2,5000,0.1,9000.0,2500,Card,Store,COMPLETED,In Transit,5.0,5.0,Yes
CUST02102,ORD002102,PRD0020,2348054490718,Customer 2102,F,18-25,Enugu,South East,Business,2024-04-09,Beauty,Hair Dryer,2,15000,0.0,30000.0,1500,Cash on Delivery,Website,Cancelled,delivered,1.0,4.0,
CUST02103,ORD002103,PRD0001,2348054854833,Customer 2103,female,,Lagos,South West,premium ,2026-04-25,Electronics,Laptop,3,3500,0.05,9975.0,1500,Bank Transfer,Marketplace,completed,In Transit,7.0,4.0,Yes
CUST02104,ORD002104,PRD0018,2348083859339,Customer 2104,Male,60+,Kano,North West,Business,2025-09-10,Beauty,Skincare Set,1,40000,0.05,38000.0,1000,Bank Transfer,Mobile App,,,14.0,2.0,No
CUST02105,ORD002105,PRD0010,2348079754446,Customer 2105,Male,46-60,Port Harcourt,South South,Premium,2026-05-16,Electronics,Smartphone,1,5000,0.2,4000.0,1500,Bank Transfer,website,completed,Delayed,14.0,4.0,Yes
CUST02106,ORD002106,PRD0001,2348092398026,Customer 2106,,18-25,Ibadan,South West,Regular,2026-07-04,Groceries,Rice,1,7500,0.2,6000.0,3500,,Instagram,Completed,Delayed,9.0,4.0,yes
CUST02107,ORD002107,PRD0002,2348069560325,Customer 2107,Male,26-35,Port Harcourt,South South,Premium,2026-06-12,Beauty,Perfume,4,3500,0.2,11200.0,0,USSD,Instagram,Returned,In Transit,14.0,5.0,NO
CUST02108,ORD002108,PRD0025,2348047410708,Customer 2108,,46-60,Benin City,South South,Regular,2026-03-16,Fashion,Jeans,5,15000,0.1,67500.0,2500,Card,,COMPLETED,In Transit,,,NO
CUST02109,ORD002109,PRD0002,2348028187573,Customer 2109,Male,36-45,Abuja,North Central,,2025-12-25,Beauty,Skincare Set,3,40000,0.15,102000.0,1000,bank transfer,Instagram,,In Transit,13.0,2.0,No
CUST02110,ORD002110,PRD0012,2348087407763,Customer 2110,,46-60,Kano,North West,Regular,2024-05-30,Electronics,Smart TV,2,25000,0.1,45000.0,1500,Wallet,Marketplace,completed,In Transit,3.0,5.0,Yes
CUST02111,ORD002111,PRD0028,2348063264468,Customer 2111,M,46-60,Port Harcourt,South South,Premium,2025-01-20,Fashion,Sneakers,1,15000,0.0,15000.0,0,Bank Transfer,,Cancelled,DELIVERED,10.0,4.0,No
CUST02112,ORD002112,PRD0015,2348037240408,Customer 2112,Female,36-45,Benin City,South South,Business,2026-08-24,Fashion,Shirt,3,7500,0.15,19125.0,0,Bank Transfer,Marketplace,Cancelled,In Transit,7.0,5.0,No
CUST02113,ORD002113,PRD0025,2348072621933,Customer 2113,Female,46-60,Port Harcourt,South South,,2024-01-10,Beauty,Makeup Kit,5,40000,0.1,180000.0,0,Wallet,Website,,Delayed,1.0,2.0,NO
CUST02114,ORD002114,PRD0021,2348027168080,Customer 2114,female,60+,Port Harcourt,South South,Premium,2025-01-30,Electronics,Smart TV,5,25000,0.05,118750.0,1000,USSD,Mobile App,cancelled,delivered,8.0,5.0,
CUST02115,ORD002115,PRD0024,2348080184665,Customer 2115,Female,36-45,Kano,North West,Occasional,2026-04-29,Fashion,Shirt,4,7500,0.15,25500.0,3500,CARD,Marketplace,Cancelled,Returned,6.0,3.0,yes
CUST02116,ORD002116,PRD0012,2348066625188,Customer 2116,,46-60,Benin City,South South,Regular,2025-10-04,Home & Kitchen,Blender,1,3500,0.15,2975.0,2500,bank transfer,,cancelled,Returned,3.0,4.0,No
CUST02117,ORD002117,PRD0023,2348027237232,Customer 2117,Female,,Enugu,South East,Regular,2025-08-06,Beauty,Skincare Set,2,120000,0.1,216000.0,1500,Wallet,Website,Cancelled,Delivered,2.0,2.0,Yes
CUST02118,ORD002118,PRD0003,2348026011158,Customer 2118,Female,18-25,Abuja,North Central,Business,2025-03-05,Sports,Gym Bag,5,120000,0.2,480000.0,1000,Bank Transfer,Store,Cancelled,In Transit,5.0,,Yes
CUST02119,ORD002119,PRD0010,2348086257943,Customer 2119,Male,46-60,Kano,North West,Regular,2025-05-12,Sports,Running Shoes,4,3500,0.05,13300.0,2500,Card,Instagram,Cancelled,Delayed,2.0,5.0,
CUST02120,ORD002120,PRD0017,2348050922244,Customer 2120,,36-45,Lagos,South West,Premium,2026-03-30,Fashion,Shirt,3,5000,0.1,13500.0,0,USSD,Store,Completed,In Transit,10.0,4.0,NO
CUST02121,ORD002121,PRD0024,2348066381218,Customer 2121,,36-45,Ibadan,South West,Occasional,2026-05-05,Electronics,Smart TV,5,10000,0.2,40000.0,1500,Cash on Delivery,Website,Cancelled,Delivered,12.0,2.0,No
CUST02122,ORD002122,PRD0019,2348094501540,Customer 2122,Male,60+,Port Harcourt,South South,Regular,2024-11-27,Beauty,Perfume,4,40000,0.2,128000.0,1500,Wallet,,completed,,12.0,4.0,NO
CUST02123,ORD002123,PRD0019,2348039141212,Customer 2123,,26-35,Benin City,South South,Regular,2026-05-31,Home & Kitchen,Blender,1,7500,0.0,7500.0,1000,Card,Marketplace,Completed,Delayed,7.0,4.0,Yes
CUST02124,ORD002124,PRD0018,2348023821104,Customer 2124,,46-60,Lagos,South West,Regular,2025-05-08,Groceries,Cooking Oil,3,5000,0.1,13500.0,1500,Cash on Delivery,Store,Completed,Delivered,,3.0,No
CUST02125,ORD002125,PRD0018,2348061689331, Customer 2125 ,F,,Port Harcourt,South South,Regular,2024-04-16,Fashion,Handbag,2,15000,0.05,28500.0,1500,Bank Transfer,Marketplace,Cancelled,In Transit,1.0,4.0,yes
CUST02126,ORD002126,PRD0013,2348067620860,Customer 2126,FEMALE,46-60,Kano,North West,Occasional,2025-05-15,Fashion,Jeans,5,3500,0.1,15750.0,2500,bank transfer,Store,cancelled,In Transit,11.0,2.0,No
CUST02127,ORD002127,PRD0011,2348091833574,Customer 2127,Female,18-25,Benin City,South South,Regular,2026-03-20,Home & Kitchen,Cookware Set,3,5000,0.05,14250.0,2500,Cash on Delivery,Marketplace,Pending,Delivered,1.0,3.0,NO
CUST02128,ORD002128,PRD0025,2348058050251,Customer 2128,M,,Benin City,South South,Regular,2026-07-12,Home & Kitchen,Air Fryer,3,10000,0.1,27000.0,1500,bank transfer,Mobile App,pending,Delayed,14.0,2.0,Yes
CUST02129,ORD002129,PRD0015,2348086950047,Customer 2129,Female,,Enugu,South East,Occasional,2026-04-06,Sports,Running Shoes,5,25000,0.15,106250.0,2500,CARD,Website,cancelled,DELIVERED,1.0,2.0,
CUST02130,ORD002130,PRD0016,2348060974613,Customer 2130,Male,36-45,Ibadan,South West,,2026-03-07,Groceries,Cooking Oil,3,10000,0.2,24000.0,2500,Wallet,Instagram,pending,Delivered,2.0,5.0,yes
CUST02131,ORD002131,PRD0010,2348021306971,Customer 2131,Male,46-60,Abuja,North Central,Occasional,2024-03-15,Sports,Football,1,7500,0.1,6750.0,1500,Card,,Completed,Delayed,,,
CUST02132,ORD002132,PRD0027,2348072824722,Customer 2132,,46-60,Benin City,South South,Premium,2024-03-24,Sports,Football,5,25000,0.1,112500.0,1500,Card,Marketplace,Cancelled,Returned,8.0,3.0,
CUST02133,ORD002133,PRD0022,2348093663093,Customer 2133, m ,60+,Kano,North West,premium ,2025-05-19,Electronics,Wireless Earbuds,4,7500,0.0,30000.0,0,,Instagram,cancelled,Delivered,3.0,,No
CUST02134,ORD002134,PRD0008,2348027782602,Customer 2134,Female,46-60,Enugu,South East,premium ,2024-08-18,Beauty,Skincare Set,1,10000,0.05,9500.0,1500,USSD,Store,Returned,In Transit,10.0,4.0,NO
CUST02135,ORD002135,PRD0001,2348058699465,Customer 2135,Male,60+,Port Harcourt,South South,Premium,2025-05-21,Beauty,Skincare Set,5,5000,0.1,22500.0,1500,USSD,Instagram,Pending,Delivered,1.0,5.0,NO
CUST02136,ORD002136,PRD0013,2348026449791,Customer 2136,,18-25,Abuja,North Central,Regular,2026-06-29,Beauty,Perfume,5,10000,0.2,40000.0,2500,Card,Website,cancelled,delivered,13.0,4.0,NO
CUST02137,ORD002137,PRD0023,2348018134355,Customer 2137,Male,60+,Benin City,South South,REGULAR,2024-02-06,Fashion,Handbag,5,120000,0.2,480000.0,1500,bank transfer,website,Returned,Delivered,12.0,2.0,No
CUST02138,ORD002138,PRD0010,2348020649472,Customer 2138,Male,18-25,Abuja,North Central,Regular,2024-03-19,Sports,Football,2,10000,0.2,16000.0,1000,Wallet,Store,completed,Delivered,2.0,,No
CUST02139,ORD002139,PRD0029,2348081787643,Customer 2139,MALE,18-25,Lagos,South West,Premium,2024-08-20,Electronics,Wireless Earbuds,1,10000,0.1,9000.0,1000,Card,website,cancelled,In Transit,2.0,4.0,No
CUST02140,ORD002140,PRD0013,2348082928111,Customer 2140,,46-60,Kaduna,North West,Occasional,2025-09-11,Sports,Gym Bag,5,75000,0.2,300000.0,1000,Cash on Delivery,Marketplace,pending,delivered,5.0,,
CUST02141,ORD002141,PRD0023,2348095051228,Customer 2141,Male,60+,Ibadan,South West,Business,2026-02-04,Groceries,Cereal,2,15000,0.2,24000.0,1500,USSD,Website,Completed,Delayed,13.0,5.0,NO
CUST02142,ORD002142,PRD0014,2348015025201,Customer 2142,,,Enugu,South East,premium ,2024-05-12,Sports,Running Shoes,4,15000,0.15,51000.0,1500,Card,Instagram,Completed,Delivered,2.0,4.0,Yes
CUST02143,ORD002143,PRD0026,2348056137902,Customer 2143, m ,,Benin City,South South,premium ,2024-09-16,Groceries,Cereal,4,15000,0.0,60000.0,2500,Wallet,Instagram,pending,Delivered,6.0,5.0,Yes
CUST02144,ORD002144,PRD0021,2348083341179,Customer 2144,,26-35,Abuja,North Central,REGULAR,2025-05-23,Groceries,Rice,3,15000,0.2,36000.0,1000,bank transfer,Store,Cancelled,delivered,2.0,5.0,No
CUST02145,ORD002145,PRD0015,2348099463437,Customer 2145,Female,46-60,Lagos,South West,Regular,2025-04-15,Beauty,Hair Dryer,2,15000,0.05,28500.0,0,USSD,Mobile App,cancelled,Delivered,6.0,5.0,No
CUST02146,ORD002146,PRD0013,2348027046488,Customer 2146,Female,36-45,Enugu,South East,Premium,2026-02-20,Beauty,Skincare Set,3,40000,0.0,120000.0,0,Cash on Delivery,,Cancelled,delivered,7.0,1.0,No
CUST02147,ORD002147,PRD0014,2348046827902,Customer 2147,,36-45,Kaduna,North West,Regular,2026-08-05,Home & Kitchen,Air Fryer,2,120000,0.05,228000.0,0,bank transfer,Website,Pending,,12.0,4.0,Yes
CUST02148,ORD002148,PRD0018,2348037570158,Customer 2148,M,26-35,Port Harcourt,South South,Regular,2025-01-08,Home & Kitchen,Cookware Set,1,75000,0.0,75000.0,1500,USSD,Marketplace,Cancelled,Returned,2.0,1.0,Yes
CUST02149,ORD002149,PRD0005,2348095450373,Customer 2149,,46-60,Enugu,South East,Regular,2026-05-27,Home & Kitchen,Air Fryer,3,5000,0.1,13500.0,0,Card,,Cancelled,delivered,14.0,2.0,No
CUST02150,ORD002150,PRD0023,2348016853414, Customer 2150 ,,,Kaduna,North West,Business,2025-01-19,Beauty,Makeup Kit,4,5000,0.1,18000.0,1000,Wallet,Website,Returned,Delayed,4.0,4.0,yes
CUST02151,ORD002151,PRD0012,2348012210676,Customer 2151,FEMALE,26-35,Kaduna,North West,,2026-05-11,Beauty,Hair Dryer,5,15000,0.15,63750.0,2500,Card,Marketplace,Pending,Delayed,11.0,3.0,Yes
CUST02152,ORD002152,PRD0005,2348074331432,Customer 2152,FEMALE,46-60,Benin City,South South,Regular,2024-05-20,Beauty,Skincare Set,3,75000,0.1,202500.0,2500,Card,Instagram,COMPLETED,,9.0,4.0,
CUST02153,ORD002153,PRD0002,2348017155496,Customer 2153,,60+,Lagos,South West,Regular,2026-01-22,Electronics,Smartphone,4,25000,0.0,100000.0,2500,Wallet,Mobile App,pending,,3.0,5.0,Yes
CUST02154,ORD002154,PRD0024,2348042855869,Customer 2154,male,,Lagos,South West,Premium,2024-11-21,Groceries,Cereal,3,15000,0.15,38250.0,1500,,Mobile App,COMPLETED,Delivered,8.0,4.0,No
CUST02155,ORD002155,PRD0017,2348073107237,Customer 2155,F,46-60,Kaduna,North West,Occasional,2026-08-08,Fashion,Jeans,5,25000,0.0,125000.0,0,Card,,COMPLETED,,14.0,2.0,
CUST02156,ORD002156,PRD0006,2348069669188,Customer 2156,FEMALE,60+,Kaduna,North West,Regular,2025-07-05,Beauty,Hair Dryer,5,7500,0.2,30000.0,2500,Wallet,,Returned,Delayed,10.0,,Yes
CUST02157,ORD002157,PRD0005,2348021263884,Customer 2157, f ,46-60,Benin City,South South,REGULAR,2024-02-16,Beauty,Perfume,3,75000,0.15,191250.0,2500,USSD,Mobile App,,delivered,2.0,3.0,Yes
CUST02158,ORD002158,PRD0027,2348062664431,Customer 2158,Male,36-45,Ibadan,South West,Business,2024-03-18,Fashion,Handbag,4,15000,0.0,60000.0,0,bank transfer,Marketplace,Completed,,14.0,3.0,Yes
CUST02159,ORD002159,PRD0026,2348022394702,Customer 2159,Female,18-25,Ibadan,South West,Premium,2024-01-07,Groceries,Cooking Oil,2,10000,0.0,20000.0,1500,,Mobile App,Completed,delivered,4.0,3.0,NO
CUST02160,ORD002160,PRD0017,2348061693034,Customer 2160,female,60+,Kano,North West,Occasional,2024-12-03,Sports,Gym Bag,4,40000,0.15,136000.0,1500,Card,Mobile App,COMPLETED,Returned,1.0,5.0,
CUST02161,ORD002161,PRD0021,2348031449376,Customer 2161,Female,36-45,Enugu,South East,Premium,2026-04-05,Sports,Yoga Mat,4,25000,0.05,95000.0,3500,USSD,Store,Completed,Delayed,3.0,1.0,No
CUST02162,ORD002162,PRD0019,2348097690455,Customer 2162,Female,36-45,Benin City,South South,Occasional,2026-07-01,Electronics,Laptop,3,7500,0.2,18000.0,1000,Cash on Delivery,Mobile App,cancelled,,2.0,1.0,Yes
CUST02163,ORD002163,PRD0016,2348010751759,Customer 2163,Male,18-25,Kaduna,North West,Business,2025-04-07,Home & Kitchen,Vacuum Cleaner,1,120000,0.0,120000.0,3500,USSD,Mobile App,Completed,Delivered,3.0,5.0,No
CUST02164,ORD002164,PRD0010,2348077323427,Customer 2164, m ,46-60,Port Harcourt,South South,Regular,2025-12-23,Beauty,Hair Dryer,2,10000,0.15,17000.0,1500,Bank Transfer,,Cancelled,In Transit,12.0,3.0,Yes
CUST02165,ORD002165,PRD0030,2348093581211,Customer 2165,,60+,Lagos,South West,Regular,2026-05-23,Fashion,Sneakers,2,15000,0.0,30000.0,3500,Wallet,Mobile App,pending,Returned,,4.0,NO
CUST02166,ORD002166,PRD0029,2348076823238,Customer 2166,Female,46-60,Kaduna,North West,Regular,2026-02-12,Home & Kitchen,Cookware Set,1,10000,0.15,8500.0,0,USSD,Store,completed,Returned,1.0,4.0,Yes
CUST02167,ORD002167,PRD0016,2348059760535,Customer 2167,Female,36-45,Benin City,South South,Occasional,2024-09-09,Fashion,Jeans,1,7500,0.2,6000.0,1500,CARD,Marketplace,Completed,Delivered,3.0,3.0,Yes
CUST02168,ORD002168,PRD0004,2348048172786,Customer 2168,FEMALE,60+,Abuja,North Central,premium ,2025-05-13,Fashion,Jeans,2,75000,0.05,142500.0,2500,Card,Website,Completed,DELIVERED,9.0,5.0,
CUST02169,ORD002169,PRD0029,2348033719773,Customer 2169,Female,46-60,Port Harcourt,South South,Regular,2026-05-13,Beauty,Hair Dryer,4,15000,0.2,48000.0,1500,Bank Transfer,website,Completed,delivered,12.0,5.0,yes
CUST02170,ORD002170,PRD0014,2348026809572,Customer 2170,,60+,Lagos,South West,,2026-07-22,Beauty,Skincare Set,5,75000,0.05,356250.0,1500,USSD,Mobile App,Completed,Delayed,6.0,4.0,NO
CUST02171,ORD002171,PRD0004,2348079884779,Customer 2171,Male,,Benin City,South South,Premium,2024-07-28,Home & Kitchen,Air Fryer,5,40000,0.15,170000.0,1500,Bank Transfer,,Pending,,12.0,3.0,
CUST02172,ORD002172,PRD0019,2348035977643,Customer 2172,,18-25,Enugu,South East,Occasional,2025-04-09,Electronics,Wireless Earbuds,1,40000,0.2,32000.0,3500,Bank Transfer,Store,,In Transit,13.0,5.0,Yes
CUST02173,ORD002173,PRD0029,2348032075785,Customer 2173, m ,60+,Enugu,South East,Regular,2024-09-01,Electronics,Smartphone,4,15000,0.05,57000.0,3500,Bank Transfer,Instagram,Returned,Delivered,14.0,4.0,Yes
CUST02174,ORD002174,PRD0004,2348026593367,Customer 2174,Male,26-35,Benin City,South South,Occasional,2024-10-20,Fashion,Jeans,1,120000,0.15,102000.0,1000,USSD,Mobile App,COMPLETED,delivered,1.0,5.0,No
CUST02175,ORD002175,PRD0017,2348040405657, Customer 2175 ,,36-45,Enugu,South East,Premium,2024-01-28,Sports,Yoga Mat,3,75000,0.1,202500.0,1500,CARD,Store,Cancelled,DELIVERED,11.0,4.0,No
CUST02176,ORD002176,PRD0004,2348084487954,Customer 2176,Male,,Lagos,South West,Regular,2026-01-02,Sports,Gym Bag,4,75000,0.05,285000.0,0,Cash on Delivery,Website,Completed,delivered,6.0,5.0,yes
CUST02177,ORD002177,PRD0015,2348038366152,Customer 2177,Female,,Ibadan,South West,Business,2024-11-22,Sports,Football,5,40000,0.15,170000.0,2500,Bank Transfer,Instagram,,,4.0,3.0,No
CUST02178,ORD002178,PRD0011,2348065755939,Customer 2178,male,,Lagos,South West,REGULAR,2025-02-17,Fashion,Shirt,1,25000,0.1,22500.0,1500,CARD,Store,Completed,Delivered,6.0,5.0,yes
CUST02179,ORD002179,PRD0019,2348088898515,Customer 2179,M,26-35,Kaduna,North West,premium ,2025-09-23,Electronics,Laptop,4,7500,0.0,30000.0,1500,Cash on Delivery,Instagram,COMPLETED,In Transit,4.0,4.0,NO
CUST02180,ORD002180,PRD0009,2348084294029,Customer 2180,FEMALE,26-35,Kaduna,North West,Occasional,2024-10-19,Beauty,Hair Dryer,5,5000,0.05,23750.0,1000,Bank Transfer,Mobile App,COMPLETED,,1.0,2.0,yes
CUST02181,ORD002181,PRD0016,2348065803444,Customer 2181,female,36-45,Enugu,South East,Premium,2024-07-11,Groceries,Rice,3,7500,0.05,21375.0,2500,Bank Transfer,Store,Pending,Returned,1.0,,Yes
CUST02182,ORD002182,PRD0010,2348019404883,Customer 2182,,26-35,Abuja,North Central,Regular,2026-02-08,Sports,Football,4,5000,0.1,18000.0,0,Bank Transfer,website,cancelled,delivered,8.0,5.0,yes
CUST02183,ORD002183,PRD0002,2348042437200,Customer 2183,Female,,Benin City,South South,Regular,2026-08-07,Beauty,Hair Dryer,5,75000,0.1,337500.0,1000,Wallet,Website,Completed,delivered,11.0,3.0,No
CUST02184,ORD002184,PRD0009,2348058132459,Customer 2184,Male,,Kano,North West,Business,2025-06-12,Electronics,Smart TV,1,15000,0.2,12000.0,0,Bank Transfer,Marketplace,pending,Delivered,3.0,5.0,NO
CUST02185,ORD002185,PRD0003,2348085726708,Customer 2185,Female,18-25,Ibadan,South West,Occasional,2024-09-02,Beauty,Perfume,3,40000,0.15,102000.0,1500,Wallet,Mobile App,completed,Delivered,10.0,,No
CUST02186,ORD002186,PRD0020,2348021000127,Customer 2186, f ,,Port Harcourt,South South,,2026-07-27,Groceries,Cereal,2,75000,0.05,142500.0,1500,Bank Transfer,,COMPLETED,In Transit,11.0,4.0,NO
CUST02187,ORD002187,PRD0021,2348067787073,Customer 2187,M,,Kaduna,North West,Premium,2024-01-14,Beauty,Makeup Kit,1,120000,0.05,114000.0,0,,Store,cancelled,Delivered,14.0,4.0,Yes
CUST02188,ORD002188,PRD0022,2348077258405,Customer 2188,Male,18-25,Abuja,North Central,Premium,2026-04-04,Groceries,Cereal,5,3500,0.15,14875.0,0,CARD,,Cancelled,Delivered,3.0,4.0,No
CUST02189,ORD002189,PRD0019,2348094610979,Customer 2189,Male,36-45,Benin City,South South,Occasional,2025-01-18,Groceries,Cereal,3,25000,0.2,60000.0,2500,Cash on Delivery,Marketplace,pending,DELIVERED,,5.0,No
CUST02190,ORD002190,PRD0004,2348028528013,Customer 2190,F,,Benin City,South South,REGULAR,2026-04-18,Beauty,Makeup Kit,2,40000,0.0,80000.0,1000,Bank Transfer,,Cancelled,Delayed,8.0,,No
CUST02191,ORD002191,PRD0026,2348019633609,Customer 2191,,26-35,Kaduna,North West,Premium,2024-11-15,Sports,Yoga Mat,5,3500,0.05,16625.0,1000,CARD,Mobile App,cancelled,Delivered,8.0,4.0,Yes
CUST02192,ORD002192,PRD0004,2348080755977,Customer 2192,,26-35,Abuja,North Central,Premium,2025-11-13,Electronics,Laptop,5,7500,0.15,31875.0,0,,Marketplace,Completed,In Transit,12.0,5.0,yes
CUST02193,ORD002193,PRD0016,2348084532572,Customer 2193,Male,,Kaduna,North West,,2024-12-16,Beauty,Hair Dryer,3,120000,0.15,306000.0,1000,Card,mobile app,Cancelled,Returned,11.0,4.0,No
CUST02194,ORD002194,PRD0014,2348041416198,Customer 2194, f ,18-25,Benin City,South South,Premium,2025-05-10,Sports,Yoga Mat,3,5000,0.2,12000.0,2500,Card,Instagram,Returned,Delivered,10.0,5.0,Yes
CUST02195,ORD002195,PRD0006,2348065000572,Customer 2195,Male,18-25,Abuja,North Central,Regular,2024-06-12,Home & Kitchen,Blender,4,15000,0.1,54000.0,2500,Wallet,,Returned,Delayed,13.0,4.0,Yes
CUST02196,ORD002196,PRD0017,2348099830314,Customer 2196,male,46-60,Lagos,South West,REGULAR,2025-03-01,Groceries,Cereal,4,25000,0.1,90000.0,3500,,Store,Cancelled,Delivered,10.0,,No
CUST02197,ORD002197,PRD0010,2348043164406,Customer 2197,female,36-45,Port Harcourt,South South,,2026-02-14,Sports,Football,1,75000,0.0,75000.0,1500,USSD,Website,Completed,Delivered,11.0,4.0,No
CUST02198,ORD002198,PRD0023,2348073606666,Customer 2198,MALE,18-25,Abuja,North Central,Premium,2025-07-27,Home & Kitchen,Cookware Set,2,120000,0.15,204000.0,0,USSD,Store,cancelled,In Transit,3.0,3.0,
CUST02199,ORD002199,PRD0008,2348070635247,Customer 2199,Female,26-35,Abuja,North Central,Regular,2025-05-11,Beauty,Skincare Set,3,3500,0.05,9975.0,1000,Cash on Delivery,,completed,DELIVERED,9.0,4.0,
CUST02200,ORD002200,PRD0014,2348099869834, Customer 2200 ,Female,60+,Port Harcourt,South South,Regular,2024-07-17,Home & Kitchen,Air Fryer,4,25000,0.1,90000.0,3500,Bank Transfer,website,,Delivered,5.0,3.0,NO
CUST02201,ORD002201,PRD0006,2348086022388,Customer 2201,Male,,Enugu,South East,Regular,2025-12-17,Beauty,Skincare Set,3,40000,0.15,102000.0,3500,,Marketplace,cancelled,Delivered,7.0,4.0,NO
CUST02202,ORD002202,PRD0004,2348057436609,Customer 2202,Male,26-35,Lagos,South West,Premium,2024-02-24,Electronics,Wireless Earbuds,3,25000,0.15,63750.0,1500,Card,Website,Completed,Returned,2.0,,No
CUST02203,ORD002203,PRD0020,2348094378712,Customer 2203,Male,36-45,Kaduna,North West,Premium,2025-08-20,Electronics,Smart TV,4,25000,0.2,80000.0,2500,Wallet,website,completed,DELIVERED,8.0,5.0,
CUST02204,ORD002204,PRD0018,2348095618613,Customer 2204,,18-25,Kano,North West,Occasional,2025-09-07,Electronics,Smartphone,2,10000,0.15,17000.0,0,Card,website,Cancelled,Returned,12.0,4.0,No
CUST02205,ORD002205,PRD0009,2348061147674,Customer 2205,male,18-25,Ibadan,South West,REGULAR,2025-06-07,Groceries,Rice,5,3500,0.2,14000.0,0,,mobile app,Pending,In Transit,1.0,,
CUST02206,ORD002206,PRD0014,2348046710703,Customer 2206,Female,18-25,Benin City,South South,Occasional,2026-05-18,Groceries,Beverage Pack,5,7500,0.05,35625.0,0,Wallet,Website,completed,delivered,11.0,5.0,
CUST02207,ORD002207,PRD0014,2348093607204,Customer 2207,Female,,Lagos,South West,Regular,2026-03-17,Beauty,Skincare Set,2,15000,0.2,24000.0,1000,Card,Store,cancelled,Delivered,10.0,4.0,No
CUST02208,ORD002208,PRD0022,2348089008606,Customer 2208,M,26-35,Abuja,North Central,Regular,2024-02-06,Fashion,Sneakers,3,25000,0.1,67500.0,2500,USSD,Mobile App,completed,Delivered,6.0,2.0,No
CUST02209,ORD002209,PRD0014,2348094247553,Customer 2209,Female,46-60,Port Harcourt,South South,,2024-06-02,Home & Kitchen,Vacuum Cleaner,1,75000,0.0,75000.0,3500,Bank Transfer,Instagram,pending,Delivered,13.0,4.0,Yes
CUST02210,ORD002210,PRD0025,2348043273479,Customer 2210,MALE,18-25,Enugu,South East,Occasional,2026-01-19,Home & Kitchen,Vacuum Cleaner,1,10000,0.05,9500.0,0,Card,Instagram,Completed,Delayed,6.0,,No
CUST02211,ORD002211,PRD0023,2348033085343,Customer 2211,Female,60+,Kaduna,North West,Regular,2025-04-19,Groceries,Cereal,1,3500,0.0,3500.0,2500,Wallet,Store,completed,Delivered,4.0,2.0,
CUST02212,ORD002212,PRD0022,2348094399987,Customer 2212,M,26-35,Lagos,South West,Regular,2026-02-05,Groceries,Cereal,4,75000,0.2,240000.0,1000,Bank Transfer,Instagram,completed,DELIVERED,,2.0,No
CUST02213,ORD002213,PRD0021,2348058652367,Customer 2213,male,,Lagos,South West,Occasional,2025-03-19,Fashion,Shirt,4,10000,0.1,36000.0,3500,Cash on Delivery,Mobile App,Pending,Delivered,10.0,5.0,No
CUST02214,ORD002214,PRD0020,2348065354884,Customer 2214,Female,26-35,Ibadan,South West,Occasional,2024-05-17,Fashion,Handbag,3,75000,0.15,191250.0,1500,CARD,Instagram,,delivered,10.0,4.0,
CUST02215,ORD002215,PRD0013,2348071413650,Customer 2215,,26-35,Ibadan,South West,Premium,2026-07-03,Home & Kitchen,Blender,5,5000,0.2,20000.0,1500,,Mobile App,Completed,Delayed,11.0,5.0,Yes
CUST02216,ORD002216,PRD0008,2348097806785,Customer 2216, m ,60+,Port Harcourt,South South,Regular,2024-09-02,Electronics,Laptop,1,15000,0.0,15000.0,1000,Card,Store,cancelled,,11.0,3.0,
CUST02217,ORD002217,PRD0009,2348097799840,Customer 2217,Male,36-45,Kano,North West,Business,2026-04-10,Sports,Yoga Mat,2,7500,0.1,13500.0,0,Wallet,Marketplace,,Delayed,7.0,4.0,No
CUST02218,ORD002218,PRD0005,2348067210033,Customer 2218, f ,60+,Enugu,South East,Regular,2024-11-14,Home & Kitchen,Air Fryer,2,120000,0.2,192000.0,2500,Cash on Delivery,mobile app,pending,Delayed,1.0,5.0,No
CUST02219,ORD002219,PRD0030,2348089334619,Customer 2219,Female,18-25,Kaduna,North West,,2026-06-19,Home & Kitchen,Air Fryer,3,75000,0.1,202500.0,1000,bank transfer,Store,Completed,Delivered,8.0,5.0,No
CUST02220,ORD002220,PRD0006,2348086434303,Customer 2220,female,,Benin City,South South,Premium,2026-06-14,Electronics,Smartphone,2,120000,0.05,228000.0,0,USSD,Website,cancelled,delivered,3.0,4.0,No
CUST02221,ORD002221,PRD0013,2348066066412,Customer 2221,Female,26-35,Ibadan,South West,Regular,2026-06-01,Beauty,Skincare Set,2,15000,0.15,25500.0,3500,Bank Transfer,Mobile App,Completed,Delivered,6.0,4.0,No
CUST02222,ORD002222,PRD0021,2348052984216,Customer 2222,Female,,Kano,North West,,2025-05-26,Beauty,Makeup Kit,3,10000,0.15,25500.0,3500,Bank Transfer,Marketplace,,In Transit,6.0,5.0,
CUST02223,ORD002223,PRD0008,2348039176255,Customer 2223,F,,Ibadan,South West,Occasional,2025-03-15,Electronics,Smart TV,4,75000,0.15,255000.0,3500,bank transfer,Instagram,Completed,Delivered,8.0,4.0,
CUST02224,ORD002224,PRD0021,2348073273619,Customer 2224,,36-45,Ibadan,South West,Premium,2024-06-10,Fashion,Handbag,1,75000,0.2,60000.0,2500,Bank Transfer,Website,,delivered,11.0,,No
CUST02225,ORD002225,PRD0004,2348099335874, Customer 2225 ,Male,46-60,Ibadan,South West,Occasional,2024-01-29,Fashion,Jeans,3,25000,0.2,60000.0,2500,,Store,Cancelled,Delayed,13.0,4.0,No
CUST02226,ORD002226,PRD0021,2348025765694,Customer 2226,Male,36-45,Kano,North West,REGULAR,2024-05-27,Sports,Running Shoes,1,25000,0.0,25000.0,1000,USSD,Mobile App,,,6.0,4.0,yes
CUST02227,ORD002227,PRD0015,2348041971128,Customer 2227, f ,,Lagos,South West,Occasional,2026-06-23,Fashion,Jeans,4,15000,0.0,60000.0,1000,Cash on Delivery,Instagram,pending,In Transit,1.0,1.0,No
CUST02228,ORD002228,PRD0025,2348012189252,Customer 2228,Male,,Enugu,South East,Business,2026-02-12,Electronics,Wireless Earbuds,2,120000,0.2,192000.0,1000,Bank Transfer,Website,Returned,,7.0,5.0,Yes
CUST02229,ORD002229,PRD0029,2348069000083,Customer 2229,Female,36-45,Kaduna,North West,Regular,2024-08-17,Groceries,Rice,1,7500,0.1,6750.0,1000,USSD,,cancelled,delivered,14.0,4.0,
CUST02230,ORD002230,PRD0027,2348062026802,Customer 2230,Female,18-25,Ibadan,South West,Occasional,2024-01-02,Sports,Running Shoes,5,25000,0.05,118750.0,1500,Card,Website,Pending,In Transit,8.0,4.0,Yes
CUST02231,ORD002231,PRD0012,2348022356051,Customer 2231,Male,60+,Kaduna,North West,Occasional,2024-04-09,Electronics,Laptop,2,25000,0.0,50000.0,1000,Wallet,Mobile App,,,10.0,2.0,
CUST02232,ORD002232,PRD0025,2348058715923,Customer 2232,MALE,60+,Abuja,North Central,,2024-05-24,Electronics,Wireless Earbuds,4,10000,0.2,32000.0,2500,CARD,,Cancelled,In Transit,7.0,5.0,
CUST02233,ORD002233,PRD0027,2348053901777,Customer 2233,Female,60+,Kaduna,North West,Regular,2025-03-15,Beauty,Skincare Set,4,75000,0.05,285000.0,1000,USSD,Marketplace,pending,Returned,2.0,5.0,Yes
CUST02234,ORD002234,PRD0013,2348057961107,Customer 2234,F,46-60,Benin City,South South,Business,2024-08-31,Sports,Gym Bag,3,7500,0.0,22500.0,1500,Wallet,Store,,Delivered,1.0,4.0,No
CUST02235,ORD002235,PRD0007,2348050992560,Customer 2235,Male,26-35,Benin City,South South,Business,2025-05-16,Groceries,Rice,4,25000,0.15,85000.0,0,Bank Transfer,Website,pending,Returned,2.0,4.0,
CUST02236,ORD002236,PRD0028,2348053659400,Customer 2236,Male,46-60,Lagos,South West,premium ,2026-07-04,Groceries,Rice,5,40000,0.1,180000.0,0,Card,Website,COMPLETED,,9.0,1.0,No
CUST02237,ORD002237,PRD0007,2348087212956,Customer 2237,Male,46-60,Ibadan,South West,Premium,2024-11-26,Sports,Yoga Mat,5,3500,0.1,15750.0,2500,Card,Mobile App,completed,In Transit,4.0,4.0,Yes
CUST02238,ORD002238,PRD0025,2348029176716,Customer 2238,Male,18-25,Kano,North West,Premium,2025-04-15,Home & Kitchen,Vacuum Cleaner,2,5000,0.1,9000.0,0,Bank Transfer,,,,11.0,5.0,No
CUST02239,ORD002239,PRD0023,2348033002095,Customer 2239,,36-45,Port Harcourt,South South,Occasional,2024-10-23,Groceries,Rice,4,25000,0.0,100000.0,1500,Wallet,,Pending,DELIVERED,7.0,5.0,No
CUST02240,ORD002240,PRD0028,2348054147060,Customer 2240,M,36-45,Kaduna,North West,premium ,2026-05-26,Sports,Running Shoes,5,15000,0.05,71250.0,2500,,Store,Completed,delivered,4.0,5.0,
CUST02241,ORD002241,PRD0027,2348098342181,Customer 2241,Female,18-25,Kano,North West,Business,2025-11-20,Home & Kitchen,Air Fryer,3,75000,0.0,225000.0,1500,USSD,Instagram,completed,delivered,,5.0,yes
CUST02242,ORD002242,PRD0019,2348020570096,Customer 2242,Female,26-35,Ibadan,South West,Regular,2024-06-28,Fashion,Sneakers,3,5000,0.15,12750.0,3500,Bank Transfer,Instagram,Completed,delivered,13.0,4.0,
CUST02243,ORD002243,PRD0028,2348041492407,Customer 2243,,46-60,Benin City,South South,Regular,2026-07-07,Sports,Running Shoes,5,75000,0.0,375000.0,1000,Bank Transfer,Mobile App,completed,delivered,2.0,5.0,Yes
CUST02244,ORD002244,PRD0022,2348073347215,Customer 2244,Male,26-35,Benin City,South South,Occasional,2025-02-16,Home & Kitchen,Vacuum Cleaner,2,7500,0.1,13500.0,0,,Website,completed,Delayed,7.0,4.0,NO
CUST02245,ORD002245,PRD0012,2348049072205,Customer 2245,M,60+,Kano,North West,Premium,2025-12-29,Beauty,Skincare Set,3,3500,0.0,10500.0,0,Card,Website,Completed,Delivered,10.0,4.0,No
CUST02246,ORD002246,PRD0012,2348022281980,Customer 2246,Female,60+,Benin City,South South,Premium,2026-01-07,Home & Kitchen,Cookware Set,5,7500,0.2,30000.0,0,Card,Mobile App,completed,,9.0,3.0,No
CUST02247,ORD002247,PRD0028,2348046819507,Customer 2247,Female,36-45,Enugu,South East,Regular,2026-02-13,Home & Kitchen,Vacuum Cleaner,5,7500,0.0,37500.0,1500,Cash on Delivery,Marketplace,pending,In Transit,7.0,4.0,No
CUST02248,ORD002248,PRD0003,2348073398257,Customer 2248,Male,26-35,Ibadan,South West,Regular,2026-06-22,Electronics,Wireless Earbuds,4,3500,0.2,11200.0,1000,Cash on Delivery,Mobile App,cancelled,Delivered,4.0,5.0,yes
CUST02249,ORD002249,PRD0022,2348026060746,Customer 2249,,46-60,Lagos,South West,Regular,2025-06-03,Sports,Football,2,3500,0.2,5600.0,3500,Wallet,Website,cancelled,Delivered,13.0,2.0,No
CUST02250,ORD002250,PRD0006,2348094063146, Customer 2250 ,Male,26-35,Ibadan,South West,Premium,2025-04-12,Beauty,Skincare Set,4,120000,0.2,384000.0,3500,Cash on Delivery,,cancelled,,7.0,5.0,No
CUST02251,ORD002251,PRD0027,2348088281911,Customer 2251,female,46-60,Ibadan,South West,,2026-07-04,Home & Kitchen,Air Fryer,5,25000,0.15,106250.0,3500,Card,Instagram,cancelled,Returned,11.0,,Yes
CUST02252,ORD002252,PRD0012,2348060082733,Customer 2252,male,18-25,Ibadan,South West,Regular,2024-01-01,Home & Kitchen,Air Fryer,5,5000,0.2,20000.0,2500,USSD,Instagram,,,6.0,4.0,Yes
CUST02253,ORD002253,PRD0009,2348017750219,Customer 2253,,46-60,Ibadan,South West,Business,2024-08-01,Home & Kitchen,Cookware Set,4,120000,0.1,432000.0,2500,Card,Store,Returned,Delivered,7.0,5.0,yes
CUST02254,ORD002254,PRD0015,2348051434786,Customer 2254,,18-25,Ibadan,South West,Regular,2025-11-09,Beauty,Perfume,3,10000,0.0,30000.0,0,bank transfer,Website,,In Transit,14.0,4.0,Yes
CUST02255,ORD002255,PRD0022,2348042729309,Customer 2255,,18-25,Abuja,North Central,Premium,2025-08-24,Beauty,Makeup Kit,2,10000,0.2,16000.0,1500,Cash on Delivery,Store,COMPLETED,Delivered,1.0,,NO
CUST02256,ORD002256,PRD0018,2348080009662,Customer 2256,FEMALE,18-25,Benin City,South South,Regular,2025-05-12,Groceries,Beverage Pack,1,10000,0.2,8000.0,2500,,Mobile App,Cancelled,Delivered,5.0,4.0,No
CUST02257,ORD002257,PRD0014,2348054196440,Customer 2257,Male,36-45,Abuja,North Central,premium ,2025-02-15,Fashion,Shirt,5,7500,0.05,35625.0,2500,USSD,Website,Cancelled,Delayed,6.0,4.0,Yes
CUST02258,ORD002258,PRD0013,2348095776621,Customer 2258,,36-45,Ibadan,South West,Premium,2025-12-23,Groceries,Rice,1,40000,0.05,38000.0,3500,CARD,Marketplace,Pending,,3.0,4.0,NO
CUST02259,ORD002259,PRD0026,2348020167937,Customer 2259,,60+,Kano,North West,Regular,2025-07-11,Home & Kitchen,Cookware Set,1,3500,0.15,2975.0,1500,Bank Transfer,Instagram,Cancelled,Delivered,7.0,5.0,yes
CUST02260,ORD002260,PRD0014,2348027987405,Customer 2260,Male,60+,Abuja,North Central,Premium,2024-07-25,Beauty,Skincare Set,4,120000,0.0,480000.0,1500,USSD,Mobile App,Completed,,5.0,5.0,Yes
CUST02261,ORD002261,PRD0007,2348075867389,Customer 2261,Male,36-45,Ibadan,South West,Business,2025-03-28,Beauty,Makeup Kit,1,15000,0.05,14250.0,0,,website,Pending,DELIVERED,3.0,5.0,No
CUST02262,ORD002262,PRD0030,2348043823420,Customer 2262,,46-60,Kaduna,North West,Premium,2025-04-21,Sports,Running Shoes,5,15000,0.1,67500.0,3500,Cash on Delivery,Store,Completed,DELIVERED,3.0,4.0,No
CUST02263,ORD002263,PRD0021,2348090926157,Customer 2263,Female,26-35,Port Harcourt,South South,premium ,2025-05-14,Groceries,Beverage Pack,3,75000,0.1,202500.0,1000,Card,mobile app,Pending,delivered,11.0,3.0,NO
CUST02264,ORD002264,PRD0020,2348068364469,Customer 2264, m ,,Ibadan,South West,Regular,2024-08-26,Home & Kitchen,Vacuum Cleaner,4,15000,0.2,48000.0,1000,Cash on Delivery,Website,Returned,Delivered,,3.0,
CUST02265,ORD002265,PRD0014,2348050311955,Customer 2265,male,46-60,Enugu,South East,Regular,2026-08-08,Sports,Running Shoes,1,15000,0.15,12750.0,0,Bank Transfer,Marketplace,Pending,DELIVERED,8.0,4.0,Yes
CUST02266,ORD002266,PRD0018,2348076242792,Customer 2266,,26-35,Abuja,North Central,Occasional,2024-04-02,Sports,Gym Bag,4,5000,0.15,17000.0,0,Cash on Delivery,Store,Cancelled,Delivered,6.0,2.0,
CUST02267,ORD002267,PRD0028,2348038740603,Customer 2267,F,26-35,Lagos,South West,Premium,2026-04-10,Groceries,Rice,3,75000,0.0,225000.0,1500,CARD,Store,cancelled,Delayed,4.0,,yes
CUST02268,ORD002268,PRD0024,2348088340862,Customer 2268, f ,36-45,Enugu,South East,Business,2025-03-21,Beauty,Perfume,4,120000,0.0,480000.0,0,Card,website,COMPLETED,Delivered,10.0,4.0,NO
CUST02269,ORD002269,PRD0004,2348091740109,Customer 2269,Male,36-45,Lagos,South West,Regular,2026-07-09,Fashion,Sneakers,2,3500,0.15,5950.0,0,Bank Transfer,Instagram,Completed,DELIVERED,6.0,,Yes
CUST02270,ORD002270,PRD0028,2348075623573,Customer 2270,Male,26-35,Kano,North West,Premium,2025-04-02,Groceries,Beverage Pack,3,5000,0.2,12000.0,1000,Card,,,In Transit,1.0,5.0,No
CUST02271,ORD002271,PRD0014,2348022687149,Customer 2271,Male,46-60,Port Harcourt,South South,Premium,2026-05-07,Home & Kitchen,Air Fryer,2,7500,0.0,15000.0,1000,Card,Website,Completed,Delivered,3.0,5.0,
CUST02272,ORD002272,PRD0024,2348010211467,Customer 2272, m ,18-25,Enugu,South East,Occasional,2025-04-10,Beauty,Makeup Kit,2,40000,0.2,64000.0,1000,Bank Transfer,website,completed,Returned,6.0,4.0,No
CUST02273,ORD002273,PRD0005,2348093208152,Customer 2273,F,36-45,Kaduna,North West,Premium,2024-05-30,Home & Kitchen,Blender,5,10000,0.1,45000.0,1000,bank transfer,Website,Completed,DELIVERED,13.0,5.0,No
CUST02274,ORD002274,PRD0011,2348040228547,Customer 2274,Female,46-60,Kano,North West,Regular,2025-03-22,Groceries,Cereal,4,75000,0.0,300000.0,0,Cash on Delivery,Store,pending,Delivered,2.0,4.0,No
CUST02275,ORD002275,PRD0001,2348057801176, Customer 2275 , m ,18-25,Kano,North West,Regular,2025-10-03,Home & Kitchen,Blender,1,75000,0.0,75000.0,2500,CARD,Store,completed,delivered,7.0,2.0,No
CUST02276,ORD002276,PRD0022,2348077502499,Customer 2276,,,Port Harcourt,South South,Regular,2026-01-27,Home & Kitchen,Cookware Set,1,10000,0.05,9500.0,1000,USSD,mobile app,Pending,Returned,3.0,4.0,No
CUST02277,ORD002277,PRD0008,2348045863862,Customer 2277,male,46-60,Abuja,North Central,Premium,2024-10-05,Sports,Gym Bag,3,75000,0.05,213750.0,1500,USSD,Store,Completed,Delayed,5.0,4.0,
CUST02278,ORD002278,PRD0011,2348023858785,Customer 2278,,,Kaduna,North West,premium ,2025-09-11,Groceries,Beverage Pack,4,5000,0.05,19000.0,2500,Cash on Delivery,Store,Cancelled,In Transit,6.0,5.0,
CUST02279,ORD002279,PRD0007,2348011412864,Customer 2279,,18-25,Enugu,South East,Regular,2024-03-02,Fashion,Shirt,4,5000,0.0,20000.0,3500,Bank Transfer,Store,COMPLETED,delivered,14.0,5.0,yes
CUST02280,ORD002280,PRD0011,2348039673707,Customer 2280,Male,60+,Enugu,South East,Premium,2026-03-29,Beauty,Skincare Set,3,10000,0.05,28500.0,0,Cash on Delivery,Website,,Delivered,5.0,1.0,Yes
CUST02281,ORD002281,PRD0022,2348016817805,Customer 2281, m ,18-25,Kano,North West,Premium,2025-06-28,Sports,Football,1,75000,0.2,60000.0,2500,bank transfer,Store,,Delivered,,4.0,No
CUST02282,ORD002282,PRD0001,2348089633793,Customer 2282,MALE,46-60,Benin City,South South,Premium,2025-10-16,Electronics,Wireless Earbuds,4,5000,0.1,18000.0,1500,Card,Store,Completed,In Transit,,3.0,No
CUST02283,ORD002283,PRD0005,2348033547107,Customer 2283,FEMALE,46-60,Abuja,North Central,,2026-04-02,Sports,Running Shoes,5,25000,0.05,118750.0,0,USSD,website,Completed,Returned,12.0,4.0,No
CUST02284,ORD002284,PRD0008,2348082321127,Customer 2284, f ,36-45,Port Harcourt,South South,Regular,2025-06-09,Groceries,Cereal,4,10000,0.1,36000.0,2500,bank transfer,mobile app,Pending,Returned,12.0,3.0,
CUST02285,ORD002285,PRD0017,2348055803730,Customer 2285,,18-25,Kano,North West,REGULAR,2024-04-20,Sports,Running Shoes,3,120000,0.05,342000.0,2500,Cash on Delivery,Website,Pending,Returned,,5.0,No
CUST02286,ORD002286,PRD0028,2348047190171,Customer 2286,Female,46-60,Enugu,South East,Business,2025-11-02,Electronics,Smart TV,3,120000,0.0,360000.0,2500,USSD,Marketplace,cancelled,,10.0,5.0,Yes
CUST02287,ORD002287,PRD0005,2348025324466,Customer 2287, m ,46-60,Kaduna,North West,Regular,2026-01-08,Groceries,Beverage Pack,5,25000,0.0,125000.0,2500,Cash on Delivery,Website,pending,Delivered,3.0,4.0,yes
CUST02288,ORD002288,PRD0022,2348061015821,Customer 2288,Female,46-60,Abuja,North Central,Regular,2025-05-30,Sports,Yoga Mat,1,120000,0.05,114000.0,1500,Cash on Delivery,Store,Completed,delivered,4.0,5.0,Yes
CUST02289,ORD002289,PRD0020,2348018959781,Customer 2289,Male,18-25,Kano,North West,Regular,2025-05-30,Groceries,Cereal,5,75000,0.2,300000.0,1000,Card,Instagram,,Delivered,8.0,5.0,yes
CUST02290,ORD002290,PRD0029,2348099420027,Customer 2290,Male,18-25,Kano,North West,Premium,2026-05-05,Home & Kitchen,Cookware Set,4,40000,0.15,136000.0,3500,Bank Transfer,website,Completed,In Transit,10.0,5.0,NO
CUST02291,ORD002291,PRD0020,2348051125778,Customer 2291,,36-45,Lagos,South West,Premium,2024-06-05,Home & Kitchen,Cookware Set,3,5000,0.15,12750.0,1500,Bank Transfer,Store,,Returned,,,Yes
CUST02292,ORD002292,PRD0018,2348079516303,Customer 2292,Male,36-45,Port Harcourt,South South,Business,2025-08-27,Beauty,Skincare Set,2,3500,0.05,6650.0,3500,Bank Transfer,mobile app,completed,Delayed,,1.0,yes
CUST02293,ORD002293,PRD0016,2348063795048,Customer 2293,,46-60,Lagos,South West,Regular,2025-12-20,Sports,Yoga Mat,5,3500,0.1,15750.0,1500,Bank Transfer,Marketplace,completed,,1.0,3.0,
CUST02294,ORD002294,PRD0017,2348015219338,Customer 2294,male,,Kaduna,North West,Business,2026-05-08,Beauty,Skincare Set,2,5000,0.05,9500.0,2500,Cash on Delivery,mobile app,Cancelled,Delivered,5.0,4.0,Yes
CUST02295,ORD002295,PRD0005,2348021313397,Customer 2295,FEMALE,36-45,Port Harcourt,South South,Regular,2024-10-11,Beauty,Hair Dryer,4,5000,0.15,17000.0,2500,Cash on Delivery,Marketplace,Completed,,5.0,,No
CUST02296,ORD002296,PRD0011,2348066486190,Customer 2296,Male,,Kaduna,North West,Regular,2025-01-17,Groceries,Cooking Oil,3,25000,0.15,63750.0,1000,,,cancelled,In Transit,4.0,5.0,Yes
CUST02297,ORD002297,PRD0009,2348088665064,Customer 2297,Male,,Port Harcourt,South South,premium ,2025-03-16,Beauty,Perfume,5,25000,0.0,125000.0,1500,USSD,,completed,In Transit,12.0,5.0,Yes
CUST02298,ORD002298,PRD0015,2348096359772,Customer 2298,Male,36-45,Abuja,North Central,Occasional,2024-07-27,Groceries,Cereal,1,10000,0.0,10000.0,2500,Cash on Delivery,Website,COMPLETED,In Transit,6.0,4.0,
CUST02299,ORD002299,PRD0019,2348062300481,Customer 2299,M,26-35,Kano,North West,Occasional,2025-12-15,Fashion,Handbag,3,15000,0.1,40500.0,1500,Card,Instagram,Returned,Returned,14.0,,NO
CUST02300,ORD002300,PRD0019,2348066696613, Customer 2300 ,Female,36-45,Ibadan,South West,Premium,2026-05-21,Groceries,Cereal,2,120000,0.15,204000.0,3500,Wallet,Website,Pending,In Transit,10.0,4.0,Yes
CUST02301,ORD002301,PRD0008,2348083484500,Customer 2301,Male,18-25,Lagos,South West,Premium,2025-07-06,Beauty,Perfume,5,25000,0.05,118750.0,3500,Cash on Delivery,Instagram,Pending,Returned,7.0,2.0,
CUST02302,ORD002302,PRD0026,2348043783411,Customer 2302,,36-45,Lagos,South West,Occasional,2025-07-28,Home & Kitchen,Air Fryer,5,15000,0.2,60000.0,1500,USSD,Website,cancelled,delivered,13.0,5.0,No
CUST02303,ORD002303,PRD0017,2348069603850,Customer 2303, m ,,Benin City,South South,Regular,2024-07-22,Home & Kitchen,Air Fryer,3,15000,0.15,38250.0,3500,Cash on Delivery,Instagram,cancelled,,13.0,4.0,
CUST02304,ORD002304,PRD0003,2348076636819,Customer 2304,male,26-35,Ibadan,South West,Regular,2024-01-10,Groceries,Beverage Pack,5,5000,0.2,20000.0,0,USSD,website,Cancelled,delivered,9.0,1.0,Yes
CUST02305,ORD002305,PRD0004,2348069268549,Customer 2305,Female,18-25,Port Harcourt,South South,Premium,2024-04-15,Sports,Running Shoes,3,40000,0.05,114000.0,2500,Bank Transfer,Mobile App,Completed,Delivered,3.0,,Yes
CUST02306,ORD002306,PRD0008,2348089027060,Customer 2306,Female,18-25,Ibadan,South West,premium ,2025-12-02,Beauty,Makeup Kit,5,7500,0.1,33750.0,2500,Wallet,Marketplace,Completed,Returned,12.0,3.0,No
CUST02307,ORD002307,PRD0010,2348060100048,Customer 2307,Male,,Kaduna,North West,Regular,2026-01-03,Electronics,Laptop,3,3500,0.1,9450.0,1500,Bank Transfer,Instagram,Cancelled,Returned,7.0,5.0,yes
CUST02308,ORD002308,PRD0021,2348015654896,Customer 2308,Male,18-25,Kaduna,North West,Occasional,2026-06-12,Sports,Gym Bag,5,10000,0.0,50000.0,1000,Cash on Delivery,Website,,Delivered,5.0,4.0,NO
CUST02309,ORD002309,PRD0012,2348028936972,Customer 2309,Male,36-45,Kano,North West,Regular,2026-03-21,Home & Kitchen,Cookware Set,2,15000,0.0,30000.0,2500,Bank Transfer,Mobile App,Completed,,6.0,3.0,Yes
CUST02310,ORD002310,PRD0012,2348063744139,Customer 2310,,60+,Kaduna,North West,Occasional,2026-08-14,Fashion,Shirt,1,25000,0.05,23750.0,2500,Card,Mobile App,,delivered,4.0,4.0,Yes
CUST02311,ORD002311,PRD0006,2348049734135,Customer 2311,F,26-35,Kaduna,North West,Regular,2026-05-15,Electronics,Laptop,2,75000,0.1,135000.0,1000,Bank Transfer,Mobile App,,Delayed,,4.0,Yes
CUST02312,ORD002312,PRD0027,2348041560773,Customer 2312,,46-60,Benin City,South South,,2026-03-24,Home & Kitchen,Blender,2,10000,0.2,16000.0,2500,Card,Marketplace,Completed,Delivered,12.0,1.0,NO
CUST02313,ORD002313,PRD0025,2348060880441,Customer 2313,Female,18-25,Abuja,North Central,Premium,2025-03-05,Groceries,Rice,1,10000,0.0,10000.0,1000,CARD,Mobile App,pending,In Transit,5.0,5.0,
CUST02314,ORD002314,PRD0022,2348044007076,Customer 2314,Male,36-45,Benin City,South South,Regular,2025-05-08,Electronics,Smartphone,3,120000,0.15,306000.0,3500,Wallet,Store,Completed,delivered,7.0,5.0,
CUST02315,ORD002315,PRD0025,2348092662057,Customer 2315,Female,46-60,Abuja,North Central,Regular,2024-12-29,Beauty,Makeup Kit,3,40000,0.1,108000.0,1500,CARD,Store,Cancelled,delivered,11.0,5.0,yes
CUST02316,ORD002316,PRD0011,2348044780684,Customer 2316,,26-35,Benin City,South South,Premium,2024-02-03,Fashion,Handbag,2,7500,0.05,14250.0,2500,bank transfer,Store,Cancelled,Delivered,1.0,4.0,Yes
CUST02317,ORD002317,PRD0001,2348023691386,Customer 2317, f ,46-60,Enugu,South East,,2025-11-06,Groceries,Beverage Pack,1,40000,0.0,40000.0,3500,bank transfer,Marketplace,Completed,Delayed,4.0,5.0,No
CUST02318,ORD002318,PRD0023,2348042682562,Customer 2318,Male,36-45,Abuja,North Central,Premium,2025-03-08,Fashion,Sneakers,4,7500,0.0,30000.0,0,Bank Transfer,Website,Returned,Delivered,1.0,,No
CUST02319,ORD002319,PRD0029,2348015742934,Customer 2319,Male,,Enugu,South East,Regular,2025-12-16,Home & Kitchen,Vacuum Cleaner,3,7500,0.15,19125.0,2500,Wallet,Marketplace,Completed,Delivered,11.0,4.0,yes
CUST02320,ORD002320,PRD0008,2348031272573,Customer 2320,Female,46-60,Kaduna,North West,Business,2025-04-20,Home & Kitchen,Blender,3,25000,0.1,67500.0,1500,Cash on Delivery,Website,Cancelled,Delivered,3.0,4.0,Yes
CUST02321,ORD002321,PRD0005,2348057060196,Customer 2321, m ,36-45,Lagos,South West,Regular,2025-09-29,Electronics,Wireless Earbuds,4,25000,0.1,90000.0,2500,bank transfer,website,Returned,Delivered,5.0,2.0,NO
CUST02322,ORD002322,PRD0021,2348080803932,Customer 2322,Male,36-45,Port Harcourt,South South,premium ,2024-06-03,Groceries,Rice,1,120000,0.15,102000.0,3500,Cash on Delivery,Mobile App,completed,Delayed,6.0,5.0,NO
CUST02323,ORD002323,PRD0003,2348063904160,Customer 2323,F,26-35,Ibadan,South West,premium ,2024-01-30,Home & Kitchen,Blender,1,75000,0.05,71250.0,1500,CARD,Mobile App,Completed,Delayed,,,No
CUST02324,ORD002324,PRD0019,2348051342717,Customer 2324,Female,26-35,Enugu,South East,Occasional,2026-05-31,Groceries,Rice,1,15000,0.15,12750.0,1000,Bank Transfer,Store,cancelled,delivered,14.0,4.0,NO
CUST02325,ORD002325,PRD0027,2348021082249, Customer 2325 ,F,26-35,Abuja,North Central,Regular,2024-06-05,Beauty,Skincare Set,5,15000,0.15,63750.0,3500,,Store,cancelled,Returned,,2.0,
CUST02326,ORD002326,PRD0015,2348054545789,Customer 2326,F,18-25,Kano,North West,Premium,2024-05-04,Sports,Running Shoes,2,15000,0.1,27000.0,0,USSD,Marketplace,COMPLETED,delivered,10.0,4.0,Yes
CUST02327,ORD002327,PRD0010,2348068800651,Customer 2327,Male,60+,Ibadan,South West,Regular,2025-09-21,Electronics,Wireless Earbuds,2,75000,0.05,142500.0,1500,Cash on Delivery,Instagram,pending,,1.0,4.0,yes
CUST02328,ORD002328,PRD0020,2348036873801,Customer 2328,M,26-35,Ibadan,South West,Premium,2026-04-08,Sports,Football,3,7500,0.1,20250.0,0,USSD,Instagram,Completed,DELIVERED,11.0,2.0,
CUST02329,ORD002329,PRD0026,2348014728932,Customer 2329,Male,26-35,Port Harcourt,South South,premium ,2026-02-19,Fashion,Jeans,5,10000,0.1,45000.0,0,bank transfer,website,Completed,delivered,9.0,4.0,Yes
CUST02330,ORD002330,PRD0014,2348095514580,Customer 2330,F,46-60,Enugu,South East,Premium,2024-01-16,Fashion,Jeans,1,75000,0.0,75000.0,1500,Card,Marketplace,completed,Delivered,12.0,2.0,yes
CUST02331,ORD002331,PRD0004,2348059269728,Customer 2331,Male,,Ibadan,South West,Premium,2024-10-24,Beauty,Skincare Set,3,75000,0.0,225000.0,2500,Card,mobile app,Returned,,,5.0,Yes
CUST02332,ORD002332,PRD0021,2348021513973,Customer 2332,Male,60+,Enugu,South East,Regular,2026-02-18,Fashion,Shirt,1,3500,0.05,3325.0,1500,Card,Mobile App,COMPLETED,,13.0,5.0,No
CUST02333,ORD002333,PRD0014,2348023455034,Customer 2333, m ,18-25,Ibadan,South West,Occasional,2025-01-09,Beauty,Skincare Set,3,10000,0.0,30000.0,1500,USSD,Store,,Delayed,2.0,5.0,No
CUST02334,ORD002334,PRD0015,2348067904973,Customer 2334,Male,60+,Port Harcourt,South South,premium ,2025-04-19,Home & Kitchen,Air Fryer,3,75000,0.15,191250.0,0,CARD,Instagram,Cancelled,Delivered,5.0,4.0,Yes
CUST02335,ORD002335,PRD0017,2348050684883,Customer 2335,Male,60+,Benin City,South South,Occasional,2024-01-16,Beauty,Skincare Set,3,75000,0.0,225000.0,1000,Card,Mobile App,COMPLETED,Delayed,7.0,5.0,Yes
CUST02336,ORD002336,PRD0010,2348042976746,Customer 2336,F,46-60,Kano,North West,premium ,2025-04-10,Sports,Running Shoes,5,120000,0.05,570000.0,2500,USSD,,,delivered,6.0,4.0,No
CUST02337,ORD002337,PRD0003,2348098927241,Customer 2337,male,,Enugu,South East,Occasional,2025-02-17,Groceries,Cereal,5,75000,0.2,300000.0,1500,CARD,Store,COMPLETED,delivered,11.0,5.0,Yes
CUST02338,ORD002338,PRD0001,2348077239766,Customer 2338,,60+,Abuja,North Central,Regular,2024-02-11,Fashion,Sneakers,5,7500,0.05,35625.0,1500,USSD,Store,Returned,Returned,10.0,4.0,No
CUST02339,ORD002339,PRD0004,2348066371137,Customer 2339,M,,Kaduna,North West,Business,2024-07-22,Electronics,Wireless Earbuds,2,10000,0.1,18000.0,3500,CARD,Instagram,Completed,In Transit,11.0,5.0,NO
CUST02340,ORD002340,PRD0010,2348068469658,Customer 2340,Female,26-35,Port Harcourt,South South,Premium,2026-08-13,Home & Kitchen,Air Fryer,2,15000,0.05,28500.0,2500,Cash on Delivery,Website,Pending,Delivered,5.0,2.0,Yes
CUST02341,ORD002341,PRD0029,2348051055167,Customer 2341,Male,36-45,Port Harcourt,South South,Regular,2026-01-18,Groceries,Rice,2,75000,0.15,127500.0,0,USSD,Mobile App,,,9.0,4.0,Yes
CUST02342,ORD002342,PRD0001,2348031728671,Customer 2342,Male,26-35,Abuja,North Central,premium ,2024-12-16,Beauty,Perfume,1,5000,0.15,4250.0,1000,Wallet,Instagram,,Delivered,12.0,4.0,Yes
CUST02343,ORD002343,PRD0013,2348050274725,Customer 2343,,26-35,Kano,North West,Business,2025-04-13,Fashion,Jeans,1,7500,0.2,6000.0,2500,USSD,Website,completed,In Transit,4.0,4.0,No
CUST02344,ORD002344,PRD0006,2348013598597,Customer 2344,Male,,Abuja,North Central,Regular,2024-01-15,Fashion,Sneakers,3,75000,0.05,213750.0,1000,Bank Transfer,Store,,,3.0,4.0,NO
CUST02345,ORD002345,PRD0015,2348012912621,Customer 2345,Male,46-60,Benin City,South South,Occasional,2025-02-23,Groceries,Rice,4,75000,0.05,285000.0,2500,,Marketplace,COMPLETED,Delayed,13.0,1.0,No
CUST02346,ORD002346,PRD0020,2348029005068,Customer 2346, m ,18-25,Kaduna,North West,Premium,2024-10-19,Home & Kitchen,Vacuum Cleaner,4,7500,0.0,30000.0,1500,USSD,website,cancelled,,3.0,,No
CUST02347,ORD002347,PRD0018,2348078838986,Customer 2347,Female,36-45,Lagos,South West,Occasional,2025-06-26,Beauty,Makeup Kit,3,7500,0.0,22500.0,1000,Bank Transfer,website,Completed,Delayed,3.0,4.0,NO
CUST02348,ORD002348,PRD0012,2348050856381,Customer 2348,Male,18-25,Enugu,South East,Regular,2024-05-25,Groceries,Rice,1,40000,0.1,36000.0,1000,CARD,Store,Cancelled,Delayed,6.0,5.0,NO
CUST02349,ORD002349,PRD0027,2348099211082,Customer 2349,Male,26-35,Port Harcourt,South South,Premium,2024-01-26,Sports,Gym Bag,3,3500,0.0,10500.0,1000,bank transfer,mobile app,Completed,In Transit,10.0,5.0,Yes
CUST02350,ORD002350,PRD0007,2348018128115, Customer 2350 ,M,18-25,Enugu,South East,Occasional,2024-10-12,Fashion,Handbag,3,7500,0.0,22500.0,2500,Card,Website,Pending,Returned,14.0,4.0,Yes
CUST02351,ORD002351,PRD0001,2348032753313,Customer 2351,,46-60,Enugu,South East,Regular,2024-02-01,Beauty,Hair Dryer,4,40000,0.2,128000.0,2500,Cash on Delivery,Store,cancelled,Returned,,5.0,
CUST02352,ORD002352,PRD0002,2348096086883,Customer 2352,Female,36-45,Kaduna,North West,Regular,2025-11-12,Groceries,Beverage Pack,5,3500,0.1,15750.0,0,Bank Transfer,website,Completed,Delayed,13.0,4.0,No
CUST02353,ORD002353,PRD0004,2348085027706,Customer 2353,male,,Kano,North West,premium ,2025-06-02,Groceries,Cooking Oil,1,5000,0.2,4000.0,0,Bank Transfer,Website,Completed,Delivered,2.0,4.0,No
CUST02354,ORD002354,PRD0023,2348027663417,Customer 2354,Female,36-45,Benin City,South South,Occasional,2024-09-19,Fashion,Shirt,5,75000,0.2,300000.0,3500,Cash on Delivery,Store,COMPLETED,Delayed,11.0,3.0,yes
CUST02355,ORD002355,PRD0004,2348092975039,Customer 2355,Female,26-35,Lagos,South West,Occasional,2025-03-21,Fashion,Sneakers,4,10000,0.15,34000.0,2500,Cash on Delivery,website,,,3.0,5.0,
CUST02356,ORD002356,PRD0008,2348044005888,Customer 2356,Female,26-35,Benin City,South South,premium ,2026-03-24,Home & Kitchen,Air Fryer,3,15000,0.1,40500.0,0,USSD,,,,2.0,3.0,
CUST02357,ORD002357,PRD0006,2348056418697,Customer 2357,F,18-25,Abuja,North Central,Business,2026-05-04,Electronics,Smartphone,3,3500,0.15,8925.0,1000,CARD,Instagram,Cancelled,Delayed,14.0,,Yes
CUST02358,ORD002358,PRD0030,2348017336249,Customer 2358,,46-60,Benin City,South South,Occasional,2025-07-04,Home & Kitchen,Cookware Set,2,40000,0.1,72000.0,0,,Mobile App,Completed,Delivered,4.0,5.0,No
CUST02359,ORD002359,PRD0013,2348095406000,Customer 2359,Female,46-60,Ibadan,South West,REGULAR,2025-10-02,Electronics,Smartphone,2,120000,0.1,216000.0,1000,bank transfer,Instagram,Pending,delivered,7.0,4.0,No
CUST02360,ORD002360,PRD0020,2348013901424,Customer 2360,,,Lagos,South West,REGULAR,2024-11-26,Fashion,Sneakers,4,3500,0.05,13300.0,3500,USSD,Website,Cancelled,Delivered,9.0,2.0,
CUST02361,ORD002361,PRD0009,2348018338645,Customer 2361,Male,18-25,Ibadan,South West,,2025-04-25,Beauty,Skincare Set,2,120000,0.15,204000.0,1000,,Instagram,COMPLETED,Delivered,13.0,5.0,yes
CUST02362,ORD002362,PRD0029,2348023894096,Customer 2362,Female,,Port Harcourt,South South,,2026-02-22,Home & Kitchen,Cookware Set,3,40000,0.0,120000.0,0,Card,Website,Completed,Delayed,9.0,5.0,Yes
CUST02363,ORD002363,PRD0019,2348081264944,Customer 2363,Male,26-35,Port Harcourt,South South,Regular,2026-01-18,Groceries,Cereal,1,75000,0.15,63750.0,1500,Cash on Delivery,website,Pending,delivered,5.0,5.0,Yes
CUST02364,ORD002364,PRD0013,2348030869517,Customer 2364,Male,18-25,Kano,North West,Premium,2026-07-08,Home & Kitchen,Cookware Set,5,7500,0.1,33750.0,3500,USSD,Instagram,completed,Returned,9.0,4.0,No
CUST02365,ORD002365,PRD0013,2348044367738,Customer 2365,female,,Kano,North West,Premium,2026-02-14,Beauty,Perfume,4,75000,0.15,255000.0,3500,Card,Website,completed,DELIVERED,2.0,4.0,No
CUST02366,ORD002366,PRD0028,2348092122901,Customer 2366,FEMALE,,Lagos,South West,Occasional,2025-10-29,Home & Kitchen,Cookware Set,3,10000,0.05,28500.0,2500,USSD,Instagram,Completed,Delivered,7.0,4.0,Yes
CUST02367,ORD002367,PRD0023,2348084317972,Customer 2367,,60+,Lagos,South West,Occasional,2026-06-17,Groceries,Cooking Oil,3,15000,0.0,45000.0,2500,Card,Instagram,Completed,DELIVERED,6.0,5.0,No
CUST02368,ORD002368,PRD0024,2348097700095,Customer 2368,,60+,Port Harcourt,South South,Business,2024-03-19,Beauty,Hair Dryer,5,5000,0.0,25000.0,1000,bank transfer,Marketplace,Completed,In Transit,13.0,5.0,No
CUST02369,ORD002369,PRD0018,2348040285513,Customer 2369,,46-60,Enugu,South East,Regular,2024-10-07,Electronics,Laptop,3,10000,0.2,24000.0,1000,Cash on Delivery,Marketplace,completed,Delayed,3.0,3.0,NO
CUST02370,ORD002370,PRD0002,2348021214478,Customer 2370,Male,,Lagos,South West,Premium,2025-09-08,Fashion,Sneakers,3,25000,0.2,60000.0,1000,Cash on Delivery,Mobile App,completed,Returned,10.0,1.0,Yes
CUST02371,ORD002371,PRD0026,2348063255989,Customer 2371,,46-60,Ibadan,South West,Occasional,2024-02-12,Sports,Yoga Mat,4,25000,0.2,80000.0,1500,CARD,Mobile App,completed,,6.0,5.0,No
CUST02372,ORD002372,PRD0014,2348011138450,Customer 2372,F,,Port Harcourt,South South,Premium,2024-08-04,Beauty,Perfume,1,120000,0.2,96000.0,1500,Card,Website,Pending,Delivered,1.0,5.0,No
CUST02373,ORD002373,PRD0017,2348079631913,Customer 2373,MALE,36-45,Ibadan,South West,Premium,2024-02-09,Fashion,Handbag,1,7500,0.2,6000.0,1500,Bank Transfer,Store,Completed,Returned,12.0,3.0,NO
CUST02374,ORD002374,PRD0018,2348097671766,Customer 2374,female,18-25,Kano,North West,Occasional,2026-06-14,Sports,Yoga Mat,4,15000,0.05,57000.0,1500,Wallet,Store,Returned,DELIVERED,6.0,2.0,Yes
CUST02375,ORD002375,PRD0027,2348012010115, Customer 2375 ,,36-45,Port Harcourt,South South,premium ,2025-01-28,Electronics,Smart TV,5,40000,0.15,170000.0,2500,Cash on Delivery,website,Returned,,12.0,5.0,Yes
CUST02376,ORD002376,PRD0016,2348096138897,Customer 2376,Female,60+,Ibadan,South West,Occasional,2026-04-23,Electronics,Smart TV,3,75000,0.2,180000.0,1000,Wallet,website,Completed,Delayed,13.0,4.0,Yes
CUST02377,ORD002377,PRD0013,2348068514572,Customer 2377,Female,46-60,Ibadan,South West,Business,2024-01-30,Sports,Football,1,40000,0.1,36000.0,1500,Card,Store,completed,In Transit,7.0,1.0,Yes
CUST02378,ORD002378,PRD0026,2348055596702,Customer 2378,Female,,Lagos,South West,Occasional,2025-10-17,Beauty,Skincare Set,5,75000,0.15,318750.0,1000,Bank Transfer,Website,,Delayed,10.0,5.0,No
CUST02379,ORD002379,PRD0014,2348079872661,Customer 2379,FEMALE,46-60,Kano,North West,Occasional,2024-09-06,Groceries,Cereal,4,120000,0.2,384000.0,2500,CARD,Marketplace,Completed,,9.0,5.0,Yes
CUST02380,ORD002380,PRD0011,2348085523458,Customer 2380, m ,46-60,Kaduna,North West,Regular,2025-11-08,Home & Kitchen,Cookware Set,1,10000,0.15,8500.0,2500,USSD,Website,completed,Delayed,13.0,4.0,No
CUST02381,ORD002381,PRD0007,2348053102248,Customer 2381,F,36-45,Abuja,North Central,premium ,2025-09-02,Fashion,Jeans,2,40000,0.2,64000.0,1500,,website,Completed,Delivered,14.0,4.0,No
CUST02382,ORD002382,PRD0004,2348076372361,Customer 2382,Male,18-25,Benin City,South South,,2026-04-08,Fashion,Shirt,4,15000,0.05,57000.0,0,CARD,Instagram,,,,4.0,No
CUST02383,ORD002383,PRD0005,2348060305909,Customer 2383, f ,36-45,Port Harcourt,South South,Regular,2024-07-02,Groceries,Cooking Oil,2,75000,0.05,142500.0,2500,,Website,cancelled,Returned,8.0,5.0,No
CUST02384,ORD002384,PRD0024,2348034692812,Customer 2384,Female,,Enugu,South East,Regular,2025-11-17,Beauty,Makeup Kit,3,120000,0.0,360000.0,3500,Card,Instagram,Cancelled,Delivered,12.0,4.0,Yes
CUST02385,ORD002385,PRD0009,2348091720653,Customer 2385,M,18-25,Abuja,North Central,REGULAR,2026-07-12,Electronics,Smartphone,4,40000,0.05,152000.0,1500,Card,Website,,delivered,3.0,4.0,yes
CUST02386,ORD002386,PRD0014,2348045520723,Customer 2386,female,60+,Enugu,South East,Premium,2024-08-14,Sports,Running Shoes,4,75000,0.05,285000.0,1500,,Marketplace,COMPLETED,delivered,4.0,5.0,NO
CUST02387,ORD002387,PRD0016,2348044956913,Customer 2387,M,46-60,Benin City,South South,Regular,2026-08-26,Beauty,Skincare Set,1,75000,0.2,60000.0,1500,Cash on Delivery,Mobile App,Pending,DELIVERED,13.0,5.0,
CUST02388,ORD002388,PRD0025,2348098818959,Customer 2388,female,60+,Kaduna,North West,Business,2024-03-23,Groceries,Rice,5,7500,0.05,35625.0,1000,Cash on Delivery,Mobile App,completed,Delivered,14.0,4.0,No
CUST02389,ORD002389,PRD0029,2348029157184,Customer 2389,Male,60+,Enugu,South East,REGULAR,2024-03-31,Electronics,Laptop,3,7500,0.1,20250.0,0,USSD,Website,,Delivered,2.0,5.0,Yes
CUST02390,ORD002390,PRD0006,2348010189963,Customer 2390,,36-45,Ibadan,South West,Regular,2025-11-20,Electronics,Wireless Earbuds,4,40000,0.2,128000.0,1500,bank transfer,Mobile App,pending,Delivered,1.0,5.0,No
CUST02391,ORD002391,PRD0030,2348050017148,Customer 2391,M,60+,Kano,North West,Regular,2025-05-13,Beauty,Perfume,4,15000,0.15,51000.0,0,USSD,mobile app,cancelled,,11.0,4.0,Yes
CUST02392,ORD002392,PRD0013,2348093809844,Customer 2392,Female,18-25,Kaduna,North West,Premium,2026-04-04,Sports,Gym Bag,1,120000,0.2,96000.0,0,Card,,Completed,,6.0,4.0,yes
CUST02393,ORD002393,PRD0002,2348033698130,Customer 2393,MALE,18-25,Abuja,North Central,Regular,2026-04-21,Sports,Yoga Mat,5,75000,0.2,300000.0,3500,USSD,Instagram,pending,delivered,11.0,2.0,No
CUST02394,ORD002394,PRD0006,2348030045149,Customer 2394,M,18-25,Ibadan,South West,Occasional,2026-08-02,Fashion,Jeans,2,7500,0.1,13500.0,2500,Card,Store,Completed,Returned,14.0,2.0,
CUST02395,ORD002395,PRD0023,2348026015486,Customer 2395,M,,Port Harcourt,South South,REGULAR,2024-03-21,Electronics,Smart TV,5,10000,0.15,42500.0,2500,bank transfer,Instagram,cancelled,DELIVERED,9.0,5.0,No
CUST02396,ORD002396,PRD0014,2348049155701,Customer 2396,female,26-35,Kano,North West,REGULAR,2024-06-15,Beauty,Makeup Kit,4,120000,0.05,456000.0,0,Cash on Delivery,,Cancelled,Delivered,4.0,2.0,
CUST02397,ORD002397,PRD0030,2348085889408,Customer 2397,Male,26-35,Enugu,South East,Premium,2024-12-14,Sports,Football,5,3500,0.1,15750.0,0,USSD,Website,cancelled,In Transit,4.0,5.0,No
CUST02398,ORD002398,PRD0014,2348098741957,Customer 2398,,,Port Harcourt,South South,Regular,2025-11-05,Beauty,Skincare Set,5,25000,0.1,112500.0,1000,Bank Transfer,Website,cancelled,DELIVERED,8.0,5.0,No
CUST02399,ORD002399,PRD0030,2348086350632,Customer 2399,,18-25,Enugu,South East,Premium,2024-05-28,Beauty,Makeup Kit,3,7500,0.05,21375.0,3500,Cash on Delivery,Website,COMPLETED,delivered,6.0,5.0,NO
CUST02400,ORD002400,PRD0003,2348052371734, Customer 2400 , f ,18-25,Kaduna,North West,Regular,2026-08-22,Fashion,Sneakers,5,40000,0.05,190000.0,3500,USSD,Mobile App,Cancelled,In Transit,3.0,4.0,No
CUST02401,ORD002401,PRD0016,2348049438194,Customer 2401,Female,,Benin City,South South,Premium,2024-12-18,Fashion,Sneakers,5,3500,0.2,14000.0,3500,bank transfer,Store,Completed,Delayed,2.0,5.0,yes
CUST02402,ORD002402,PRD0004,2348050332638,Customer 2402,M,18-25,Lagos,South West,Business,2024-08-11,Fashion,Sneakers,5,10000,0.15,42500.0,1500,bank transfer,Website,Returned,In Transit,8.0,4.0,No
CUST02403,ORD002403,PRD0002,2348023260140,Customer 2403,Male,60+,Abuja,North Central,Regular,2026-01-24,Groceries,Rice,1,120000,0.2,96000.0,2500,CARD,Mobile App,cancelled,Delivered,11.0,5.0,Yes
CUST02404,ORD002404,PRD0027,2348081917022,Customer 2404,Female,,Port Harcourt,South South,,2024-04-25,Fashion,Shirt,2,7500,0.0,15000.0,1000,Wallet,Mobile App,Pending,Delayed,8.0,4.0,No
CUST02405,ORD002405,PRD0009,2348032119104,Customer 2405,F,,Port Harcourt,South South,Premium,2026-05-09,Beauty,Perfume,4,10000,0.2,32000.0,2500,Wallet,Mobile App,,Returned,11.0,4.0,No
CUST02406,ORD002406,PRD0015,2348030131783,Customer 2406,Female,26-35,Benin City,South South,Regular,2025-01-28,Beauty,Perfume,2,10000,0.2,16000.0,3500,Bank Transfer,Website,Cancelled,Delayed,13.0,5.0,
CUST02407,ORD002407,PRD0005,2348049526012,Customer 2407,MALE,18-25,Lagos,South West,Regular,2024-02-13,Home & Kitchen,Air Fryer,4,7500,0.0,30000.0,1500,Card,Store,completed,Returned,8.0,4.0,No
CUST02408,ORD002408,PRD0016,2348028226660,Customer 2408,Female,,Benin City,South South,Regular,2025-01-12,Electronics,Wireless Earbuds,4,15000,0.2,48000.0,1000,Cash on Delivery,Website,Completed,In Transit,3.0,5.0,Yes
CUST02409,ORD002409,PRD0018,2348029239856,Customer 2409,Male,26-35,Enugu,South East,,2026-02-21,Sports,Football,2,120000,0.0,240000.0,3500,Cash on Delivery,Website,,In Transit,8.0,4.0,Yes
CUST02410,ORD002410,PRD0027,2348097200185,Customer 2410,M,26-35,Benin City,South South,premium ,2025-03-17,Home & Kitchen,Air Fryer,2,7500,0.05,14250.0,1000,Cash on Delivery,,cancelled,,4.0,5.0,
CUST02411,ORD002411,PRD0030,2348059124287,Customer 2411,Male,46-60,Lagos,South West,Occasional,2026-08-19,Electronics,Smartphone,3,75000,0.2,180000.0,1500,Wallet,,pending,DELIVERED,10.0,1.0,
CUST02412,ORD002412,PRD0028,2348066754473,Customer 2412,Male,18-25,Benin City,South South,Premium,2024-05-18,Electronics,Laptop,2,75000,0.0,150000.0,2500,Card,Store,Completed,DELIVERED,13.0,2.0,yes
CUST02413,ORD002413,PRD0009,2348093099073,Customer 2413, m ,26-35,Benin City,South South,Regular,2025-03-19,Groceries,Rice,3,3500,0.2,8400.0,1000,USSD,Marketplace,COMPLETED,,,5.0,No
CUST02414,ORD002414,PRD0008,2348039843338,Customer 2414,F,18-25,Port Harcourt,South South,Premium,2026-01-24,Home & Kitchen,Blender,2,25000,0.1,45000.0,0,Wallet,Website,completed,delivered,10.0,2.0,
CUST02415,ORD002415,PRD0030,2348096512330,Customer 2415,Female,60+,Ibadan,South West,Business,2024-11-17,Beauty,Perfume,3,25000,0.0,75000.0,0,USSD,Marketplace,Completed,Delivered,7.0,4.0,Yes
CUST02416,ORD002416,PRD0008,2348059141649,Customer 2416,Female,60+,Kaduna,North West,Business,2024-09-01,Electronics,Smart TV,1,25000,0.15,21250.0,0,Card,Website,Completed,In Transit,1.0,3.0,NO
CUST02417,ORD002417,PRD0010,2348095496699,Customer 2417,,36-45,Abuja,North Central,premium ,2024-12-23,Electronics,Smartphone,2,3500,0.05,6650.0,1500,Cash on Delivery,Mobile App,Cancelled,Delivered,13.0,4.0,Yes
CUST02418,ORD002418,PRD0026,2348012195437,Customer 2418,Male,18-25,Port Harcourt,South South,Regular,2026-04-17,Fashion,Jeans,2,75000,0.0,150000.0,0,Bank Transfer,Mobile App,Cancelled,Delayed,14.0,4.0,No
CUST02419,ORD002419,PRD0015,2348085206709,Customer 2419,F,26-35,Benin City,South South,Occasional,2026-04-08,Fashion,Jeans,1,3500,0.1,3150.0,1500,,Mobile App,Pending,Returned,2.0,4.0,No
CUST02420,ORD002420,PRD0009,2348051754179,Customer 2420,Male,36-45,Kano,North West,Regular,2024-06-18,Fashion,Sneakers,5,10000,0.0,50000.0,0,Bank Transfer,Mobile App,cancelled,Returned,14.0,2.0,Yes
CUST02421,ORD002421,PRD0028,2348059759230,Customer 2421,,26-35,Ibadan,South West,Occasional,2026-02-25,Sports,Yoga Mat,2,25000,0.15,42500.0,3500,Wallet,Store,Returned,Delivered,9.0,5.0,No
CUST02422,ORD002422,PRD0028,2348089103561,Customer 2422,Male,,Kano,North West,Premium,2024-02-24,Beauty,Perfume,4,120000,0.0,480000.0,3500,Cash on Delivery,Store,,Delivered,11.0,4.0,
CUST02423,ORD002423,PRD0002,2348080277679,Customer 2423,M,46-60,Enugu,South East,Regular,2025-01-16,Electronics,Wireless Earbuds,3,7500,0.1,20250.0,1500,Card,Website,cancelled,In Transit,5.0,1.0,
CUST02424,ORD002424,PRD0028,2348093617610,Customer 2424,,60+,Port Harcourt,South South,,2025-12-14,Sports,Gym Bag,1,7500,0.0,7500.0,0,Cash on Delivery,Website,completed,Delayed,2.0,4.0,Yes
CUST02425,ORD002425,PRD0017,2348099762973, Customer 2425 ,,46-60,Enugu,South East,Premium,2026-03-19,Fashion,Jeans,1,120000,0.2,96000.0,3500,Bank Transfer,Store,,delivered,14.0,4.0,Yes
CUST02426,ORD002426,PRD0007,2348055291558,Customer 2426,male,26-35,Kano,North West,Business,2026-03-15,Electronics,Wireless Earbuds,3,10000,0.0,30000.0,3500,Wallet,Store,Pending,Returned,13.0,5.0,No
CUST02427,ORD002427,PRD0030,2348070517461,Customer 2427,male,18-25,Kaduna,North West,Regular,2024-02-22,Groceries,Rice,4,75000,0.0,300000.0,0,Cash on Delivery,Store,pending,Delayed,6.0,3.0,No
CUST02428,ORD002428,PRD0011,2348077693399,Customer 2428,Female,46-60,Enugu,South East,Regular,2024-05-30,Home & Kitchen,Air Fryer,5,7500,0.1,33750.0,0,Card,Marketplace,Returned,DELIVERED,12.0,5.0,
CUST02429,ORD002429,PRD0014,2348097377483,Customer 2429,M,26-35,Abuja,North Central,Occasional,2025-01-14,Fashion,Shirt,1,3500,0.15,2975.0,1000,Card,Mobile App,Cancelled,In Transit,13.0,4.0,
CUST02430,ORD002430,PRD0001,2348018014418,Customer 2430,FEMALE,,Port Harcourt,South South,Occasional,2025-12-21,Fashion,Sneakers,3,15000,0.15,38250.0,1500,USSD,Marketplace,Pending,Delivered,11.0,4.0,Yes
CUST02431,ORD002431,PRD0005,2348088686657,Customer 2431,Female,46-60,Kano,North West,Regular,2024-01-07,Beauty,Makeup Kit,3,40000,0.0,120000.0,0,Bank Transfer,Website,completed,Delivered,3.0,5.0,NO
CUST02432,ORD002432,PRD0019,2348068208901,Customer 2432,M,,Benin City,South South,Regular,2025-07-18,Home & Kitchen,Cookware Set,1,40000,0.2,32000.0,3500,USSD,Store,Completed,In Transit,7.0,5.0,
CUST02433,ORD002433,PRD0003,2348051114449,Customer 2433,Male,36-45,Kano,North West,premium ,2026-08-02,Fashion,Shirt,4,25000,0.15,85000.0,2500,Card,Store,completed,,7.0,4.0,Yes
CUST02434,ORD002434,PRD0019,2348030583646,Customer 2434,Female,18-25,Abuja,North Central,Business,2026-07-04,Home & Kitchen,Blender,1,15000,0.15,12750.0,2500,Bank Transfer,Store,Completed,Delivered,5.0,1.0,yes
CUST02435,ORD002435,PRD0023,2348057055606,Customer 2435,M,,Lagos,South West,Regular,2026-08-02,Sports,Football,1,25000,0.15,21250.0,1500,Cash on Delivery,Marketplace,completed,In Transit,13.0,4.0,
CUST02436,ORD002436,PRD0011,2348036137633,Customer 2436,female,60+,Kano,North West,Premium,2026-05-06,Beauty,Makeup Kit,4,25000,0.05,95000.0,1500,Card,Marketplace,completed,In Transit,2.0,4.0,
CUST02437,ORD002437,PRD0006,2348068634926,Customer 2437,Male,46-60,Lagos,South West,REGULAR,2025-03-13,Fashion,Sneakers,4,40000,0.05,152000.0,2500,,Mobile App,Pending,,,4.0,Yes
CUST02438,ORD002438,PRD0021,2348051065615,Customer 2438,Female,36-45,Lagos,South West,premium ,2024-06-18,Groceries,Cooking Oil,4,40000,0.1,144000.0,1500,Card,Marketplace,Cancelled,Delayed,3.0,,Yes
CUST02439,ORD002439,PRD0030,2348043520958,Customer 2439,,,Port Harcourt,South South,Premium,2025-08-13,Electronics,Wireless Earbuds,4,3500,0.05,13300.0,1500,CARD,Store,pending,Delayed,6.0,3.0,No
CUST02440,ORD002440,PRD0010,2348014550845,Customer 2440,Male,26-35,Ibadan,South West,Occasional,2024-05-19,Home & Kitchen,Cookware Set,1,7500,0.2,6000.0,3500,USSD,Instagram,completed,delivered,3.0,3.0,No
CUST02441,ORD002441,PRD0001,2348044044735,Customer 2441,Female,46-60,Kano,North West,Occasional,2026-08-13,Electronics,Smartphone,3,3500,0.0,10500.0,0,,Marketplace,Pending,Returned,13.0,4.0,Yes
CUST02442,ORD002442,PRD0001,2348089834107,Customer 2442,male,18-25,Abuja,North Central,Regular,2025-10-17,Groceries,Cooking Oil,5,25000,0.2,100000.0,1500,Cash on Delivery,website,COMPLETED,In Transit,9.0,4.0,yes
CUST02443,ORD002443,PRD0027,2348086226442,Customer 2443,Male,60+,Ibadan,South West,Regular,2025-02-07,Home & Kitchen,Blender,3,120000,0.05,342000.0,1000,Cash on Delivery,Marketplace,Completed,,6.0,,No
CUST02444,ORD002444,PRD0009,2348034467100,Customer 2444,,26-35,Abuja,North Central,Occasional,2024-11-04,Fashion,Sneakers,2,7500,0.1,13500.0,1500,Cash on Delivery,Instagram,,Delayed,2.0,5.0,NO
CUST02445,ORD002445,PRD0006,2348024887859,Customer 2445,male,18-25,Lagos,South West,Occasional,2024-05-03,Electronics,Smart TV,3,120000,0.1,324000.0,2500,USSD,Mobile App,Completed,In Transit,3.0,5.0,
CUST02446,ORD002446,PRD0005,2348022920631,Customer 2446,,26-35,Abuja,North Central,Regular,2026-03-03,Fashion,Sneakers,2,15000,0.0,30000.0,1000,Bank Transfer,Store,COMPLETED,Delivered,1.0,3.0,No
CUST02447,ORD002447,PRD0028,2348020542057,Customer 2447,FEMALE,,Abuja,North Central,Business,2026-02-04,Electronics,Smart TV,4,75000,0.0,300000.0,2500,USSD,Marketplace,Completed,Delivered,8.0,2.0,No
CUST02448,ORD002448,PRD0020,2348054593148,Customer 2448,,18-25,Benin City,South South,Occasional,2025-08-26,Beauty,Skincare Set,5,10000,0.1,45000.0,2500,,Marketplace,Completed,,8.0,4.0,
CUST02449,ORD002449,PRD0003,2348027337773,Customer 2449, f ,26-35,Enugu,South East,Occasional,2024-03-18,Home & Kitchen,Blender,5,7500,0.1,33750.0,2500,Card,,Completed,In Transit,4.0,4.0,yes
CUST02450,ORD002450,PRD0001,2348095563064, Customer 2450 ,Female,46-60,Abuja,North Central,Occasional,2025-08-11,Electronics,Smartphone,5,3500,0.05,16625.0,1500,,Website,Cancelled,,8.0,2.0,
CUST02451,ORD002451,PRD0007,2348020978164,Customer 2451,Male,60+,Port Harcourt,South South,REGULAR,2025-04-24,Beauty,Perfume,3,15000,0.15,38250.0,0,,Store,completed,Delivered,10.0,1.0,
CUST02452,ORD002452,PRD0012,2348079439129,Customer 2452, m ,60+,Kano,North West,Business,2024-02-18,Electronics,Smart TV,4,5000,0.0,20000.0,1500,Wallet,Marketplace,COMPLETED,Delivered,13.0,4.0,Yes
CUST02453,ORD002453,PRD0027,2348091089406,Customer 2453,female,26-35,Abuja,North Central,Business,2026-03-30,Sports,Yoga Mat,5,40000,0.2,160000.0,1000,Card,Mobile App,pending,Returned,2.0,5.0,
CUST02454,ORD002454,PRD0023,2348091653972,Customer 2454,MALE,26-35,Kano,North West,Regular,2025-12-02,Fashion,Shirt,4,120000,0.2,384000.0,1000,CARD,,cancelled,Returned,5.0,3.0,Yes
CUST02455,ORD002455,PRD0007,2348018970262,Customer 2455,Male,,Kaduna,North West,Regular,2025-06-05,Home & Kitchen,Cookware Set,3,5000,0.0,15000.0,1000,Wallet,mobile app,Pending,In Transit,6.0,5.0,No
CUST02456,ORD002456,PRD0009,2348011572971,Customer 2456,,60+,Enugu,South East,Business,2026-05-12,Home & Kitchen,Cookware Set,3,75000,0.1,202500.0,3500,Bank Transfer,Mobile App,Pending,delivered,8.0,5.0,yes
CUST02457,ORD002457,PRD0025,2348054105676,Customer 2457,F,26-35,Kaduna,North West,Regular,2025-09-22,Beauty,Skincare Set,4,40000,0.2,128000.0,2500,CARD,Website,Cancelled,delivered,14.0,5.0,No
CUST02458,ORD002458,PRD0017,2348019623193,Customer 2458,Female,36-45,Port Harcourt,South South,REGULAR,2025-09-22,Electronics,Wireless Earbuds,5,7500,0.0,37500.0,1500,,mobile app,completed,,4.0,4.0,No
CUST02459,ORD002459,PRD0020,2348041846060,Customer 2459,female,46-60,Ibadan,South West,Regular,2024-01-09,Groceries,Rice,3,10000,0.1,27000.0,3500,Cash on Delivery,Mobile App,cancelled,Delivered,7.0,2.0,No
CUST02460,ORD002460,PRD0020,2348056497892,Customer 2460,Female,60+,Abuja,North Central,Business,2026-07-02,Electronics,Smartphone,4,40000,0.1,144000.0,1000,Cash on Delivery,,Pending,Delayed,2.0,5.0,Yes
CUST02461,ORD002461,PRD0030,2348022725382,Customer 2461,,26-35,Kaduna,North West,Business,2026-02-12,Sports,Running Shoes,1,5000,0.05,4750.0,2500,CARD,Website,pending,Delivered,,,Yes
CUST02462,ORD002462,PRD0028,2348093194833,Customer 2462,Male,,Port Harcourt,South South,Occasional,2025-09-02,Home & Kitchen,Blender,1,15000,0.15,12750.0,2500,USSD,Store,Completed,Returned,9.0,4.0,NO
CUST02463,ORD002463,PRD0029,2348034858285,Customer 2463, f ,18-25,Kaduna,North West,Occasional,2026-05-11,Electronics,Laptop,3,25000,0.15,63750.0,0,Cash on Delivery,,Pending,Delayed,10.0,5.0,Yes
CUST02464,ORD002464,PRD0018,2348094123461,Customer 2464,,26-35,Abuja,North Central,Premium,2026-08-07,Groceries,Cooking Oil,4,25000,0.0,100000.0,0,Cash on Delivery,Instagram,Pending,In Transit,3.0,5.0,NO
CUST02465,ORD002465,PRD0021,2348036664076,Customer 2465,female,36-45,Kano,North West,premium ,2024-06-27,Beauty,Hair Dryer,1,40000,0.15,34000.0,2500,Card,Website,Returned,,7.0,1.0,
CUST02466,ORD002466,PRD0009,2348029741217,Customer 2466,Female,18-25,Lagos,South West,Regular,2024-12-27,Home & Kitchen,Cookware Set,4,25000,0.1,90000.0,3500,Wallet,Store,completed,delivered,12.0,4.0,NO
CUST02467,ORD002467,PRD0015,2348039380428,Customer 2467,male,18-25,Ibadan,South West,premium ,2024-12-17,Fashion,Shirt,1,3500,0.15,2975.0,3500,USSD,Mobile App,Completed,,,3.0,
CUST02468,ORD002468,PRD0006,2348072575847,Customer 2468,,60+,Lagos,South West,Regular,2024-02-15,Beauty,Perfume,3,25000,0.0,75000.0,1000,USSD,Mobile App,COMPLETED,Delivered,9.0,4.0,NO
CUST02469,ORD002469,PRD0013,2348018884770,Customer 2469,Male,,Kaduna,North West,Premium,2024-02-04,Groceries,Beverage Pack,3,25000,0.0,75000.0,0,USSD,mobile app,,DELIVERED,,4.0,
CUST02470,ORD002470,PRD0025,2348097049223,Customer 2470,,,Port Harcourt,South South,Occasional,2025-07-29,Electronics,Laptop,5,40000,0.2,160000.0,2500,Wallet,Instagram,cancelled,Delayed,,5.0,
CUST02471,ORD002471,PRD0029,2348044240271,Customer 2471,Female,18-25,Ibadan,South West,Regular,2025-08-06,Beauty,Hair Dryer,2,7500,0.05,14250.0,1000,,Instagram,Returned,Delayed,5.0,5.0,No
CUST02472,ORD002472,PRD0015,2348057524279,Customer 2472,,46-60,Abuja,North Central,Regular,2026-06-23,Groceries,Cereal,4,5000,0.2,16000.0,2500,Cash on Delivery,Instagram,,Delayed,7.0,2.0,yes
CUST02473,ORD002473,PRD0008,2348026643575,Customer 2473,Male,18-25,Kano,North West,Occasional,2026-03-29,Sports,Gym Bag,5,75000,0.1,337500.0,2500,Card,Instagram,Pending,DELIVERED,,3.0,No
CUST02474,ORD002474,PRD0020,2348059441047,Customer 2474,Male,36-45,Kano,North West,Occasional,2024-10-24,Home & Kitchen,Blender,1,40000,0.15,34000.0,1500,Card,Website,completed,Delivered,11.0,4.0,Yes
CUST02475,ORD002475,PRD0002,2348047259993, Customer 2475 ,Male,26-35,Kaduna,North West,Business,2024-10-03,Electronics,Wireless Earbuds,1,10000,0.15,8500.0,1000,Card,Instagram,pending,In Transit,13.0,5.0,
CUST02476,ORD002476,PRD0002,2348095686373,Customer 2476,Male,,Abuja,North Central,Premium,2025-09-29,Electronics,Smart TV,1,120000,0.2,96000.0,0,Cash on Delivery,Store,Cancelled,Delivered,5.0,2.0,No
CUST02477,ORD002477,PRD0003,2348051781051,Customer 2477,MALE,26-35,Kaduna,North West,Regular,2025-06-13,Groceries,Cooking Oil,3,10000,0.1,27000.0,3500,,Website,Pending,Delivered,10.0,5.0,NO
CUST02478,ORD002478,PRD0020,2348010308609,Customer 2478,Female,60+,Lagos,South West,Occasional,2025-05-12,Home & Kitchen,Cookware Set,5,40000,0.0,200000.0,1000,Wallet,mobile app,COMPLETED,Delivered,3.0,4.0,Yes
CUST02479,ORD002479,PRD0004,2348024715742,Customer 2479,F,60+,Kano,North West,Premium,2026-07-09,Fashion,Sneakers,1,120000,0.0,120000.0,1000,USSD,,Completed,,10.0,4.0,NO
CUST02480,ORD002480,PRD0016,2348032751477,Customer 2480,FEMALE,46-60,Ibadan,South West,Occasional,2025-09-15,Electronics,Smart TV,2,75000,0.05,142500.0,1000,,Website,Pending,In Transit,11.0,2.0,Yes
CUST02481,ORD002481,PRD0008,2348091650835,Customer 2481,Female,60+,Enugu,South East,Regular,2025-03-20,Sports,Gym Bag,5,40000,0.1,180000.0,1500,Card,Marketplace,,In Transit,13.0,5.0,No
CUST02482,ORD002482,PRD0020,2348078167770,Customer 2482,Female,46-60,Lagos,South West,,2024-07-16,Sports,Running Shoes,3,120000,0.2,288000.0,2500,Card,Instagram,completed,Delayed,11.0,3.0,Yes
CUST02483,ORD002483,PRD0026,2348067072614,Customer 2483,,36-45,Ibadan,South West,Regular,2025-12-20,Home & Kitchen,Vacuum Cleaner,2,3500,0.2,5600.0,1000,Card,Mobile App,completed,,11.0,5.0,Yes
CUST02484,ORD002484,PRD0015,2348041143109,Customer 2484,,36-45,Kaduna,North West,Premium,2025-08-27,Sports,Running Shoes,4,40000,0.05,152000.0,1000,USSD,Instagram,Pending,Delivered,5.0,,
CUST02485,ORD002485,PRD0027,2348035191645,Customer 2485,F,36-45,Ibadan,South West,Regular,2024-04-19,Home & Kitchen,Blender,5,7500,0.0,37500.0,0,bank transfer,Instagram,completed,Delivered,1.0,4.0,
CUST02486,ORD002486,PRD0009,2348044577213,Customer 2486,Male,60+,Port Harcourt,South South,Occasional,2025-08-31,Groceries,Cooking Oil,4,7500,0.0,30000.0,1000,Bank Transfer,mobile app,,In Transit,4.0,4.0,No
CUST02487,ORD002487,PRD0013,2348035713995,Customer 2487,FEMALE,,Enugu,South East,Regular,2025-06-28,Fashion,Jeans,4,7500,0.05,28500.0,1500,Card,Marketplace,Completed,delivered,11.0,3.0,No
CUST02488,ORD002488,PRD0020,2348089149030,Customer 2488,Female,46-60,Abuja,North Central,Business,2025-03-07,Home & Kitchen,Blender,4,7500,0.0,30000.0,3500,Bank Transfer,Website,Cancelled,delivered,7.0,5.0,
CUST02489,ORD002489,PRD0026,2348052352541,Customer 2489,Female,46-60,Benin City,South South,Regular,2024-02-26,Groceries,Cooking Oil,1,40000,0.1,36000.0,1500,CARD,Store,Completed,Delivered,8.0,1.0,No
CUST02490,ORD002490,PRD0008,2348029862822,Customer 2490,Male,18-25,Enugu,South East,Regular,2024-09-27,Sports,Yoga Mat,5,25000,0.05,118750.0,1000,Bank Transfer,,Returned,,6.0,5.0,NO
CUST02491,ORD002491,PRD0001,2348088335475,Customer 2491,F,46-60,Kaduna,North West,Regular,2024-03-07,Fashion,Handbag,5,3500,0.1,15750.0,1000,CARD,Marketplace,,,,4.0,
CUST02492,ORD002492,PRD0030,2348030389542,Customer 2492,Male,60+,Lagos,South West,,2025-03-28,Fashion,Handbag,4,7500,0.05,28500.0,3500,CARD,mobile app,Pending,Delivered,5.0,4.0,No
CUST02493,ORD002493,PRD0026,2348014730410,Customer 2493,Female,18-25,Ibadan,South West,Premium,2026-05-25,Groceries,Cereal,2,3500,0.05,6650.0,3500,Cash on Delivery,Website,completed,Returned,6.0,4.0,No
CUST02494,ORD002494,PRD0022,2348039492609,Customer 2494, m ,36-45,Lagos,South West,,2025-07-20,Electronics,Wireless Earbuds,3,5000,0.05,14250.0,2500,Cash on Delivery,mobile app,,Returned,2.0,1.0,yes
CUST02495,ORD002495,PRD0001,2348081156710,Customer 2495,female,18-25,Lagos,South West,Regular,2025-11-21,Electronics,Wireless Earbuds,4,7500,0.15,25500.0,0,bank transfer,Marketplace,completed,DELIVERED,10.0,4.0,
CUST02496,ORD002496,PRD0016,2348065377875,Customer 2496, m ,36-45,Benin City,South South,,2026-08-21,Groceries,Beverage Pack,3,40000,0.15,102000.0,1500,USSD,mobile app,Completed,Delayed,7.0,2.0,yes
CUST02497,ORD002497,PRD0001,2348044113435,Customer 2497,female,60+,Kaduna,North West,Business,2026-03-13,Sports,Yoga Mat,4,40000,0.2,128000.0,0,Cash on Delivery,,Cancelled,DELIVERED,6.0,2.0,Yes
CUST02498,ORD002498,PRD0029,2348022202919,Customer 2498,,46-60,Kaduna,North West,Business,2025-02-20,Home & Kitchen,Air Fryer,3,3500,0.0,10500.0,0,Cash on Delivery,Store,completed,DELIVERED,1.0,5.0,
CUST02499,ORD002499,PRD0022,2348071338770,Customer 2499,,18-25,Port Harcourt,South South,,2025-09-26,Home & Kitchen,Blender,4,75000,0.0,300000.0,1000,USSD,website,Completed,delivered,,3.0,
CUST02500,ORD002500,PRD0006,2348095238204, Customer 2500 ,female,26-35,Benin City,South South,Regular,2026-04-02,Beauty,Skincare Set,2,7500,0.2,12000.0,3500,Wallet,website,Pending,delivered,8.0,3.0,yes
CUST02501,ORD002501,PRD0023,2348012905477,Customer 2501,Male,18-25,Lagos,South West,premium ,2024-06-09,Groceries,Cereal,3,7500,0.1,20250.0,1000,,Mobile App,COMPLETED,,13.0,1.0,Yes
CUST02502,ORD002502,PRD0025,2348061689588,Customer 2502,Male,18-25,Abuja,North Central,Regular,2024-09-02,Home & Kitchen,Blender,2,15000,0.05,28500.0,1000,,mobile app,pending,,4.0,5.0,No
CUST02503,ORD002503,PRD0008,2348078895972,Customer 2503, m ,60+,Enugu,South East,REGULAR,2024-11-07,Home & Kitchen,Cookware Set,4,15000,0.05,57000.0,2500,bank transfer,Mobile App,Completed,Delayed,4.0,4.0,No
CUST02504,ORD002504,PRD0025,2348034861353,Customer 2504,F,46-60,Ibadan,South West,Regular,2024-08-03,Home & Kitchen,Blender,2,120000,0.1,216000.0,2500,Cash on Delivery,Website,Pending,Delayed,6.0,5.0,Yes
CUST02505,ORD002505,PRD0013,2348069046192,Customer 2505,F,18-25,Lagos,South West,REGULAR,2024-02-18,Beauty,Skincare Set,3,120000,0.1,324000.0,2500,Card,Website,Cancelled,Delivered,9.0,1.0,No
CUST02506,ORD002506,PRD0015,2348053758537,Customer 2506,F,36-45,Lagos,South West,premium ,2024-01-16,Groceries,Cereal,2,15000,0.15,25500.0,3500,Bank Transfer,Instagram,Pending,Returned,11.0,4.0,No
CUST02507,ORD002507,PRD0008,2348064325541,Customer 2507,Male,,Benin City,South South,Business,2024-01-16,Sports,Yoga Mat,3,75000,0.1,202500.0,1500,Cash on Delivery,Mobile App,Completed,Returned,4.0,4.0,
CUST02508,ORD002508,PRD0011,2348077536325,Customer 2508,female,,Ibadan,South West,Occasional,2024-07-30,Sports,Yoga Mat,3,75000,0.05,213750.0,1000,Bank Transfer,,Completed,delivered,13.0,4.0,yes
CUST02509,ORD002509,PRD0013,2348034030473,Customer 2509, m ,,Abuja,North Central,Premium,2024-02-22,Home & Kitchen,Vacuum Cleaner,3,25000,0.0,75000.0,1000,Bank Transfer,Instagram,Cancelled,,2.0,5.0,
CUST02510,ORD002510,PRD0026,2348029660869,Customer 2510, f ,,Kano,North West,Business,2026-01-20,Groceries,Cooking Oil,2,3500,0.15,5950.0,1000,Cash on Delivery,Marketplace,Completed,Delivered,6.0,4.0,
CUST02511,ORD002511,PRD0012,2348041031637,Customer 2511,female,46-60,Port Harcourt,South South,Regular,2025-02-20,Beauty,Hair Dryer,5,25000,0.05,118750.0,1000,Bank Transfer,Marketplace,Completed,delivered,6.0,,
CUST02512,ORD002512,PRD0018,2348086216721,Customer 2512,,18-25,Abuja,North Central,Business,2025-07-17,Home & Kitchen,Air Fryer,5,40000,0.2,160000.0,1500,Cash on Delivery,mobile app,COMPLETED,Delivered,2.0,5.0,No
CUST02513,ORD002513,PRD0003,2348011961159,Customer 2513, m ,18-25,Kaduna,North West,Premium,2026-02-27,Fashion,Handbag,4,7500,0.0,30000.0,3500,CARD,mobile app,pending,In Transit,,5.0,
CUST02514,ORD002514,PRD0008,2348036759617,Customer 2514,,26-35,Abuja,North Central,Occasional,2026-03-15,Fashion,Shirt,1,7500,0.15,6375.0,1000,Card,Marketplace,COMPLETED,In Transit,6.0,4.0,No
CUST02515,ORD002515,PRD0029,2348099088226,Customer 2515,,46-60,Kaduna,North West,Premium,2025-01-22,Sports,Yoga Mat,1,75000,0.0,75000.0,2500,,Marketplace,completed,Delivered,8.0,4.0,NO
CUST02516,ORD002516,PRD0007,2348081810545,Customer 2516,Female,60+,Lagos,South West,Premium,2025-11-03,Groceries,Rice,1,40000,0.0,40000.0,1500,Card,Instagram,,Returned,6.0,4.0,Yes
CUST02517,ORD002517,PRD0003,2348046633914,Customer 2517,,26-35,Lagos,South West,Occasional,2024-01-01,Sports,Gym Bag,3,5000,0.15,12750.0,2500,CARD,mobile app,Completed,,5.0,5.0,No
CUST02518,ORD002518,PRD0015,2348057190605,Customer 2518,,60+,Kaduna,North West,Premium,2025-11-12,Groceries,Cereal,5,120000,0.05,570000.0,2500,Card,Store,Completed,Delivered,5.0,5.0,No
CUST02519,ORD002519,PRD0029,2348068949996,Customer 2519,M,,Kaduna,North West,Business,2025-05-06,Beauty,Makeup Kit,5,120000,0.1,540000.0,1500,Wallet,website,Completed,In Transit,13.0,,No
CUST02520,ORD002520,PRD0025,2348016760531,Customer 2520,Male,36-45,Abuja,North Central,Premium,2024-01-31,Home & Kitchen,Air Fryer,4,40000,0.1,144000.0,1000,Wallet,website,Returned,Returned,,4.0,No
CUST02521,ORD002521,PRD0006,2348093838194,Customer 2521,,46-60,Lagos,South West,Occasional,2025-11-28,Groceries,Cooking Oil,4,120000,0.2,384000.0,1500,Cash on Delivery,Instagram,Completed,In Transit,4.0,4.0,No
CUST02522,ORD002522,PRD0030,2348011866866,Customer 2522, m ,36-45,Lagos,South West,Premium,2025-03-08,Fashion,Shirt,5,40000,0.2,160000.0,1000,Cash on Delivery,Marketplace,completed,In Transit,7.0,2.0,
CUST02523,ORD002523,PRD0016,2348098845977,Customer 2523,,60+,Benin City,South South,,2025-02-23,Sports,Yoga Mat,5,10000,0.2,40000.0,0,Cash on Delivery,Marketplace,,Delayed,6.0,5.0,
CUST02524,ORD002524,PRD0029,2348013734492,Customer 2524,Female,26-35,Kaduna,North West,Regular,2024-09-04,Electronics,Smartphone,2,10000,0.05,19000.0,3500,Cash on Delivery,Website,COMPLETED,DELIVERED,2.0,5.0,Yes
CUST02525,ORD002525,PRD0003,2348064452983, Customer 2525 ,,60+,Port Harcourt,South South,Regular,2024-12-15,Beauty,Skincare Set,4,40000,0.1,144000.0,1000,,website,pending,In Transit,9.0,4.0,No
CUST02526,ORD002526,PRD0021,2348065773551,Customer 2526,Female,46-60,Benin City,South South,Business,2026-03-04,Home & Kitchen,Air Fryer,1,10000,0.0,10000.0,2500,Wallet,Mobile App,,Returned,2.0,5.0,Yes
CUST02527,ORD002527,PRD0006,2348048640810,Customer 2527,MALE,36-45,Kano,North West,Regular,2025-05-22,Beauty,Skincare Set,5,10000,0.1,45000.0,1000,bank transfer,Store,Completed,Delayed,8.0,5.0,NO
CUST02528,ORD002528,PRD0016,2348048979997,Customer 2528,Female,26-35,Abuja,North Central,Premium,2025-11-17,Sports,Gym Bag,5,120000,0.05,570000.0,3500,Cash on Delivery,Marketplace,COMPLETED,delivered,9.0,4.0,No
CUST02529,ORD002529,PRD0020,2348084210858,Customer 2529,,18-25,Kaduna,North West,Regular,2026-05-21,Fashion,Handbag,2,40000,0.0,80000.0,0,USSD,website,Completed,DELIVERED,11.0,3.0,
CUST02530,ORD002530,PRD0030,2348017064559,Customer 2530,male,60+,Benin City,South South,Premium,2024-10-30,Home & Kitchen,Cookware Set,1,120000,0.1,108000.0,2500,Wallet,Mobile App,Completed,Returned,8.0,5.0,Yes
CUST02531,ORD002531,PRD0028,2348087796964,Customer 2531,Female,26-35,Kaduna,North West,Occasional,2026-08-24,Home & Kitchen,Blender,1,120000,0.1,108000.0,1000,USSD,Website,pending,Delayed,9.0,4.0,No
CUST02532,ORD002532,PRD0014,2348069760733,Customer 2532,Female,18-25,Port Harcourt,South South,Regular,2024-02-13,Fashion,Shirt,2,3500,0.05,6650.0,1500,bank transfer,Store,Cancelled,In Transit,12.0,5.0,
CUST02533,ORD002533,PRD0003,2348061837488,Customer 2533,,26-35,Lagos,South West,Premium,2025-10-13,Electronics,Smart TV,2,40000,0.15,68000.0,1500,bank transfer,Store,COMPLETED,DELIVERED,1.0,5.0,Yes
CUST02534,ORD002534,PRD0002,2348021008501,Customer 2534,Female,60+,Kaduna,North West,Premium,2025-02-24,Home & Kitchen,Vacuum Cleaner,5,15000,0.0,75000.0,1500,bank transfer,Mobile App,cancelled,Returned,10.0,4.0,
CUST02535,ORD002535,PRD0010,2348053556549,Customer 2535,,18-25,Enugu,South East,Regular,2025-09-18,Sports,Gym Bag,2,3500,0.2,5600.0,2500,Cash on Delivery,Marketplace,Returned,DELIVERED,12.0,3.0,NO
CUST02536,ORD002536,PRD0026,2348092767680,Customer 2536,female,18-25,Benin City,South South,Premium,2025-08-03,Home & Kitchen,Air Fryer,1,75000,0.05,71250.0,0,USSD,Store,Cancelled,Delivered,3.0,2.0,
CUST02537,ORD002537,PRD0020,2348066097356,Customer 2537,Female,,Benin City,South South,Regular,2024-04-22,Home & Kitchen,Blender,2,75000,0.1,135000.0,0,Bank Transfer,Mobile App,,,,5.0,NO
CUST02538,ORD002538,PRD0023,2348099717508,Customer 2538,Male,60+,Benin City,South South,Occasional,2024-11-16,Sports,Yoga Mat,1,120000,0.05,114000.0,3500,USSD,Website,Cancelled,Delivered,4.0,4.0,
CUST02539,ORD002539,PRD0010,2348061429794,Customer 2539,Male,26-35,Enugu,South East,Regular,2025-01-26,Home & Kitchen,Air Fryer,1,7500,0.05,7125.0,1500,USSD,Mobile App,Completed,In Transit,7.0,4.0,Yes
CUST02540,ORD002540,PRD0025,2348056058464,Customer 2540,Male,,Port Harcourt,South South,Occasional,2024-10-07,Groceries,Beverage Pack,3,120000,0.2,288000.0,1000,Wallet,Mobile App,completed,Delivered,1.0,,
CUST02541,ORD002541,PRD0011,2348045158804,Customer 2541, f ,60+,Lagos,South West,Occasional,2025-10-25,Beauty,Makeup Kit,5,7500,0.05,35625.0,1500,USSD,Mobile App,cancelled,delivered,14.0,2.0,No
CUST02542,ORD002542,PRD0006,2348029648098,Customer 2542,Female,46-60,Abuja,North Central,premium ,2026-07-27,Sports,Football,1,3500,0.05,3325.0,3500,Cash on Delivery,Instagram,Cancelled,Returned,11.0,5.0,No
CUST02543,ORD002543,PRD0005,2348087487663,Customer 2543,M,26-35,Ibadan,South West,Regular,2024-04-20,Electronics,Smart TV,3,5000,0.1,13500.0,2500,,Mobile App,,,14.0,5.0,
CUST02544,ORD002544,PRD0011,2348020789927,Customer 2544,F,60+,Kaduna,North West,Regular,2025-01-29,Electronics,Smartphone,5,10000,0.1,45000.0,3500,Bank Transfer,Instagram,Pending,Delayed,1.0,5.0,Yes
CUST02545,ORD002545,PRD0022,2348080966371,Customer 2545,Male,26-35,Benin City,South South,Business,2025-06-30,Home & Kitchen,Cookware Set,3,3500,0.0,10500.0,3500,,Instagram,Completed,Delivered,9.0,5.0,NO
CUST02546,ORD002546,PRD0029,2348068998738,Customer 2546,FEMALE,26-35,Port Harcourt,South South,premium ,2024-01-24,Home & Kitchen,Blender,2,5000,0.1,9000.0,1000,Card,Instagram,COMPLETED,Returned,3.0,4.0,No
CUST02547,ORD002547,PRD0011,2348052892882,Customer 2547,Female,,Kano,North West,Regular,2024-05-23,Beauty,Makeup Kit,2,3500,0.0,7000.0,1000,,,Completed,Delivered,13.0,4.0,
CUST02548,ORD002548,PRD0012,2348069830832,Customer 2548,Male,18-25,Port Harcourt,South South,premium ,2024-01-02,Home & Kitchen,Blender,3,7500,0.05,21375.0,0,Bank Transfer,Store,Completed,In Transit,,4.0,Yes
CUST02549,ORD002549,PRD0007,2348076482144,Customer 2549,Male,,Lagos,South West,Regular,2026-01-24,Electronics,Smartphone,3,40000,0.05,114000.0,1000,Cash on Delivery,Mobile App,Completed,Delayed,7.0,5.0,yes
CUST02550,ORD002550,PRD0009,2348076854552, Customer 2550 ,Male,18-25,Ibadan,South West,,2025-08-12,Sports,Gym Bag,3,75000,0.05,213750.0,1000,Wallet,Marketplace,Completed,Returned,6.0,4.0,
CUST02551,ORD002551,PRD0019,2348067302825,Customer 2551,,,Port Harcourt,South South,Business,2025-04-16,Fashion,Sneakers,5,5000,0.05,23750.0,0,Cash on Delivery,Website,completed,delivered,8.0,5.0,Yes
CUST02552,ORD002552,PRD0022,2348080492807,Customer 2552,Male,,Port Harcourt,South South,Occasional,2026-05-18,Home & Kitchen,Cookware Set,1,7500,0.05,7125.0,3500,,,Completed,DELIVERED,7.0,4.0,No
CUST02553,ORD002553,PRD0014,2348073341998,Customer 2553,,60+,Abuja,North Central,REGULAR,2025-09-14,Sports,Football,1,75000,0.2,60000.0,1000,Card,,completed,Delayed,10.0,4.0,Yes
CUST02554,ORD002554,PRD0020,2348088837036,Customer 2554,Male,36-45,Kano,North West,Regular,2024-02-13,Sports,Running Shoes,5,5000,0.2,20000.0,3500,Cash on Delivery,Mobile App,Completed,Delivered,3.0,5.0,Yes
CUST02555,ORD002555,PRD0017,2348026345043,Customer 2555,Male,60+,Benin City,South South,Premium,2025-01-13,Groceries,Cooking Oil,4,25000,0.0,100000.0,2500,bank transfer,Instagram,Completed,Delivered,9.0,,Yes
CUST02556,ORD002556,PRD0002,2348041273811,Customer 2556,MALE,46-60,Enugu,South East,REGULAR,2026-03-31,Groceries,Beverage Pack,5,75000,0.05,356250.0,2500,,Store,Completed,delivered,4.0,3.0,Yes
CUST02557,ORD002557,PRD0025,2348097395491,Customer 2557,M,26-35,Port Harcourt,South South,premium ,2026-01-13,Fashion,Jeans,4,10000,0.15,34000.0,3500,Card,Website,pending,Delivered,7.0,2.0,NO
CUST02558,ORD002558,PRD0012,2348060635827,Customer 2558,Female,36-45,Kano,North West,premium ,2025-04-19,Beauty,Skincare Set,2,10000,0.2,16000.0,1000,Cash on Delivery,Marketplace,COMPLETED,Returned,10.0,4.0,yes
CUST02559,ORD002559,PRD0009,2348050183523,Customer 2559,,18-25,Abuja,North Central,Business,2024-09-08,Beauty,Skincare Set,4,120000,0.1,432000.0,1500,Cash on Delivery,Website,Returned,In Transit,7.0,5.0,NO
CUST02560,ORD002560,PRD0024,2348068797218,Customer 2560,,,Abuja,North Central,REGULAR,2025-09-22,Fashion,Sneakers,4,3500,0.15,11900.0,1000,Cash on Delivery,,cancelled,DELIVERED,3.0,3.0,No
CUST02561,ORD002561,PRD0023,2348015267507,Customer 2561,Female,36-45,Enugu,South East,Premium,2026-03-23,Groceries,Rice,4,120000,0.15,408000.0,1500,Bank Transfer,Mobile App,Cancelled,Delivered,,4.0,No
CUST02562,ORD002562,PRD0022,2348025261320,Customer 2562,F,26-35,Kaduna,North West,Business,2026-02-15,Beauty,Makeup Kit,4,3500,0.0,14000.0,3500,Wallet,Website,,,2.0,5.0,NO
CUST02563,ORD002563,PRD0022,2348053672112,Customer 2563,Male,60+,Enugu,South East,Premium,2026-06-28,Home & Kitchen,Vacuum Cleaner,3,15000,0.0,45000.0,1500,Bank Transfer,Website,Completed,Delivered,12.0,4.0,No
CUST02564,ORD002564,PRD0007,2348022330632,Customer 2564,M,18-25,Benin City,South South,premium ,2026-08-27,Fashion,Sneakers,5,3500,0.05,16625.0,2500,USSD,Instagram,pending,Delivered,13.0,,No
CUST02565,ORD002565,PRD0016,2348078280367,Customer 2565,Male,18-25,Abuja,North Central,Occasional,2025-12-06,Fashion,Shirt,3,10000,0.0,30000.0,2500,USSD,,Cancelled,Delivered,11.0,4.0,yes
CUST02566,ORD002566,PRD0026,2348051516693,Customer 2566,,,Ibadan,South West,,2026-02-15,Fashion,Shirt,4,75000,0.1,270000.0,3500,Bank Transfer,Marketplace,Returned,Delivered,7.0,4.0,Yes
CUST02567,ORD002567,PRD0021,2348034436900,Customer 2567,Male,60+,Kano,North West,Business,2026-05-16,Electronics,Smartphone,3,3500,0.2,8400.0,1000,Bank Transfer,Website,Returned,In Transit,6.0,4.0,Yes
CUST02568,ORD002568,PRD0009,2348036181568,Customer 2568,F,60+,Kaduna,North West,Occasional,2024-04-14,Sports,Yoga Mat,2,3500,0.15,5950.0,3500,Card,Website,Completed,Returned,5.0,1.0,No
CUST02569,ORD002569,PRD0007,2348014423695,Customer 2569, f ,46-60,Port Harcourt,South South,Occasional,2024-08-03,Fashion,Sneakers,4,75000,0.05,285000.0,2500,Cash on Delivery,Instagram,pending,In Transit,8.0,3.0,No
CUST02570,ORD002570,PRD0008,2348094328445,Customer 2570,M,26-35,Abuja,North Central,Regular,2026-05-20,Beauty,Skincare Set,5,5000,0.05,23750.0,1000,Card,Marketplace,completed,delivered,1.0,4.0,No
CUST02571,ORD002571,PRD0027,2348018471858,Customer 2571,,36-45,Ibadan,South West,Premium,2025-08-30,Home & Kitchen,Vacuum Cleaner,3,10000,0.0,30000.0,3500,Card,Website,Cancelled,Returned,10.0,4.0,NO
CUST02572,ORD002572,PRD0010,2348040588458,Customer 2572,,26-35,Lagos,South West,Business,2026-02-26,Electronics,Laptop,5,40000,0.2,160000.0,0,Card,Marketplace,completed,Returned,1.0,5.0,NO
CUST02573,ORD002573,PRD0007,2348042823520,Customer 2573,M,46-60,Ibadan,South West,Regular,2026-08-29,Groceries,Cereal,5,120000,0.0,600000.0,2500,Bank Transfer,Marketplace,Completed,,,5.0,NO
CUST02574,ORD002574,PRD0017,2348088798918,Customer 2574,,36-45,Kano,North West,Premium,2025-12-04,Sports,Gym Bag,2,75000,0.05,142500.0,1000,Cash on Delivery,Marketplace,Completed,DELIVERED,14.0,4.0,
CUST02575,ORD002575,PRD0004,2348040766137, Customer 2575 ,Female,26-35,Ibadan,South West,Premium,2024-03-12,Home & Kitchen,Air Fryer,1,40000,0.2,32000.0,3500,,Website,Completed,In Transit,13.0,,NO
CUST02576,ORD002576,PRD0017,2348037503590,Customer 2576,Male,,Lagos,South West,,2024-04-07,Groceries,Beverage Pack,4,40000,0.1,144000.0,3500,Wallet,mobile app,,In Transit,10.0,4.0,Yes
CUST02577,ORD002577,PRD0024,2348071589182,Customer 2577,Female,46-60,Port Harcourt,South South,Occasional,2026-06-17,Fashion,Handbag,3,120000,0.2,288000.0,0,Cash on Delivery,Mobile App,Completed,,14.0,4.0,Yes
CUST02578,ORD002578,PRD0008,2348016767132,Customer 2578,Male,26-35,Enugu,South East,Premium,2025-11-07,Groceries,Cooking Oil,2,40000,0.2,64000.0,2500,USSD,website,Completed,Delivered,6.0,4.0,No
CUST02579,ORD002579,PRD0007,2348014679353,Customer 2579,Female,18-25,Enugu,South East,,2025-06-04,Beauty,Perfume,3,40000,0.2,96000.0,3500,Cash on Delivery,website,Returned,In Transit,7.0,4.0,No
CUST02580,ORD002580,PRD0024,2348085208528,Customer 2580, f ,26-35,Abuja,North Central,Premium,2025-02-17,Electronics,Laptop,5,3500,0.0,17500.0,1000,Bank Transfer,Store,Completed,delivered,7.0,5.0,
CUST02581,ORD002581,PRD0025,2348098407740,Customer 2581,Male,18-25,Kaduna,North West,Business,2026-01-31,Groceries,Cereal,5,15000,0.05,71250.0,1000,Card,Website,,Delayed,12.0,2.0,Yes
CUST02582,ORD002582,PRD0028,2348073520187,Customer 2582,Female,60+,Abuja,North Central,Business,2024-01-24,Electronics,Smart TV,1,15000,0.1,13500.0,3500,Cash on Delivery,Marketplace,pending,,12.0,,
CUST02583,ORD002583,PRD0011,2348054241271,Customer 2583,M,18-25,Kaduna,North West,Regular,2026-03-22,Home & Kitchen,Blender,4,25000,0.0,100000.0,3500,USSD,Store,Completed,In Transit,11.0,4.0,
CUST02584,ORD002584,PRD0025,2348015812674,Customer 2584,F,46-60,Abuja,North Central,Premium,2024-05-04,Fashion,Shirt,5,15000,0.15,63750.0,2500,Wallet,Mobile App,Completed,,7.0,4.0,No
CUST02585,ORD002585,PRD0015,2348031928748,Customer 2585,female,60+,Abuja,North Central,Regular,2024-09-21,Electronics,Smartphone,4,120000,0.05,456000.0,1500,Cash on Delivery,Mobile App,Pending,,,5.0,No
CUST02586,ORD002586,PRD0011,2348091683973,Customer 2586,male,26-35,Port Harcourt,South South,,2024-03-04,Beauty,Hair Dryer,1,120000,0.15,102000.0,3500,USSD,website,COMPLETED,delivered,4.0,4.0,No
CUST02587,ORD002587,PRD0023,2348089037716,Customer 2587,FEMALE,26-35,Ibadan,South West,Premium,2024-01-05,Fashion,Shirt,4,10000,0.1,36000.0,1500,USSD,Marketplace,Completed,,5.0,3.0,yes
CUST02588,ORD002588,PRD0024,2348042183540,Customer 2588,Female,,Benin City,South South,Regular,2024-05-27,Fashion,Sneakers,2,7500,0.15,12750.0,2500,Card,Instagram,,Delayed,4.0,4.0,
CUST02589,ORD002589,PRD0022,2348087319658,Customer 2589, f ,18-25,Benin City,South South,Premium,2025-10-28,Fashion,Handbag,4,75000,0.0,300000.0,0,USSD,Mobile App,cancelled,DELIVERED,,2.0,Yes
CUST02590,ORD002590,PRD0028,2348048931745,Customer 2590,Male,,Kano,North West,Regular,2024-09-26,Electronics,Wireless Earbuds,3,3500,0.1,9450.0,2500,USSD,Marketplace,Completed,In Transit,5.0,5.0,No
CUST02591,ORD002591,PRD0022,2348069678394,Customer 2591,Male,18-25,Abuja,North Central,Business,2025-09-21,Electronics,Smart TV,3,3500,0.1,9450.0,2500,Cash on Delivery,Mobile App,Returned,delivered,10.0,2.0,NO
CUST02592,ORD002592,PRD0025,2348056069128,Customer 2592,Female,36-45,Lagos,South West,Occasional,2024-05-08,Sports,Gym Bag,2,5000,0.15,8500.0,1500,USSD,Website,Completed,DELIVERED,11.0,4.0,Yes
CUST02593,ORD002593,PRD0009,2348096265796,Customer 2593,Male,60+,Abuja,North Central,Premium,2024-02-25,Beauty,Skincare Set,4,15000,0.0,60000.0,1500,USSD,Instagram,,delivered,4.0,4.0,No
CUST02594,ORD002594,PRD0011,2348020208273,Customer 2594,Male,60+,Lagos,South West,Regular,2024-06-10,Beauty,Perfume,4,7500,0.05,28500.0,1000,,Instagram,Cancelled,Returned,10.0,3.0,No
CUST02595,ORD002595,PRD0014,2348040187091,Customer 2595,Male,26-35,Enugu,South East,Occasional,2024-02-13,Beauty,Perfume,4,10000,0.0,40000.0,2500,Cash on Delivery,Marketplace,Completed,delivered,12.0,4.0,Yes
CUST02596,ORD002596,PRD0007,2348014424210,Customer 2596,Female,60+,Kano,North West,Premium,2024-08-17,Sports,Football,2,15000,0.0,30000.0,2500,,Website,,In Transit,,5.0,
CUST02597,ORD002597,PRD0009,2348025039762,Customer 2597,Female,18-25,Abuja,North Central,Occasional,2025-06-01,Electronics,Smart TV,3,25000,0.1,67500.0,1000,Cash on Delivery,Mobile App,completed,In Transit,14.0,3.0,yes
CUST02598,ORD002598,PRD0002,2348060190229,Customer 2598,Female,26-35,Enugu,South East,Occasional,2024-07-09,Beauty,Skincare Set,1,120000,0.05,114000.0,1000,Wallet,Mobile App,,,4.0,3.0,yes
CUST02599,ORD002599,PRD0002,2348050215546,Customer 2599,,36-45,Enugu,South East,Regular,2026-01-16,Electronics,Smartphone,4,75000,0.15,255000.0,1500,Cash on Delivery,Website,Completed,delivered,5.0,5.0,No
CUST02600,ORD002600,PRD0008,2348078845647, Customer 2600 ,male,60+,Kano,North West,Regular,2025-02-28,Electronics,Smartphone,5,7500,0.0,37500.0,1000,Wallet,Instagram,Pending,In Transit,6.0,5.0,yes
CUST02601,ORD002601,PRD0022,2348099657567,Customer 2601, f ,36-45,Enugu,South East,Regular,2026-02-23,Sports,Football,2,25000,0.2,40000.0,1000,bank transfer,Instagram,,Delayed,14.0,,No
CUST02602,ORD002602,PRD0029,2348066013546,Customer 2602,Male,46-60,Port Harcourt,South South,Occasional,2024-01-22,Sports,Running Shoes,4,75000,0.0,300000.0,0,Cash on Delivery,Marketplace,Completed,,,5.0,NO
CUST02603,ORD002603,PRD0009,2348026216127,Customer 2603, f ,18-25,Kano,North West,REGULAR,2025-11-09,Home & Kitchen,Blender,5,3500,0.1,15750.0,1000,Bank Transfer,Website,COMPLETED,Delivered,,4.0,No
CUST02604,ORD002604,PRD0007,2348064587360,Customer 2604,,36-45,Kaduna,North West,premium ,2024-06-21,Fashion,Sneakers,5,5000,0.2,20000.0,0,Cash on Delivery,,Cancelled,Delivered,3.0,5.0,Yes
CUST02605,ORD002605,PRD0024,2348023199459,Customer 2605,Female,46-60,Abuja,North Central,Regular,2026-06-02,Electronics,Smartphone,2,75000,0.1,135000.0,1500,bank transfer,Marketplace,completed,Returned,,5.0,
CUST02606,ORD002606,PRD0022,2348089649196,Customer 2606,female,26-35,Ibadan,South West,Premium,2026-07-22,Electronics,Laptop,4,15000,0.05,57000.0,0,Bank Transfer,Mobile App,Completed,Returned,3.0,5.0,Yes
CUST02607,ORD002607,PRD0022,2348035354713,Customer 2607,Male,,Enugu,South East,Occasional,2026-07-18,Groceries,Rice,3,25000,0.0,75000.0,1500,CARD,Mobile App,Pending,delivered,1.0,,Yes
CUST02608,ORD002608,PRD0029,2348041858165,Customer 2608,Male,60+,Benin City,South South,Premium,2025-04-29,Electronics,Wireless Earbuds,2,3500,0.15,5950.0,1500,CARD,Mobile App,Completed,,3.0,1.0,NO
CUST02609,ORD002609,PRD0019,2348072202485,Customer 2609,M,46-60,Benin City,South South,Premium,2025-09-26,Groceries,Cereal,4,75000,0.0,300000.0,1000,,Mobile App,completed,,2.0,4.0,NO
CUST02610,ORD002610,PRD0008,2348070483320,Customer 2610,FEMALE,26-35,Enugu,South East,Occasional,2024-03-22,Sports,Gym Bag,2,15000,0.15,25500.0,3500,Cash on Delivery,Website,COMPLETED,Delivered,12.0,1.0,No
CUST02611,ORD002611,PRD0003,2348064759286,Customer 2611,,60+,Abuja,North Central,Regular,2024-08-23,Beauty,Makeup Kit,1,10000,0.15,8500.0,3500,Cash on Delivery,Instagram,cancelled,,6.0,5.0,Yes
CUST02612,ORD002612,PRD0004,2348015989148,Customer 2612,F,46-60,Abuja,North Central,Premium,2025-02-22,Beauty,Makeup Kit,1,40000,0.0,40000.0,3500,bank transfer,website,Cancelled,Delivered,12.0,5.0,
CUST02613,ORD002613,PRD0027,2348010226542,Customer 2613,Male,,Kaduna,North West,Premium,2026-01-08,Electronics,Smartphone,3,25000,0.15,63750.0,1000,Wallet,Store,pending,Returned,7.0,5.0,Yes
CUST02614,ORD002614,PRD0003,2348045047816,Customer 2614,male,36-45,Kano,North West,Regular,2025-10-02,Beauty,Hair Dryer,4,15000,0.15,51000.0,1500,bank transfer,Marketplace,,Returned,12.0,4.0,No
CUST02615,ORD002615,PRD0015,2348029656940,Customer 2615,,60+,Ibadan,South West,Occasional,2025-01-21,Beauty,Perfume,5,7500,0.15,31875.0,1500,,Website,Completed,Delivered,14.0,5.0,No
CUST02616,ORD002616,PRD0017,2348069345365,Customer 2616,female,46-60,Lagos,South West,Business,2026-05-10,Electronics,Smart TV,3,75000,0.1,202500.0,1500,USSD,Store,Cancelled,Delivered,4.0,4.0,No
CUST02617,ORD002617,PRD0006,2348013243649,Customer 2617,F,26-35,Ibadan,South West,Occasional,2024-09-18,Home & Kitchen,Blender,3,120000,0.0,360000.0,1000,,website,Completed,Delayed,11.0,4.0,No
CUST02618,ORD002618,PRD0012,2348067682856,Customer 2618,Male,46-60,Lagos,South West,REGULAR,2025-01-01,Sports,Running Shoes,5,5000,0.2,20000.0,0,Bank Transfer,website,completed,delivered,4.0,3.0,
CUST02619,ORD002619,PRD0008,2348082013179,Customer 2619,Male,18-25,Lagos,South West,Premium,2025-08-10,Fashion,Handbag,1,5000,0.0,5000.0,1500,Cash on Delivery,Mobile App,completed,Delivered,11.0,,
CUST02620,ORD002620,PRD0017,2348084960722,Customer 2620,,18-25,Kaduna,North West,Regular,2026-07-30,Groceries,Cooking Oil,4,75000,0.0,300000.0,1500,Cash on Delivery,Mobile App,Pending,Delayed,11.0,4.0,
CUST02621,ORD002621,PRD0009,2348026795291,Customer 2621, m ,36-45,Enugu,South East,premium ,2026-03-06,Fashion,Shirt,3,10000,0.1,27000.0,0,Card,Store,Cancelled,In Transit,10.0,3.0,No
CUST02622,ORD002622,PRD0027,2348036313687,Customer 2622,,46-60,Benin City,South South,premium ,2025-08-16,Sports,Yoga Mat,3,75000,0.15,191250.0,1000,USSD,Store,Cancelled,DELIVERED,9.0,4.0,NO
CUST02623,ORD002623,PRD0018,2348074133077,Customer 2623,Male,36-45,Benin City,South South,Occasional,2026-07-08,Beauty,Hair Dryer,5,120000,0.0,600000.0,3500,Bank Transfer,Website,Pending,,10.0,4.0,Yes
CUST02624,ORD002624,PRD0028,2348089422557,Customer 2624,Male,,Benin City,South South,premium ,2024-03-04,Beauty,Skincare Set,1,25000,0.05,23750.0,2500,Bank Transfer,Website,COMPLETED,In Transit,5.0,5.0,No
CUST02625,ORD002625,PRD0029,2348073089229, Customer 2625 ,M,46-60,Kaduna,North West,Business,2024-10-27,Sports,Running Shoes,5,40000,0.2,160000.0,3500,CARD,Store,completed,In Transit,6.0,4.0,Yes
CUST02626,ORD002626,PRD0028,2348082451298,Customer 2626, m ,,Benin City,South South,Regular,2024-08-03,Sports,Yoga Mat,5,40000,0.1,180000.0,0,Cash on Delivery,,cancelled,Delivered,3.0,1.0,Yes
CUST02627,ORD002627,PRD0006,2348042019588,Customer 2627,Male,60+,Kano,North West,Regular,2025-06-14,Fashion,Sneakers,2,75000,0.1,135000.0,3500,USSD,,,,13.0,,No
CUST02628,ORD002628,PRD0017,2348059146621,Customer 2628,Male,36-45,Kaduna,North West,Occasional,2024-01-21,Fashion,Shirt,4,120000,0.0,480000.0,3500,Bank Transfer,Instagram,,delivered,14.0,1.0,No
CUST02629,ORD002629,PRD0001,2348099255887,Customer 2629,,18-25,Kaduna,North West,Occasional,2025-06-08,Groceries,Cereal,1,7500,0.15,6375.0,1000,,Marketplace,Completed,Delivered,5.0,4.0,No
CUST02630,ORD002630,PRD0002,2348028756385,Customer 2630,,60+,Enugu,South East,Occasional,2024-04-09,Sports,Football,5,5000,0.0,25000.0,1000,Cash on Delivery,Instagram,Pending,Delivered,6.0,,Yes
CUST02631,ORD002631,PRD0026,2348059419651,Customer 2631,,26-35,Enugu,South East,Occasional,2025-01-06,Electronics,Laptop,3,15000,0.2,36000.0,2500,Bank Transfer,Mobile App,completed,DELIVERED,5.0,5.0,Yes
CUST02632,ORD002632,PRD0001,2348027638201,Customer 2632,female,,Lagos,South West,Business,2025-04-08,Beauty,Hair Dryer,4,3500,0.15,11900.0,1500,CARD,mobile app,Completed,,2.0,5.0,NO
CUST02633,ORD002633,PRD0011,2348015492722,Customer 2633,Female,60+,Port Harcourt,South South,Business,2024-11-26,Groceries,Cereal,3,120000,0.05,342000.0,1500,Cash on Delivery,mobile app,Cancelled,Delayed,1.0,5.0,yes
CUST02634,ORD002634,PRD0003,2348025299400,Customer 2634,,18-25,Kano,North West,Regular,2026-07-10,Sports,Gym Bag,3,10000,0.0,30000.0,3500,USSD,,pending,Delivered,7.0,,Yes
CUST02635,ORD002635,PRD0010,2348040948543,Customer 2635,Male,46-60,Abuja,North Central,premium ,2025-01-24,Beauty,Makeup Kit,1,75000,0.05,71250.0,3500,Card,Website,,In Transit,6.0,4.0,Yes
CUST02636,ORD002636,PRD0025,2348056281622,Customer 2636,Female,18-25,Abuja,North Central,premium ,2024-07-13,Sports,Running Shoes,2,40000,0.0,80000.0,0,USSD,Mobile App,completed,,11.0,3.0,No
CUST02637,ORD002637,PRD0029,2348024203283,Customer 2637,Female,46-60,Kaduna,North West,Business,2024-01-09,Sports,Running Shoes,2,15000,0.1,27000.0,1000,Card,Instagram,Pending,Delayed,2.0,1.0,yes
CUST02638,ORD002638,PRD0004,2348052681044,Customer 2638,F,60+,Kano,North West,,2025-09-29,Fashion,Jeans,5,15000,0.15,63750.0,2500,CARD,Store,cancelled,DELIVERED,4.0,2.0,Yes
CUST02639,ORD002639,PRD0009,2348057374015,Customer 2639,M,26-35,Lagos,South West,Business,2026-01-25,Beauty,Perfume,1,10000,0.05,9500.0,0,bank transfer,,Completed,Delayed,2.0,5.0,Yes
CUST02640,ORD002640,PRD0025,2348084436493,Customer 2640,female,60+,Enugu,South East,Premium,2024-04-04,Fashion,Shirt,2,15000,0.1,27000.0,1000,Card,Website,,Delayed,11.0,2.0,Yes
CUST02641,ORD002641,PRD0026,2348069056095,Customer 2641,Female,60+,Enugu,South East,Occasional,2026-05-28,Beauty,Hair Dryer,1,10000,0.0,10000.0,1500,bank transfer,Store,Completed,In Transit,7.0,5.0,No
CUST02642,ORD002642,PRD0017,2348049342465,Customer 2642,Female,60+,Abuja,North Central,Premium,2025-01-14,Groceries,Rice,3,15000,0.15,38250.0,2500,USSD,Website,cancelled,Delivered,14.0,4.0,NO
CUST02643,ORD002643,PRD0008,2348092203818,Customer 2643,Female,46-60,Kano,North West,Regular,2025-10-04,Sports,Gym Bag,3,10000,0.1,27000.0,1500,Wallet,,Cancelled,Delivered,5.0,4.0,
CUST02644,ORD002644,PRD0010,2348096457918,Customer 2644,Female,18-25,Port Harcourt,South South,Occasional,2025-05-29,Groceries,Cooking Oil,5,3500,0.0,17500.0,2500,Card,Website,Completed,delivered,9.0,5.0,No
CUST02645,ORD002645,PRD0029,2348013292139,Customer 2645,Female,36-45,Abuja,North Central,Regular,2026-01-05,Fashion,Sneakers,3,3500,0.05,9975.0,0,Cash on Delivery,Instagram,,Delivered,5.0,4.0,Yes
CUST02646,ORD002646,PRD0007,2348038622993,Customer 2646,FEMALE,18-25,Abuja,North Central,Premium,2025-09-05,Groceries,Cereal,1,7500,0.2,6000.0,1500,CARD,mobile app,Cancelled,In Transit,3.0,2.0,No
CUST02647,ORD002647,PRD0005,2348027210377,Customer 2647,Female,,Port Harcourt,South South,Regular,2024-10-22,Beauty,Hair Dryer,2,25000,0.2,40000.0,1500,Bank Transfer,Mobile App,completed,delivered,3.0,,Yes
CUST02648,ORD002648,PRD0018,2348067922979,Customer 2648,,26-35,Kano,North West,Regular,2024-08-03,Sports,Yoga Mat,1,10000,0.0,10000.0,3500,USSD,Mobile App,Completed,,8.0,5.0,No
CUST02649,ORD002649,PRD0001,2348048840840,Customer 2649,Male,36-45,Benin City,South South,Business,2026-04-28,Sports,Gym Bag,4,75000,0.1,270000.0,2500,bank transfer,Marketplace,Completed,Delayed,3.0,3.0,Yes
CUST02650,ORD002650,PRD0011,2348022905886, Customer 2650 ,F,,Ibadan,South West,Regular,2026-08-17,Beauty,Perfume,5,40000,0.2,160000.0,2500,Card,Marketplace,Completed,Returned,8.0,4.0,No
CUST02651,ORD002651,PRD0014,2348096571097,Customer 2651,Female,60+,Ibadan,South West,Regular,2025-11-18,Fashion,Shirt,4,7500,0.05,28500.0,0,bank transfer,Store,COMPLETED,delivered,2.0,4.0,No
CUST02652,ORD002652,PRD0010,2348020415622,Customer 2652,,36-45,Lagos,South West,Business,2024-12-06,Electronics,Wireless Earbuds,5,5000,0.0,25000.0,2500,Cash on Delivery,website,cancelled,DELIVERED,13.0,4.0,yes
CUST02653,ORD002653,PRD0016,2348080912361,Customer 2653,Female,,Abuja,North Central,premium ,2024-08-27,Fashion,Handbag,4,7500,0.05,28500.0,2500,Bank Transfer,Website,pending,delivered,,3.0,yes
CUST02654,ORD002654,PRD0030,2348035282307,Customer 2654,,60+,Port Harcourt,South South,Premium,2024-03-30,Sports,Running Shoes,4,5000,0.2,16000.0,3500,USSD,,,,3.0,4.0,No
CUST02655,ORD002655,PRD0008,2348028159288,Customer 2655,F,18-25,Benin City,South South,Regular,2026-08-07,Groceries,Beverage Pack,4,5000,0.1,18000.0,2500,Cash on Delivery,Mobile App,completed,,5.0,4.0,No
CUST02656,ORD002656,PRD0011,2348028916698,Customer 2656,Female,46-60,Abuja,North Central,,2025-03-26,Beauty,Hair Dryer,3,120000,0.15,306000.0,3500,Bank Transfer,,completed,In Transit,4.0,2.0,Yes
CUST02657,ORD002657,PRD0005,2348061004863,Customer 2657,Female,,Lagos,South West,Premium,2025-07-02,Electronics,Laptop,4,25000,0.1,90000.0,3500,Card,Website,completed,Delayed,6.0,4.0,Yes
CUST02658,ORD002658,PRD0009,2348015757970,Customer 2658,Male,26-35,Benin City,South South,premium ,2024-07-26,Groceries,Rice,1,5000,0.0,5000.0,3500,Cash on Delivery,,Cancelled,In Transit,6.0,,No
CUST02659,ORD002659,PRD0003,2348041170274,Customer 2659,,46-60,Kaduna,North West,Premium,2025-04-20,Electronics,Smart TV,3,25000,0.2,60000.0,1000,Wallet,Marketplace,Completed,Delivered,7.0,5.0,NO
CUST02660,ORD002660,PRD0016,2348074156704,Customer 2660,Male,,Enugu,South East,Regular,2025-05-05,Sports,Gym Bag,1,3500,0.1,3150.0,1500,,Mobile App,Completed,delivered,7.0,3.0,No
CUST02661,ORD002661,PRD0004,2348010598058,Customer 2661,male,,Kano,North West,Premium,2025-07-21,Beauty,Hair Dryer,1,7500,0.15,6375.0,3500,USSD,Website,,delivered,2.0,5.0,NO
CUST02662,ORD002662,PRD0002,2348028353907,Customer 2662,MALE,,Kaduna,North West,REGULAR,2025-09-27,Home & Kitchen,Vacuum Cleaner,1,15000,0.0,15000.0,2500,,Instagram,Pending,Delivered,5.0,,No
CUST02663,ORD002663,PRD0011,2348085573843,Customer 2663,Female,60+,Kaduna,North West,Occasional,2024-12-05,Home & Kitchen,Cookware Set,5,75000,0.0,375000.0,1500,USSD,Website,Pending,delivered,13.0,4.0,
CUST02664,ORD002664,PRD0017,2348048066346,Customer 2664,Female,46-60,Ibadan,South West,Premium,2026-05-13,Home & Kitchen,Vacuum Cleaner,2,5000,0.0,10000.0,1500,Cash on Delivery,Marketplace,Completed,In Transit,4.0,,Yes
CUST02665,ORD002665,PRD0011,2348048109404,Customer 2665,Female,36-45,Port Harcourt,South South,Occasional,2024-02-11,Electronics,Smart TV,5,3500,0.1,15750.0,3500,Cash on Delivery,Website,completed,In Transit,9.0,5.0,No
CUST02666,ORD002666,PRD0030,2348074109669,Customer 2666,Female,18-25,Enugu,South East,Regular,2025-05-29,Electronics,Wireless Earbuds,4,25000,0.0,100000.0,0,CARD,Instagram,completed,In Transit,1.0,3.0,No
CUST02667,ORD002667,PRD0016,2348052438663,Customer 2667,Female,18-25,Ibadan,South West,premium ,2025-10-13,Electronics,Wireless Earbuds,5,7500,0.1,33750.0,3500,Cash on Delivery,Store,COMPLETED,Delivered,13.0,5.0,No
CUST02668,ORD002668,PRD0009,2348053788460,Customer 2668,Male,60+,Port Harcourt,South South,,2024-07-06,Fashion,Handbag,2,3500,0.05,6650.0,2500,Card,Mobile App,Returned,Delayed,4.0,4.0,
CUST02669,ORD002669,PRD0024,2348059727397,Customer 2669,female,,Enugu,South East,Business,2024-10-14,Electronics,Wireless Earbuds,3,40000,0.15,102000.0,3500,Wallet,Mobile App,completed,Delivered,2.0,3.0,NO
CUST02670,ORD002670,PRD0005,2348029686894,Customer 2670,female,26-35,Enugu,South East,Regular,2024-04-01,Beauty,Perfume,5,15000,0.2,60000.0,1500,USSD,website,,Delivered,,4.0,Yes
CUST02671,ORD002671,PRD0014,2348087935925,Customer 2671,,,Ibadan,South West,Premium,2025-12-08,Electronics,Smartphone,5,25000,0.15,106250.0,1500,Wallet,Marketplace,Completed,In Transit,1.0,5.0,No
CUST02672,ORD002672,PRD0028,2348096921011,Customer 2672,Female,18-25,Benin City,South South,Regular,2026-04-18,Fashion,Jeans,2,15000,0.2,24000.0,3500,Cash on Delivery,Store,Completed,DELIVERED,4.0,5.0,Yes
CUST02673,ORD002673,PRD0017,2348014535118,Customer 2673,,,Enugu,South East,Business,2024-07-08,Electronics,Wireless Earbuds,3,40000,0.1,108000.0,0,Cash on Delivery,Store,completed,,8.0,5.0,
CUST02674,ORD002674,PRD0018,2348093505288,Customer 2674,Female,18-25,Port Harcourt,South South,Premium,2024-08-12,Home & Kitchen,Cookware Set,5,10000,0.15,42500.0,1500,USSD,website,COMPLETED,Delivered,7.0,2.0,No
CUST02675,ORD002675,PRD0024,2348060339954, Customer 2675 ,M,18-25,Enugu,South East,Premium,2024-10-10,Home & Kitchen,Blender,3,15000,0.15,38250.0,2500,Wallet,website,COMPLETED,delivered,14.0,3.0,No
CUST02676,ORD002676,PRD0004,2348056788400,Customer 2676,male,,Lagos,South West,Premium,2024-08-21,Fashion,Handbag,4,15000,0.05,57000.0,1000,Card,Marketplace,,Delivered,2.0,2.0,NO
CUST02677,ORD002677,PRD0012,2348064627693,Customer 2677,Male,46-60,Ibadan,South West,Regular,2025-08-02,Fashion,Jeans,3,120000,0.1,324000.0,2500,Cash on Delivery,Store,Completed,Delivered,9.0,5.0,No
CUST02678,ORD002678,PRD0026,2348023059658,Customer 2678,M,18-25,Lagos,South West,REGULAR,2025-07-03,Home & Kitchen,Vacuum Cleaner,2,7500,0.2,12000.0,1500,CARD,Store,pending,Delivered,3.0,4.0,
CUST02679,ORD002679,PRD0026,2348050262105,Customer 2679,female,46-60,Port Harcourt,South South,REGULAR,2025-02-18,Fashion,Shirt,4,3500,0.05,13300.0,1500,Cash on Delivery,Website,Completed,Delivered,11.0,5.0,NO
CUST02680,ORD002680,PRD0029,2348095559122,Customer 2680,,,Port Harcourt,South South,Premium,2024-11-30,Groceries,Beverage Pack,2,120000,0.15,204000.0,1000,Bank Transfer,,COMPLETED,In Transit,3.0,5.0,Yes
CUST02681,ORD002681,PRD0007,2348020076427,Customer 2681,Male,60+,Kaduna,North West,premium ,2024-05-04,Fashion,Shirt,1,10000,0.15,8500.0,3500,bank transfer,website,,,11.0,4.0,
CUST02682,ORD002682,PRD0021,2348021703445,Customer 2682,Female,60+,Port Harcourt,South South,Occasional,2026-06-20,Groceries,Rice,5,75000,0.05,356250.0,0,USSD,Mobile App,cancelled,Delayed,7.0,5.0,
CUST02683,ORD002683,PRD0022,2348033951341,Customer 2683,female,60+,Kano,North West,Regular,2025-07-08,Beauty,Hair Dryer,5,25000,0.0,125000.0,0,CARD,Website,COMPLETED,Delayed,13.0,5.0,No
CUST02684,ORD002684,PRD0030,2348064399248,Customer 2684,female,60+,Benin City,South South,Premium,2024-07-07,Beauty,Skincare Set,1,10000,0.15,8500.0,1000,Cash on Delivery,Website,cancelled,Delivered,,3.0,NO
CUST02685,ORD002685,PRD0004,2348096503909,Customer 2685,Female,36-45,Enugu,South East,Occasional,2025-07-22,Beauty,Makeup Kit,3,7500,0.05,21375.0,1000,Bank Transfer,Store,Completed,Delayed,10.0,4.0,No
CUST02686,ORD002686,PRD0007,2348021856862,Customer 2686,,26-35,Abuja,North Central,Regular,2025-11-22,Sports,Running Shoes,5,10000,0.05,47500.0,0,USSD,Marketplace,Returned,Delivered,3.0,1.0,Yes
CUST02687,ORD002687,PRD0001,2348085674430,Customer 2687,M,18-25,Lagos,South West,Regular,2024-12-25,Beauty,Perfume,4,40000,0.0,160000.0,1500,,Mobile App,completed,In Transit,,2.0,No
CUST02688,ORD002688,PRD0011,2348056238498,Customer 2688,,46-60,Abuja,North Central,,2025-03-28,Beauty,Hair Dryer,2,15000,0.15,25500.0,1500,Cash on Delivery,Instagram,Cancelled,In Transit,5.0,4.0,
CUST02689,ORD002689,PRD0029,2348010318428,Customer 2689,,60+,Enugu,South East,Regular,2024-08-07,Sports,Gym Bag,3,75000,0.0,225000.0,1500,bank transfer,Store,Cancelled,In Transit,4.0,4.0,No
CUST02690,ORD002690,PRD0025,2348060446780,Customer 2690,F,,Benin City,South South,premium ,2024-09-01,Groceries,Rice,5,25000,0.1,112500.0,1000,,Website,COMPLETED,,10.0,5.0,No
CUST02691,ORD002691,PRD0016,2348027286503,Customer 2691,Female,26-35,Kaduna,North West,Regular,2024-03-30,Sports,Gym Bag,2,10000,0.0,20000.0,1000,USSD,Mobile App,Completed,Delivered,4.0,,
CUST02692,ORD002692,PRD0017,2348062077928,Customer 2692,female,46-60,Benin City,South South,Occasional,2025-10-01,Home & Kitchen,Air Fryer,4,120000,0.05,456000.0,3500,USSD,Website,COMPLETED,Delivered,5.0,4.0,yes
CUST02693,ORD002693,PRD0001,2348085493110,Customer 2693,Female,36-45,Lagos,South West,Occasional,2026-03-25,Beauty,Skincare Set,5,7500,0.2,30000.0,0,Bank Transfer,mobile app,Completed,Delayed,5.0,4.0,No
CUST02694,ORD002694,PRD0011,2348096486831,Customer 2694,Male,60+,Kaduna,North West,premium ,2024-07-01,Groceries,Rice,3,75000,0.1,202500.0,1500,,Marketplace,Cancelled,delivered,7.0,3.0,
CUST02695,ORD002695,PRD0025,2348030281459,Customer 2695,Male,36-45,Ibadan,South West,Regular,2024-09-15,Groceries,Cereal,5,120000,0.15,510000.0,1500,Card,Store,Returned,,14.0,4.0,yes
CUST02696,ORD002696,PRD0019,2348024198632,Customer 2696,Female,,Port Harcourt,South South,Regular,2024-07-02,Beauty,Makeup Kit,5,10000,0.0,50000.0,2500,Card,mobile app,Cancelled,delivered,,5.0,No
CUST02697,ORD002697,PRD0024,2348020680177,Customer 2697,M,,Kaduna,North West,Regular,2025-02-10,Electronics,Smart TV,3,40000,0.05,114000.0,0,Bank Transfer,Website,,Delayed,5.0,5.0,NO
CUST02698,ORD002698,PRD0012,2348022241139,Customer 2698,Male,,Abuja,North Central,Occasional,2026-07-24,Beauty,Hair Dryer,2,15000,0.15,25500.0,1500,Card,,cancelled,delivered,3.0,4.0,
CUST02699,ORD002699,PRD0022,2348053874618,Customer 2699,Male,26-35,Ibadan,South West,,2024-05-02,Electronics,Laptop,5,7500,0.0,37500.0,1500,Card,Mobile App,completed,Delivered,5.0,4.0,Yes
CUST02700,ORD002700,PRD0013,2348054643706, Customer 2700 ,Female,60+,Kano,North West,Regular,2025-07-27,Beauty,Perfume,3,75000,0.05,213750.0,1000,USSD,Marketplace,Pending,DELIVERED,13.0,,No
CUST02701,ORD002701,PRD0025,2348033016146,Customer 2701,Female,,Benin City,South South,Premium,2026-01-16,Fashion,Sneakers,4,40000,0.05,152000.0,1000,USSD,,Returned,In Transit,13.0,5.0,NO
CUST02702,ORD002702,PRD0022,2348057613789,Customer 2702, m ,,Kaduna,North West,Occasional,2025-08-29,Fashion,Handbag,2,40000,0.05,76000.0,3500,USSD,Marketplace,completed,DELIVERED,,1.0,No
CUST02703,ORD002703,PRD0001,2348037102587,Customer 2703,Female,18-25,Kaduna,North West,REGULAR,2026-05-07,Sports,Running Shoes,2,3500,0.15,5950.0,1000,Wallet,website,cancelled,Returned,4.0,3.0,Yes
CUST02704,ORD002704,PRD0008,2348082852379,Customer 2704,Female,60+,Lagos,South West,Regular,2025-09-26,Sports,Yoga Mat,4,15000,0.1,54000.0,2500,USSD,mobile app,Returned,Delivered,6.0,3.0,NO
CUST02705,ORD002705,PRD0006,2348048571298,Customer 2705,,60+,Kano,North West,Premium,2025-08-03,Groceries,Cooking Oil,3,3500,0.0,10500.0,2500,Wallet,Website,Completed,In Transit,3.0,2.0,
CUST02706,ORD002706,PRD0004,2348070863158,Customer 2706,Male,,Lagos,South West,Premium,2025-12-28,Fashion,Shirt,2,40000,0.2,64000.0,3500,Card,Marketplace,completed,,3.0,4.0,Yes
CUST02707,ORD002707,PRD0018,2348013805487,Customer 2707,Female,36-45,Lagos,South West,,2024-04-19,Groceries,Beverage Pack,1,25000,0.0,25000.0,1000,Bank Transfer,website,Returned,Returned,5.0,4.0,
CUST02708,ORD002708,PRD0021,2348094228581,Customer 2708,,,Ibadan,South West,Regular,2024-04-27,Beauty,Skincare Set,4,3500,0.2,11200.0,1500,USSD,Marketplace,cancelled,In Transit,9.0,,No
CUST02709,ORD002709,PRD0020,2348059072753,Customer 2709,Male,18-25,Benin City,South South,Occasional,2024-12-24,Home & Kitchen,Vacuum Cleaner,5,7500,0.05,35625.0,1000,Cash on Delivery,,Completed,Returned,3.0,5.0,No
CUST02710,ORD002710,PRD0018,2348093188147,Customer 2710,,46-60,Abuja,North Central,REGULAR,2025-10-30,Home & Kitchen,Cookware Set,4,10000,0.0,40000.0,2500,Cash on Delivery,mobile app,Pending,delivered,9.0,4.0,NO
CUST02711,ORD002711,PRD0009,2348046641880,Customer 2711,Female,26-35,Port Harcourt,South South,Regular,2025-01-09,Sports,Gym Bag,4,10000,0.2,32000.0,2500,,mobile app,Completed,Delayed,11.0,4.0,yes
CUST02712,ORD002712,PRD0026,2348034703084,Customer 2712,Male,,Ibadan,South West,,2024-04-06,Fashion,Jeans,3,7500,0.1,20250.0,1500,USSD,Website,Cancelled,delivered,14.0,5.0,Yes
CUST02713,ORD002713,PRD0009,2348052999633,Customer 2713,Male,46-60,Kaduna,North West,premium ,2026-03-18,Home & Kitchen,Vacuum Cleaner,5,75000,0.1,337500.0,0,USSD,Store,Completed,delivered,7.0,2.0,No
CUST02714,ORD002714,PRD0007,2348087149139,Customer 2714,Male,36-45,Ibadan,South West,Occasional,2024-12-14,Groceries,Beverage Pack,5,75000,0.0,375000.0,1000,Card,,Returned,In Transit,11.0,3.0,No
CUST02715,ORD002715,PRD0007,2348031199304,Customer 2715, m ,60+,Abuja,North Central,,2025-10-12,Fashion,Shirt,2,3500,0.0,7000.0,1500,Bank Transfer,mobile app,Returned,,14.0,4.0,NO
CUST02716,ORD002716,PRD0004,2348099695515,Customer 2716,,26-35,Port Harcourt,South South,Regular,2024-07-15,Home & Kitchen,Blender,5,75000,0.05,356250.0,3500,Bank Transfer,mobile app,Completed,,8.0,2.0,
CUST02717,ORD002717,PRD0013,2348020305776,Customer 2717,M,36-45,Ibadan,South West,Premium,2024-05-10,Sports,Gym Bag,3,7500,0.2,18000.0,3500,Cash on Delivery,Website,pending,Delivered,3.0,,yes
CUST02718,ORD002718,PRD0003,2348061649258,Customer 2718,,36-45,Enugu,South East,REGULAR,2026-01-10,Electronics,Laptop,1,15000,0.0,15000.0,1000,Bank Transfer,Instagram,COMPLETED,In Transit,12.0,5.0,
CUST02719,ORD002719,PRD0027,2348011389787,Customer 2719,Male,,Kaduna,North West,Occasional,2024-12-21,Fashion,Shirt,5,5000,0.1,22500.0,1000,bank transfer,Marketplace,pending,delivered,3.0,4.0,
CUST02720,ORD002720,PRD0005,2348028787850,Customer 2720,,46-60,Benin City,South South,Premium,2024-10-28,Electronics,Smartphone,3,75000,0.1,202500.0,1000,Wallet,Store,completed,In Transit,7.0,5.0,yes
CUST02721,ORD002721,PRD0026,2348046040284,Customer 2721,,46-60,Enugu,South East,REGULAR,2024-11-30,Electronics,Smart TV,4,15000,0.1,54000.0,1000,Bank Transfer,Marketplace,Completed,delivered,3.0,5.0,No
CUST02722,ORD002722,PRD0008,2348023883198,Customer 2722,MALE,26-35,Lagos,South West,Premium,2026-06-22,Sports,Football,3,10000,0.0,30000.0,2500,CARD,Instagram,,DELIVERED,13.0,2.0,NO
CUST02723,ORD002723,PRD0019,2348021556373,Customer 2723,Male,26-35,Benin City,South South,Business,2026-07-05,Groceries,Rice,1,5000,0.15,4250.0,2500,bank transfer,Website,pending,,,4.0,Yes
CUST02724,ORD002724,PRD0003,2348021317519,Customer 2724,M,18-25,Port Harcourt,South South,Regular,2025-12-30,Electronics,Smartphone,3,75000,0.15,191250.0,3500,,mobile app,COMPLETED,In Transit,6.0,4.0,NO
CUST02725,ORD002725,PRD0030,2348022399519, Customer 2725 ,,26-35,Kaduna,North West,Premium,2024-01-27,Fashion,Handbag,2,15000,0.0,30000.0,3500,Card,Store,Cancelled,In Transit,5.0,2.0,yes
CUST02726,ORD002726,PRD0009,2348049022665,Customer 2726,F,26-35,Lagos,South West,Occasional,2026-05-20,Home & Kitchen,Cookware Set,2,3500,0.05,6650.0,3500,Bank Transfer,website,completed,Delivered,5.0,5.0,yes
CUST02727,ORD002727,PRD0007,2348025641282,Customer 2727,M,18-25,Benin City,South South,Occasional,2024-05-15,Groceries,Cooking Oil,2,120000,0.15,204000.0,1500,USSD,Website,Pending,delivered,12.0,,
CUST02728,ORD002728,PRD0002,2348041730818,Customer 2728, m ,36-45,Abuja,North Central,Business,2025-07-01,Sports,Gym Bag,3,40000,0.1,108000.0,0,Bank Transfer,Website,completed,Delivered,10.0,3.0,NO
CUST02729,ORD002729,PRD0004,2348032500800,Customer 2729,FEMALE,18-25,Enugu,South East,Regular,2026-06-02,Groceries,Beverage Pack,3,15000,0.0,45000.0,0,Card,Website,,In Transit,2.0,5.0,NO
CUST02730,ORD002730,PRD0025,2348044608552,Customer 2730,,46-60,Port Harcourt,South South,Occasional,2024-05-31,Sports,Football,2,3500,0.1,6300.0,2500,Cash on Delivery,Store,Completed,Delayed,12.0,,
CUST02731,ORD002731,PRD0009,2348031941425,Customer 2731,F,18-25,Kano,North West,Regular,2024-04-24,Groceries,Cooking Oil,3,40000,0.05,114000.0,2500,,mobile app,Completed,Delayed,3.0,3.0,No
CUST02732,ORD002732,PRD0010,2348036070294,Customer 2732,F,18-25,Benin City,South South,Regular,2025-01-08,Groceries,Cereal,2,5000,0.05,9500.0,0,Cash on Delivery,website,,Returned,14.0,4.0,yes
CUST02733,ORD002733,PRD0001,2348092498332,Customer 2733,,46-60,Benin City,South South,Premium,2026-08-11,Groceries,Beverage Pack,4,3500,0.05,13300.0,1500,USSD,Website,Cancelled,In Transit,4.0,4.0,No
CUST02734,ORD002734,PRD0008,2348022168188,Customer 2734,Female,18-25,Benin City,South South,REGULAR,2025-09-09,Electronics,Wireless Earbuds,1,40000,0.15,34000.0,1000,Card,Website,Returned,,1.0,,NO
CUST02735,ORD002735,PRD0003,2348027995277,Customer 2735,Male,46-60,Ibadan,South West,Regular,2025-12-26,Home & Kitchen,Air Fryer,2,25000,0.15,42500.0,3500,CARD,Store,Pending,Returned,2.0,5.0,NO
CUST02736,ORD002736,PRD0029,2348077444028,Customer 2736,FEMALE,60+,Ibadan,South West,Occasional,2025-07-22,Sports,Gym Bag,3,7500,0.2,18000.0,3500,CARD,Marketplace,cancelled,Returned,14.0,5.0,
CUST02737,ORD002737,PRD0029,2348013269056,Customer 2737,Male,36-45,Lagos,South West,Business,2025-03-31,Electronics,Smart TV,5,40000,0.05,190000.0,1000,Bank Transfer,Store,cancelled,DELIVERED,4.0,4.0,Yes
CUST02738,ORD002738,PRD0018,2348085458021,Customer 2738, m ,60+,Kano,North West,Regular,2026-04-30,Home & Kitchen,Blender,5,15000,0.0,75000.0,3500,Cash on Delivery,Store,,Returned,8.0,4.0,Yes
CUST02739,ORD002739,PRD0017,2348091846824,Customer 2739,Female,46-60,Kano,North West,Regular,2024-10-25,Sports,Football,2,75000,0.15,127500.0,2500,Bank Transfer,Website,pending,Delivered,,4.0,No
CUST02740,ORD002740,PRD0017,2348025347712,Customer 2740,,46-60,Benin City,South South,Regular,2026-06-18,Fashion,Handbag,4,75000,0.05,285000.0,0,Cash on Delivery,Marketplace,completed,,4.0,2.0,No
CUST02741,ORD002741,PRD0008,2348085088280,Customer 2741,Male,60+,Kaduna,North West,Occasional,2024-03-11,Sports,Yoga Mat,5,3500,0.05,16625.0,3500,CARD,Mobile App,Completed,,5.0,4.0,Yes
CUST02742,ORD002742,PRD0011,2348087363704,Customer 2742,female,60+,Kano,North West,Occasional,2026-01-29,Beauty,Makeup Kit,5,3500,0.0,17500.0,1500,Cash on Delivery,Store,Returned,Returned,11.0,5.0,No
CUST02743,ORD002743,PRD0020,2348088597971,Customer 2743,MALE,26-35,Kaduna,North West,REGULAR,2025-08-20,Groceries,Rice,1,75000,0.1,67500.0,3500,,Mobile App,Pending,In Transit,3.0,4.0,No
CUST02744,ORD002744,PRD0013,2348031402461,Customer 2744,female,36-45,Abuja,North Central,Premium,2025-02-09,Beauty,Skincare Set,1,40000,0.15,34000.0,2500,Card,Store,Pending,delivered,4.0,4.0,
CUST02745,ORD002745,PRD0030,2348017031720,Customer 2745,M,60+,Port Harcourt,South South,Regular,2024-07-27,Fashion,Shirt,2,120000,0.1,216000.0,1500,Cash on Delivery,Mobile App,Pending,delivered,3.0,3.0,Yes
CUST02746,ORD002746,PRD0028,2348078613996,Customer 2746, m ,,Lagos,South West,Business,2024-07-22,Home & Kitchen,Blender,4,120000,0.2,384000.0,1000,USSD,Instagram,,,,5.0,Yes
CUST02747,ORD002747,PRD0015,2348027433789,Customer 2747,Male,18-25,Benin City,South South,Premium,2025-03-03,Home & Kitchen,Cookware Set,4,15000,0.15,51000.0,1500,Cash on Delivery,Marketplace,completed,Delivered,8.0,4.0,Yes
CUST02748,ORD002748,PRD0002,2348060248173,Customer 2748,Male,36-45,Port Harcourt,South South,REGULAR,2026-03-24,Home & Kitchen,Cookware Set,1,25000,0.2,20000.0,1500,Card,Website,Completed,DELIVERED,5.0,4.0,NO
CUST02749,ORD002749,PRD0008,2348033992734,Customer 2749,Female,18-25,Kaduna,North West,Regular,2026-06-12,Home & Kitchen,Blender,2,25000,0.0,50000.0,2500,Bank Transfer,Marketplace,Completed,Delivered,3.0,4.0,No
CUST02750,ORD002750,PRD0026,2348019608253, Customer 2750 ,Male,36-45,Lagos,South West,Occasional,2024-04-27,Home & Kitchen,Vacuum Cleaner,2,75000,0.15,127500.0,2500,Card,Marketplace,Completed,DELIVERED,11.0,4.0,
CUST02751,ORD002751,PRD0011,2348054662849,Customer 2751,Female,,Lagos,South West,Occasional,2024-01-14,Home & Kitchen,Vacuum Cleaner,4,5000,0.15,17000.0,3500,CARD,Mobile App,,In Transit,13.0,2.0,No
CUST02752,ORD002752,PRD0001,2348025623001,Customer 2752,M,26-35,Benin City,South South,Regular,2025-02-19,Groceries,Cereal,4,7500,0.0,30000.0,1000,Card,Marketplace,Completed,,9.0,4.0,No
CUST02753,ORD002753,PRD0019,2348047231678,Customer 2753,Female,60+,Kaduna,North West,,2025-06-26,Fashion,Jeans,1,120000,0.1,108000.0,1500,Bank Transfer,Marketplace,completed,Delayed,8.0,4.0,NO
CUST02754,ORD002754,PRD0021,2348067784905,Customer 2754,,26-35,Kaduna,North West,Regular,2026-01-22,Groceries,Rice,4,10000,0.05,38000.0,1500,USSD,Instagram,,Delayed,10.0,4.0,Yes
CUST02755,ORD002755,PRD0001,2348042407492,Customer 2755,male,60+,Benin City,South South,Business,2025-10-15,Electronics,Smartphone,3,3500,0.1,9450.0,1500,USSD,Marketplace,Completed,Delivered,12.0,2.0,No
CUST02756,ORD002756,PRD0014,2348055074023,Customer 2756,MALE,26-35,Kaduna,North West,Regular,2025-09-13,Fashion,Handbag,3,7500,0.1,20250.0,0,Bank Transfer,website,COMPLETED,In Transit,14.0,,No
CUST02757,ORD002757,PRD0002,2348035524835,Customer 2757,FEMALE,,Enugu,South East,Occasional,2025-03-25,Sports,Gym Bag,1,75000,0.05,71250.0,0,Cash on Delivery,mobile app,completed,In Transit,13.0,5.0,No
CUST02758,ORD002758,PRD0011,2348033960954,Customer 2758,Male,18-25,Port Harcourt,South South,Occasional,2024-11-02,Sports,Yoga Mat,3,75000,0.0,225000.0,2500,Card,Store,pending,Delivered,9.0,1.0,
CUST02759,ORD002759,PRD0020,2348076492234,Customer 2759,F,18-25,Port Harcourt,South South,Premium,2025-09-01,Home & Kitchen,Blender,3,7500,0.0,22500.0,0,Wallet,,Completed,In Transit,,3.0,
CUST02760,ORD002760,PRD0009,2348074651095,Customer 2760,Female,18-25,Port Harcourt,South South,Regular,2024-10-28,Fashion,Handbag,4,40000,0.05,152000.0,2500,Cash on Delivery,Instagram,Completed,Delivered,1.0,5.0,yes
CUST02761,ORD002761,PRD0001,2348064964514,Customer 2761,M,26-35,Enugu,South East,Premium,2025-06-18,Sports,Football,5,25000,0.0,125000.0,2500,Card,,Completed,Delayed,7.0,4.0,
CUST02762,ORD002762,PRD0027,2348078974248,Customer 2762,F,60+,Kano,North West,Regular,2026-07-30,Home & Kitchen,Air Fryer,2,3500,0.0,7000.0,2500,CARD,Store,Cancelled,In Transit,,4.0,
CUST02763,ORD002763,PRD0012,2348075806934,Customer 2763,,46-60,Enugu,South East,Regular,2025-05-02,Beauty,Makeup Kit,3,10000,0.15,25500.0,0,,website,completed,Delivered,9.0,,NO
CUST02764,ORD002764,PRD0003,2348057338265,Customer 2764,Female,46-60,Ibadan,South West,Occasional,2025-03-02,Groceries,Beverage Pack,3,75000,0.15,191250.0,1000,,mobile app,cancelled,Delayed,,,Yes
CUST02765,ORD002765,PRD0004,2348099728203,Customer 2765,M,36-45,Ibadan,South West,Regular,2026-07-23,Electronics,Laptop,2,120000,0.2,192000.0,0,Card,Mobile App,Completed,Delivered,1.0,4.0,No
CUST02766,ORD002766,PRD0016,2348054713873,Customer 2766,,46-60,Kano,North West,,2024-04-10,Beauty,Makeup Kit,5,10000,0.1,45000.0,3500,,Store,Pending,delivered,9.0,4.0,Yes
CUST02767,ORD002767,PRD0027,2348028675717,Customer 2767,FEMALE,26-35,Lagos,South West,Regular,2024-05-02,Sports,Gym Bag,2,75000,0.1,135000.0,3500,Card,Instagram,Pending,In Transit,2.0,4.0,Yes
CUST02768,ORD002768,PRD0004,2348099034097,Customer 2768,Male,26-35,Kano,North West,Premium,2024-07-21,Electronics,Smart TV,4,3500,0.2,11200.0,1500,Card,Store,,Delayed,6.0,5.0,Yes
CUST02769,ORD002769,PRD0001,2348068776016,Customer 2769, f ,36-45,Port Harcourt,South South,Regular,2026-08-25,Fashion,Jeans,1,7500,0.2,6000.0,1500,Cash on Delivery,Store,Completed,,1.0,5.0,Yes
CUST02770,ORD002770,PRD0005,2348073343762,Customer 2770,Female,26-35,Benin City,South South,Regular,2025-10-25,Groceries,Cooking Oil,1,75000,0.2,60000.0,3500,Card,Website,Completed,Delivered,1.0,2.0,No
CUST02771,ORD002771,PRD0007,2348047653945,Customer 2771,male,18-25,Port Harcourt,South South,REGULAR,2024-03-13,Groceries,Beverage Pack,3,25000,0.2,60000.0,1500,Cash on Delivery,Marketplace,,Delivered,7.0,3.0,No
CUST02772,ORD002772,PRD0027,2348020110816,Customer 2772,M,,Lagos,South West,Regular,2026-01-24,Fashion,Shirt,2,5000,0.1,9000.0,2500,Bank Transfer,Instagram,Returned,Delivered,3.0,,Yes
CUST02773,ORD002773,PRD0024,2348086539997,Customer 2773,male,,Port Harcourt,South South,Regular,2024-05-16,Beauty,Skincare Set,4,15000,0.2,48000.0,3500,Cash on Delivery,Website,Completed,In Transit,,3.0,Yes
CUST02774,ORD002774,PRD0003,2348029440870,Customer 2774,Female,18-25,Kaduna,North West,REGULAR,2024-03-23,Fashion,Sneakers,4,7500,0.1,27000.0,0,,Mobile App,Pending,Delayed,5.0,2.0,NO
CUST02775,ORD002775,PRD0022,2348078641712, Customer 2775 ,Male,60+,Benin City,South South,Premium,2024-08-16,Fashion,Shirt,1,10000,0.15,8500.0,1000,Card,website,Pending,DELIVERED,7.0,5.0,
CUST02776,ORD002776,PRD0017,2348055633056,Customer 2776,Female,26-35,Ibadan,South West,Occasional,2024-05-18,Home & Kitchen,Blender,5,25000,0.0,125000.0,1000,Cash on Delivery,Instagram,Returned,Delayed,12.0,5.0,Yes
CUST02777,ORD002777,PRD0026,2348035398679,Customer 2777,FEMALE,26-35,Benin City,South South,premium ,2024-03-03,Beauty,Skincare Set,3,3500,0.05,9975.0,0,CARD,Website,pending,Delivered,12.0,1.0,No
CUST02778,ORD002778,PRD0016,2348039926944,Customer 2778,Female,18-25,Port Harcourt,South South,Regular,2026-01-22,Beauty,Skincare Set,2,7500,0.0,15000.0,3500,bank transfer,Mobile App,Completed,Delivered,8.0,3.0,yes
CUST02779,ORD002779,PRD0002,2348056467570,Customer 2779,,18-25,Enugu,South East,Premium,2026-03-17,Home & Kitchen,Blender,1,40000,0.05,38000.0,2500,Wallet,Website,cancelled,Delayed,5.0,5.0,Yes
CUST02780,ORD002780,PRD0020,2348017348374,Customer 2780,female,18-25,Ibadan,South West,Business,2026-01-08,Electronics,Smartphone,5,7500,0.15,31875.0,0,USSD,Instagram,,Delayed,2.0,4.0,No
CUST02781,ORD002781,PRD0023,2348050420497,Customer 2781,,,Ibadan,South West,Premium,2025-11-11,Groceries,Rice,2,3500,0.2,5600.0,1500,CARD,,completed,DELIVERED,10.0,2.0,NO
CUST02782,ORD002782,PRD0007,2348020797724,Customer 2782,Male,18-25,Benin City,South South,Regular,2026-02-26,Beauty,Hair Dryer,3,40000,0.2,96000.0,1500,Bank Transfer,Store,Completed,Delivered,8.0,5.0,NO
CUST02783,ORD002783,PRD0011,2348032619266,Customer 2783,,,Port Harcourt,South South,Occasional,2026-01-28,Groceries,Cooking Oil,2,7500,0.15,12750.0,0,Card,Instagram,Cancelled,Delayed,6.0,3.0,
CUST02784,ORD002784,PRD0006,2348050116711,Customer 2784,female,60+,Kaduna,North West,Regular,2024-05-24,Electronics,Smartphone,4,15000,0.15,51000.0,2500,Card,Website,Cancelled,Returned,5.0,4.0,No
CUST02785,ORD002785,PRD0030,2348068632140,Customer 2785,,,Enugu,South East,Occasional,2025-07-05,Groceries,Cereal,1,40000,0.2,32000.0,0,Wallet,Website,Completed,Returned,12.0,3.0,
CUST02786,ORD002786,PRD0013,2348071738949,Customer 2786, f ,46-60,Kano,North West,Occasional,2026-07-16,Sports,Gym Bag,1,75000,0.0,75000.0,1000,Card,Store,cancelled,Delayed,2.0,5.0,yes
CUST02787,ORD002787,PRD0001,2348013646211,Customer 2787,FEMALE,26-35,Kaduna,North West,Business,2025-02-04,Groceries,Beverage Pack,3,120000,0.2,288000.0,0,bank transfer,Store,Completed,Delivered,7.0,2.0,Yes
CUST02788,ORD002788,PRD0027,2348053363074,Customer 2788,Female,26-35,Abuja,North Central,premium ,2025-12-02,Sports,Running Shoes,4,75000,0.15,255000.0,1500,Wallet,Mobile App,COMPLETED,Delayed,1.0,5.0,yes
CUST02789,ORD002789,PRD0012,2348079544668,Customer 2789,M,26-35,Enugu,South East,Business,2025-01-28,Home & Kitchen,Vacuum Cleaner,5,75000,0.15,318750.0,3500,Cash on Delivery,Website,pending,,9.0,,NO
CUST02790,ORD002790,PRD0027,2348063808942,Customer 2790,FEMALE,60+,Enugu,South East,Regular,2025-10-04,Groceries,Cooking Oil,4,25000,0.2,80000.0,0,Wallet,Website,,Returned,6.0,4.0,
CUST02791,ORD002791,PRD0023,2348012541852,Customer 2791,Female,60+,Port Harcourt,South South,Occasional,2024-01-07,Sports,Gym Bag,4,5000,0.15,17000.0,2500,Bank Transfer,,Completed,delivered,8.0,2.0,
CUST02792,ORD002792,PRD0023,2348035207856,Customer 2792,,60+,Benin City,South South,Premium,2026-04-13,Groceries,Rice,5,25000,0.1,112500.0,2500,bank transfer,Instagram,completed,delivered,9.0,4.0,yes
CUST02793,ORD002793,PRD0020,2348011061793,Customer 2793,MALE,36-45,Lagos,South West,,2026-01-15,Groceries,Beverage Pack,2,7500,0.1,13500.0,3500,bank transfer,Marketplace,Completed,DELIVERED,,5.0,Yes
CUST02794,ORD002794,PRD0005,2348097955311,Customer 2794, m ,36-45,Ibadan,South West,,2025-03-26,Sports,Running Shoes,2,15000,0.2,24000.0,3500,bank transfer,Mobile App,pending,DELIVERED,13.0,4.0,Yes
CUST02795,ORD002795,PRD0024,2348090691700,Customer 2795,Male,60+,Enugu,South East,Regular,2025-04-24,Fashion,Shirt,5,3500,0.0,17500.0,0,bank transfer,mobile app,,Returned,12.0,4.0,Yes
CUST02796,ORD002796,PRD0019,2348094848602,Customer 2796,MALE,36-45,Ibadan,South West,Regular,2024-05-18,Groceries,Rice,1,40000,0.15,34000.0,1000,CARD,Website,Pending,,3.0,3.0,
CUST02797,ORD002797,PRD0018,2348022317675,Customer 2797,Male,18-25,Port Harcourt,South South,Regular,2026-05-09,Electronics,Wireless Earbuds,5,120000,0.15,510000.0,1500,Wallet,Instagram,COMPLETED,Delayed,10.0,5.0,Yes
CUST02798,ORD002798,PRD0019,2348082699294,Customer 2798,M,,Benin City,South South,Occasional,2024-04-02,Electronics,Smartphone,4,120000,0.1,432000.0,3500,Card,Store,Cancelled,Delayed,6.0,5.0,No
CUST02799,ORD002799,PRD0003,2348014070276,Customer 2799,Male,60+,Ibadan,South West,Regular,2024-06-02,Electronics,Wireless Earbuds,2,7500,0.15,12750.0,0,,,COMPLETED,Delivered,5.0,5.0,Yes
CUST02800,ORD002800,PRD0028,2348087485317, Customer 2800 ,Female,18-25,Abuja,North Central,Regular,2024-04-07,Sports,Running Shoes,5,120000,0.15,510000.0,0,Wallet,Store,cancelled,delivered,2.0,5.0,
CUST02801,ORD002801,PRD0015,2348058545382,Customer 2801,female,46-60,Benin City,South South,Business,2025-06-17,Electronics,Smart TV,2,7500,0.15,12750.0,1500,Cash on Delivery,Store,cancelled,Returned,3.0,,No
CUST02802,ORD002802,PRD0024,2348021190897,Customer 2802,MALE,60+,Abuja,North Central,Premium,2026-01-23,Sports,Running Shoes,2,7500,0.2,12000.0,1000,Bank Transfer,Mobile App,,,8.0,,yes
CUST02803,ORD002803,PRD0029,2348022692946,Customer 2803,M,36-45,Lagos,South West,Premium,2024-05-11,Beauty,Makeup Kit,3,15000,0.2,36000.0,2500,CARD,Website,Completed,Returned,13.0,4.0,No
CUST02804,ORD002804,PRD0008,2348076246028,Customer 2804,Male,,Benin City,South South,Occasional,2024-12-04,Fashion,Jeans,4,15000,0.2,48000.0,3500,Card,,pending,Delayed,4.0,4.0,
CUST02805,ORD002805,PRD0002,2348063721029,Customer 2805,F,36-45,Ibadan,South West,Business,2026-03-30,Groceries,Cereal,1,120000,0.05,114000.0,3500,CARD,Store,Pending,Delivered,6.0,5.0,No
CUST02806,ORD002806,PRD0002,2348052476872,Customer 2806,Female,18-25,Port Harcourt,South South,Regular,2025-02-26,Fashion,Shirt,2,7500,0.15,12750.0,1500,Cash on Delivery,,cancelled,Delivered,3.0,5.0,yes
CUST02807,ORD002807,PRD0023,2348013828480,Customer 2807,Male,60+,Kaduna,North West,Regular,2024-12-09,Home & Kitchen,Blender,4,5000,0.2,16000.0,0,Cash on Delivery,,completed,Delivered,6.0,2.0,No
CUST02808,ORD002808,PRD0028,2348085750743,Customer 2808,F,,Ibadan,South West,Occasional,2025-08-16,Home & Kitchen,Blender,3,40000,0.0,120000.0,1000,CARD,Mobile App,Returned,Delivered,10.0,2.0,
CUST02809,ORD002809,PRD0020,2348030209627,Customer 2809,,60+,Port Harcourt,South South,Regular,2026-07-24,Groceries,Rice,5,7500,0.1,33750.0,0,Cash on Delivery,Instagram,Pending,Delivered,14.0,5.0,No
CUST02810,ORD002810,PRD0025,2348067188635,Customer 2810,female,60+,Ibadan,South West,REGULAR,2026-04-08,Sports,Yoga Mat,2,10000,0.15,17000.0,0,Cash on Delivery,Mobile App,COMPLETED,Delivered,2.0,3.0,NO
CUST02811,ORD002811,PRD0022,2348045265555,Customer 2811,Male,18-25,Benin City,South South,Premium,2024-03-29,Groceries,Cereal,3,120000,0.0,360000.0,1500,Cash on Delivery,Instagram,,,2.0,5.0,No
CUST02812,ORD002812,PRD0004,2348011772575,Customer 2812,Female,,Abuja,North Central,Business,2025-08-01,Fashion,Handbag,5,120000,0.1,540000.0,0,CARD,Website,Cancelled,delivered,8.0,5.0,No
CUST02813,ORD002813,PRD0014,2348049455906,Customer 2813,Female,18-25,Ibadan,South West,Premium,2026-08-11,Groceries,Rice,5,40000,0.0,200000.0,3500,Bank Transfer,Instagram,pending,Delayed,1.0,4.0,No
CUST02814,ORD002814,PRD0026,2348070145002,Customer 2814,Male,,Enugu,South East,Regular,2024-08-26,Beauty,Hair Dryer,5,25000,0.1,112500.0,3500,Bank Transfer,,Completed,Delayed,11.0,4.0,No
CUST02815,ORD002815,PRD0008,2348099570977,Customer 2815,Male,46-60,Kaduna,North West,Premium,2026-06-20,Electronics,Laptop,1,10000,0.2,8000.0,1000,Cash on Delivery,mobile app,Returned,Delivered,8.0,5.0,yes
CUST02816,ORD002816,PRD0019,2348083898655,Customer 2816,Male,36-45,Lagos,South West,Regular,2026-02-24,Sports,Gym Bag,1,10000,0.05,9500.0,2500,USSD,Store,Completed,Delayed,9.0,4.0,Yes
CUST02817,ORD002817,PRD0008,2348052557472,Customer 2817,Male,46-60,Kano,North West,Premium,2025-03-03,Fashion,Handbag,4,75000,0.1,270000.0,1000,USSD,Mobile App,Completed,Delivered,8.0,4.0,No
CUST02818,ORD002818,PRD0002,2348078244789,Customer 2818,male,60+,Ibadan,South West,,2026-03-13,Beauty,Skincare Set,2,120000,0.05,228000.0,1500,Card,Store,,DELIVERED,14.0,5.0,yes
CUST02819,ORD002819,PRD0021,2348062222042,Customer 2819,Male,,Kano,North West,Premium,2025-08-01,Home & Kitchen,Cookware Set,2,40000,0.1,72000.0,1500,Wallet,Mobile App,Completed,Returned,7.0,,Yes
CUST02820,ORD002820,PRD0013,2348067739070,Customer 2820,,26-35,Lagos,South West,Business,2025-09-29,Electronics,Smart TV,1,10000,0.15,8500.0,0,CARD,Marketplace,Cancelled,In Transit,4.0,5.0,
CUST02821,ORD002821,PRD0008,2348033018857,Customer 2821,F,36-45,Kano,North West,Regular,2024-03-14,Groceries,Cooking Oil,3,5000,0.1,13500.0,2500,bank transfer,Marketplace,COMPLETED,Returned,6.0,4.0,No
CUST02822,ORD002822,PRD0018,2348022940835,Customer 2822,Female,26-35,Ibadan,South West,Premium,2025-07-26,Electronics,Smartphone,2,40000,0.2,64000.0,0,Bank Transfer,Store,pending,delivered,12.0,1.0,No
CUST02823,ORD002823,PRD0008,2348057952811,Customer 2823,Female,18-25,Benin City,South South,Premium,2026-06-27,Fashion,Handbag,1,10000,0.0,10000.0,3500,,mobile app,Returned,In Transit,8.0,3.0,No
CUST02824,ORD002824,PRD0023,2348098683475,Customer 2824,,36-45,Port Harcourt,South South,Regular,2026-08-07,Fashion,Handbag,2,3500,0.05,6650.0,3500,Cash on Delivery,Marketplace,completed,delivered,13.0,3.0,Yes
CUST02825,ORD002825,PRD0010,2348074196938, Customer 2825 ,,26-35,Abuja,North Central,Regular,2025-06-13,Groceries,Beverage Pack,1,5000,0.0,5000.0,3500,USSD,Website,cancelled,Delayed,6.0,3.0,No
CUST02826,ORD002826,PRD0024,2348038233665,Customer 2826, m ,18-25,Port Harcourt,South South,Occasional,2024-07-15,Home & Kitchen,Air Fryer,5,7500,0.2,30000.0,1500,Card,,completed,DELIVERED,10.0,2.0,
CUST02827,ORD002827,PRD0013,2348094653753,Customer 2827,Female,26-35,Kano,North West,,2025-04-09,Sports,Running Shoes,5,7500,0.05,35625.0,3500,Cash on Delivery,website,cancelled,delivered,2.0,,NO
CUST02828,ORD002828,PRD0007,2348058706602,Customer 2828,Female,26-35,Abuja,North Central,Regular,2024-09-18,Fashion,Sneakers,4,5000,0.1,18000.0,0,Wallet,Instagram,completed,In Transit,6.0,4.0,No
CUST02829,ORD002829,PRD0027,2348077060535,Customer 2829,,60+,Kano,North West,Premium,2024-04-12,Fashion,Sneakers,4,15000,0.05,57000.0,2500,Card,Store,Pending,Delayed,10.0,4.0,No
CUST02830,ORD002830,PRD0026,2348067259980,Customer 2830,Male,60+,Enugu,South East,Occasional,2024-04-27,Electronics,Wireless Earbuds,5,75000,0.2,300000.0,0,Bank Transfer,Instagram,Completed,Delivered,10.0,4.0,
CUST02831,ORD002831,PRD0021,2348085235136,Customer 2831,F,18-25,Benin City,South South,Premium,2025-07-29,Beauty,Skincare Set,4,25000,0.0,100000.0,1500,Wallet,Marketplace,,Delivered,8.0,5.0,yes
CUST02832,ORD002832,PRD0017,2348047938524,Customer 2832,Male,60+,Abuja,North Central,Regular,2026-01-25,Electronics,Smart TV,4,10000,0.05,38000.0,1500,Bank Transfer,,cancelled,In Transit,5.0,5.0,Yes
CUST02833,ORD002833,PRD0015,2348063353168,Customer 2833,,60+,Ibadan,South West,Occasional,2024-06-06,Fashion,Handbag,5,10000,0.15,42500.0,1000,bank transfer,Store,Completed,Delayed,2.0,3.0,Yes
CUST02834,ORD002834,PRD0012,2348072425254,Customer 2834,Male,60+,Enugu,South East,Business,2025-12-05,Beauty,Skincare Set,5,120000,0.15,510000.0,0,USSD,Marketplace,,,7.0,,Yes
CUST02835,ORD002835,PRD0024,2348013818302,Customer 2835,,26-35,Lagos,South West,premium ,2025-11-07,Beauty,Skincare Set,2,25000,0.05,47500.0,0,,Mobile App,cancelled,In Transit,14.0,3.0,Yes
CUST02836,ORD002836,PRD0028,2348033050556,Customer 2836,Male,36-45,Benin City,South South,premium ,2024-02-23,Home & Kitchen,Air Fryer,5,7500,0.2,30000.0,1500,Bank Transfer,Marketplace,completed,Delivered,3.0,4.0,Yes
CUST02837,ORD002837,PRD0015,2348040724249,Customer 2837,M,,Benin City,South South,Occasional,2024-03-24,Groceries,Cereal,3,120000,0.2,288000.0,1500,Cash on Delivery,Store,cancelled,Returned,5.0,3.0,No
CUST02838,ORD002838,PRD0003,2348068453631,Customer 2838,,60+,Lagos,South West,,2024-09-30,Sports,Gym Bag,2,10000,0.1,18000.0,2500,Card,Marketplace,COMPLETED,Delivered,12.0,5.0,yes
CUST02839,ORD002839,PRD0027,2348068575960,Customer 2839,Female,36-45,Kano,North West,Occasional,2024-04-16,Fashion,Shirt,1,40000,0.2,32000.0,3500,Wallet,Store,Completed,Delivered,8.0,5.0,NO
CUST02840,ORD002840,PRD0026,2348083849394,Customer 2840,,36-45,Enugu,South East,Premium,2026-01-11,Groceries,Rice,1,7500,0.1,6750.0,1000,Card,,Completed,In Transit,8.0,5.0,NO
CUST02841,ORD002841,PRD0007,2348014782293,Customer 2841,Male,26-35,Kaduna,North West,Premium,2025-02-09,Home & Kitchen,Cookware Set,4,5000,0.15,17000.0,0,Wallet,Mobile App,Cancelled,Delayed,13.0,4.0,yes
CUST02842,ORD002842,PRD0015,2348012944214,Customer 2842, f ,46-60,Abuja,North Central,,2025-08-11,Sports,Yoga Mat,5,75000,0.15,318750.0,2500,USSD,website,,In Transit,7.0,5.0,
CUST02843,ORD002843,PRD0021,2348082716322,Customer 2843,female,,Lagos,South West,Business,2025-01-16,Groceries,Beverage Pack,4,75000,0.1,270000.0,1000,Cash on Delivery,Marketplace,completed,Delivered,1.0,4.0,
CUST02844,ORD002844,PRD0022,2348075884284,Customer 2844,Female,26-35,Enugu,South East,Regular,2025-03-01,Home & Kitchen,Vacuum Cleaner,1,25000,0.1,22500.0,0,Cash on Delivery,,,Returned,3.0,5.0,Yes
CUST02845,ORD002845,PRD0029,2348020434440,Customer 2845,Male,26-35,Port Harcourt,South South,Regular,2024-10-18,Electronics,Wireless Earbuds,1,40000,0.0,40000.0,1500,Cash on Delivery,Store,cancelled,delivered,2.0,2.0,Yes
CUST02846,ORD002846,PRD0021,2348098659731,Customer 2846,Female,46-60,Kano,North West,Occasional,2024-10-18,Fashion,Sneakers,2,75000,0.05,142500.0,0,USSD,Store,Cancelled,Returned,1.0,4.0,No
CUST02847,ORD002847,PRD0020,2348099454323,Customer 2847,F,46-60,Enugu,South East,Occasional,2024-05-15,Sports,Football,4,25000,0.05,95000.0,1500,Cash on Delivery,Marketplace,,Delayed,12.0,3.0,No
CUST02848,ORD002848,PRD0011,2348080391754,Customer 2848,Female,,Kaduna,North West,Occasional,2026-07-30,Electronics,Wireless Earbuds,2,10000,0.2,16000.0,1000,Cash on Delivery,Website,COMPLETED,delivered,7.0,3.0,No
CUST02849,ORD002849,PRD0019,2348085322402,Customer 2849,Female,36-45,Kaduna,North West,Occasional,2026-05-29,Groceries,Beverage Pack,5,15000,0.0,75000.0,3500,Cash on Delivery,Website,Completed,Delivered,12.0,2.0,
CUST02850,ORD002850,PRD0006,2348039521213, Customer 2850 ,Female,18-25,Abuja,North Central,Regular,2025-08-11,Groceries,Rice,5,15000,0.1,67500.0,3500,Cash on Delivery,Instagram,Completed,In Transit,14.0,4.0,
CUST02851,ORD002851,PRD0001,2348013834056,Customer 2851,Female,,Port Harcourt,South South,Premium,2024-01-03,Fashion,Shirt,4,3500,0.15,11900.0,3500,,Mobile App,,,13.0,,
CUST02852,ORD002852,PRD0007,2348082347148,Customer 2852,Female,46-60,Ibadan,South West,Business,2025-01-05,Electronics,Smart TV,2,25000,0.15,42500.0,3500,Bank Transfer,Website,pending,,8.0,3.0,No
CUST02853,ORD002853,PRD0018,2348037012635,Customer 2853,Male,26-35,Port Harcourt,South South,Regular,2024-03-03,Electronics,Wireless Earbuds,2,10000,0.1,18000.0,1000,USSD,Website,Cancelled,Delivered,3.0,5.0,No
CUST02854,ORD002854,PRD0027,2348035816777,Customer 2854,Female,60+,Benin City,South South,Regular,2025-04-08,Home & Kitchen,Cookware Set,5,40000,0.2,160000.0,2500,Card,Mobile App,completed,Delayed,11.0,5.0,yes
CUST02855,ORD002855,PRD0008,2348099885444,Customer 2855,,26-35,Kano,North West,Regular,2024-02-10,Home & Kitchen,Cookware Set,3,3500,0.1,9450.0,3500,Wallet,Marketplace,Pending,,3.0,4.0,
CUST02856,ORD002856,PRD0012,2348030033029,Customer 2856,Male,36-45,Lagos,South West,Business,2026-07-26,Home & Kitchen,Air Fryer,1,75000,0.15,63750.0,3500,Bank Transfer,Store,completed,Delivered,1.0,4.0,No
CUST02857,ORD002857,PRD0004,2348026074236,Customer 2857,,18-25,Kaduna,North West,Regular,2024-03-18,Groceries,Beverage Pack,2,40000,0.2,64000.0,0,Card,Website,cancelled,delivered,13.0,5.0,Yes
CUST02858,ORD002858,PRD0012,2348081767030,Customer 2858,F,36-45,Kaduna,North West,Business,2026-02-02,Fashion,Handbag,1,75000,0.1,67500.0,1000,Bank Transfer,mobile app,,Delivered,11.0,3.0,
CUST02859,ORD002859,PRD0013,2348090974911,Customer 2859,Female,26-35,Benin City,South South,Premium,2025-08-30,Sports,Running Shoes,3,120000,0.05,342000.0,3500,Bank Transfer,Store,completed,delivered,12.0,4.0,yes
CUST02860,ORD002860,PRD0008,2348030542663,Customer 2860,,26-35,Ibadan,South West,Regular,2026-06-27,Fashion,Sneakers,5,3500,0.15,14875.0,3500,Card,Mobile App,Completed,,10.0,,Yes
CUST02861,ORD002861,PRD0013,2348056850749,Customer 2861,,46-60,Benin City,South South,Regular,2024-05-14,Home & Kitchen,Vacuum Cleaner,4,10000,0.2,32000.0,3500,Wallet,Website,completed,,14.0,,yes
CUST02862,ORD002862,PRD0022,2348075072250,Customer 2862,M,,Port Harcourt,South South,premium ,2024-05-13,Groceries,Cooking Oil,4,15000,0.2,48000.0,0,Card,Mobile App,Cancelled,In Transit,,4.0,No
CUST02863,ORD002863,PRD0026,2348059532610,Customer 2863,,18-25,Kano,North West,Regular,2026-06-13,Electronics,Smart TV,5,10000,0.2,40000.0,0,Bank Transfer,Mobile App,cancelled,In Transit,7.0,1.0,No
CUST02864,ORD002864,PRD0010,2348066330691,Customer 2864,Male,,Kano,North West,premium ,2026-04-11,Groceries,Beverage Pack,3,15000,0.15,38250.0,0,Card,Mobile App,COMPLETED,delivered,6.0,5.0,NO
CUST02865,ORD002865,PRD0004,2348028302477,Customer 2865,male,46-60,Kano,North West,Premium,2025-11-24,Sports,Running Shoes,3,15000,0.0,45000.0,1500,Bank Transfer,,Cancelled,delivered,6.0,3.0,Yes
CUST02866,ORD002866,PRD0028,2348063859899,Customer 2866,male,60+,Abuja,North Central,premium ,2025-03-05,Electronics,Wireless Earbuds,5,40000,0.1,180000.0,3500,,Marketplace,,Delivered,10.0,5.0,yes
CUST02867,ORD002867,PRD0007,2348010728412,Customer 2867,Female,18-25,Lagos,South West,Premium,2024-12-03,Groceries,Beverage Pack,5,120000,0.1,540000.0,1500,Card,,Completed,delivered,10.0,4.0,Yes
CUST02868,ORD002868,PRD0007,2348063004107,Customer 2868,FEMALE,46-60,Ibadan,South West,Premium,2026-04-27,Sports,Yoga Mat,5,3500,0.0,17500.0,1000,Bank Transfer,Store,Pending,,14.0,5.0,No
CUST02869,ORD002869,PRD0013,2348087496277,Customer 2869,Female,36-45,Enugu,South East,Regular,2024-04-23,Fashion,Shirt,1,40000,0.0,40000.0,1000,Card,Website,completed,DELIVERED,3.0,,No
CUST02870,ORD002870,PRD0019,2348083390785,Customer 2870,MALE,26-35,Benin City,South South,Occasional,2024-06-18,Electronics,Smartphone,1,5000,0.0,5000.0,1500,Cash on Delivery,Mobile App,completed,Delivered,12.0,3.0,Yes
CUST02871,ORD002871,PRD0026,2348034349657,Customer 2871,,36-45,Enugu,South East,Regular,2025-09-02,Home & Kitchen,Cookware Set,5,7500,0.2,30000.0,0,CARD,Store,completed,Delivered,8.0,4.0,
CUST02872,ORD002872,PRD0015,2348024391068,Customer 2872,Female,60+,Kano,North West,REGULAR,2025-06-05,Groceries,Beverage Pack,4,7500,0.15,25500.0,1000,Bank Transfer,Store,Cancelled,Delivered,2.0,1.0,No
CUST02873,ORD002873,PRD0016,2348035091144,Customer 2873,F,46-60,Benin City,South South,Premium,2025-04-07,Fashion,Shirt,3,3500,0.05,9975.0,3500,Bank Transfer,,,DELIVERED,13.0,3.0,yes
CUST02874,ORD002874,PRD0023,2348047407979,Customer 2874,,46-60,Enugu,South East,Premium,2024-12-07,Beauty,Perfume,1,15000,0.1,13500.0,3500,Cash on Delivery,Store,COMPLETED,Delivered,2.0,4.0,yes
CUST02875,ORD002875,PRD0016,2348062425996, Customer 2875 ,Male,46-60,Port Harcourt,South South,Premium,2024-03-13,Home & Kitchen,Blender,3,10000,0.15,25500.0,1500,Wallet,Mobile App,COMPLETED,Delayed,14.0,3.0,Yes
CUST02876,ORD002876,PRD0026,2348032724084,Customer 2876,Female,,Port Harcourt,South South,Premium,2026-02-14,Electronics,Laptop,5,5000,0.15,21250.0,2500,Card,Website,Cancelled,Delayed,1.0,,Yes
CUST02877,ORD002877,PRD0027,2348078505435,Customer 2877,Male,,Kaduna,North West,Occasional,2024-08-31,Fashion,Jeans,4,75000,0.15,255000.0,1000,Wallet,Mobile App,,Returned,6.0,,No
CUST02878,ORD002878,PRD0008,2348080079746,Customer 2878,female,60+,Kano,North West,,2026-05-12,Fashion,Handbag,4,120000,0.05,456000.0,1000,Bank Transfer,Marketplace,Completed,Delivered,1.0,,Yes
CUST02879,ORD002879,PRD0009,2348085082291,Customer 2879, m ,60+,Port Harcourt,South South,Regular,2025-09-02,Fashion,Jeans,1,40000,0.2,32000.0,3500,,Store,Cancelled,In Transit,5.0,3.0,NO
CUST02880,ORD002880,PRD0026,2348087296894,Customer 2880,female,60+,Enugu,South East,Regular,2024-10-15,Groceries,Beverage Pack,1,5000,0.05,4750.0,2500,Card,Store,pending,In Transit,14.0,5.0,yes
CUST02881,ORD002881,PRD0020,2348010585662,Customer 2881,FEMALE,18-25,Port Harcourt,South South,Premium,2025-04-17,Sports,Yoga Mat,1,120000,0.0,120000.0,1000,Bank Transfer,Website,Completed,Delivered,3.0,5.0,NO
CUST02882,ORD002882,PRD0016,2348016597085,Customer 2882,,60+,Enugu,South East,Premium,2024-06-18,Electronics,Smartphone,3,15000,0.15,38250.0,0,bank transfer,Website,COMPLETED,In Transit,12.0,4.0,
CUST02883,ORD002883,PRD0005,2348057122410,Customer 2883,Female,36-45,Enugu,South East,Occasional,2024-05-16,Beauty,Makeup Kit,3,7500,0.05,21375.0,1000,Bank Transfer,Website,Completed,In Transit,4.0,4.0,Yes
CUST02884,ORD002884,PRD0008,2348014643674,Customer 2884,Male,18-25,Ibadan,South West,,2025-04-01,Groceries,Cereal,5,10000,0.1,45000.0,1500,Bank Transfer,Mobile App,Completed,Returned,13.0,1.0,yes
CUST02885,ORD002885,PRD0013,2348011540289,Customer 2885,Female,26-35,Kano,North West,Regular,2026-07-02,Beauty,Skincare Set,5,75000,0.2,300000.0,2500,Wallet,Store,Completed,delivered,13.0,5.0,
CUST02886,ORD002886,PRD0002,2348065024216,Customer 2886,M,18-25,Port Harcourt,South South,,2024-08-05,Fashion,Sneakers,1,7500,0.1,6750.0,0,,Website,,,5.0,4.0,
CUST02887,ORD002887,PRD0021,2348018426485,Customer 2887,MALE,46-60,Lagos,South West,premium ,2024-02-15,Sports,Running Shoes,1,7500,0.05,7125.0,0,USSD,Mobile App,Pending,Returned,3.0,4.0,
CUST02888,ORD002888,PRD0007,2348094644415,Customer 2888, f ,46-60,Kano,North West,Regular,2025-07-07,Beauty,Skincare Set,2,15000,0.15,25500.0,1500,Wallet,mobile app,Completed,In Transit,6.0,5.0,Yes
CUST02889,ORD002889,PRD0008,2348045500259,Customer 2889,Male,18-25,Abuja,North Central,Premium,2026-08-23,Sports,Running Shoes,1,5000,0.0,5000.0,1500,Wallet,,Cancelled,delivered,9.0,4.0,No
CUST02890,ORD002890,PRD0010,2348028197498,Customer 2890,,60+,Port Harcourt,South South,premium ,2026-07-13,Home & Kitchen,Vacuum Cleaner,1,40000,0.0,40000.0,3500,Card,Store,Completed,,,5.0,No
CUST02891,ORD002891,PRD0023,2348035577618,Customer 2891,Female,26-35,Benin City,South South,Regular,2025-09-13,Groceries,Cereal,3,7500,0.15,19125.0,1500,Cash on Delivery,Marketplace,Completed,,3.0,1.0,No
CUST02892,ORD002892,PRD0024,2348010614905,Customer 2892,,18-25,Kaduna,North West,Premium,2024-03-06,Fashion,Jeans,3,25000,0.0,75000.0,3500,USSD,website,COMPLETED,,5.0,5.0,
CUST02893,ORD002893,PRD0030,2348064931828,Customer 2893,Male,46-60,Abuja,North Central,Occasional,2025-11-29,Sports,Yoga Mat,5,5000,0.2,20000.0,2500,Card,mobile app,pending,Delivered,9.0,5.0,yes
CUST02894,ORD002894,PRD0006,2348075562323,Customer 2894,,,Lagos,South West,Regular,2025-04-26,Fashion,Jeans,3,10000,0.15,25500.0,2500,Cash on Delivery,Store,Returned,DELIVERED,8.0,3.0,NO
CUST02895,ORD002895,PRD0030,2348018292435,Customer 2895,Female,26-35,Enugu,South East,premium ,2025-12-03,Electronics,Laptop,4,3500,0.15,11900.0,3500,Cash on Delivery,Store,completed,Delivered,,5.0,NO
CUST02896,ORD002896,PRD0022,2348056317907,Customer 2896,Male,60+,Abuja,North Central,,2025-07-02,Electronics,Smart TV,3,120000,0.0,360000.0,1500,Bank Transfer,mobile app,completed,Delivered,8.0,3.0,Yes
CUST02897,ORD002897,PRD0008,2348060648947,Customer 2897,Male,36-45,Lagos,South West,Regular,2026-06-01,Sports,Football,4,40000,0.15,136000.0,1000,Cash on Delivery,Website,Returned,In Transit,4.0,3.0,No
CUST02898,ORD002898,PRD0025,2348068193741,Customer 2898,Male,26-35,Enugu,South East,Regular,2026-01-31,Fashion,Shirt,2,10000,0.2,16000.0,2500,Bank Transfer,Website,completed,,3.0,4.0,Yes
CUST02899,ORD002899,PRD0010,2348055402501,Customer 2899,F,26-35,Abuja,North Central,Occasional,2026-06-18,Beauty,Makeup Kit,5,5000,0.15,21250.0,1500,Cash on Delivery,Instagram,completed,DELIVERED,14.0,1.0,Yes
CUST02900,ORD002900,PRD0008,2348089740829, Customer 2900 ,,60+,Lagos,South West,Regular,2025-10-04,Sports,Yoga Mat,5,120000,0.15,510000.0,2500,Wallet,Marketplace,Completed,Returned,13.0,3.0,
CUST02901,ORD002901,PRD0002,2348071852921,Customer 2901,Male,36-45,Lagos,South West,Regular,2025-08-13,Home & Kitchen,Blender,3,10000,0.2,24000.0,0,Bank Transfer,Mobile App,pending,Returned,5.0,3.0,No
CUST02902,ORD002902,PRD0010,2348083494884,Customer 2902,Female,36-45,Benin City,South South,premium ,2024-01-20,Fashion,Shirt,4,120000,0.0,480000.0,1500,USSD,Mobile App,Returned,DELIVERED,5.0,5.0,yes
CUST02903,ORD002903,PRD0021,2348011388210,Customer 2903,MALE,26-35,Port Harcourt,South South,premium ,2025-07-28,Electronics,Laptop,5,75000,0.15,318750.0,1500,Bank Transfer,Store,completed,,10.0,4.0,No
CUST02904,ORD002904,PRD0003,2348090581200,Customer 2904,Male,18-25,Kano,North West,Regular,2026-03-29,Beauty,Perfume,1,10000,0.2,8000.0,3500,USSD,,Completed,DELIVERED,8.0,5.0,
CUST02905,ORD002905,PRD0011,2348073921655,Customer 2905,M,36-45,Port Harcourt,South South,Business,2024-09-20,Sports,Yoga Mat,3,3500,0.05,9975.0,3500,Wallet,Store,,DELIVERED,9.0,4.0,Yes
CUST02906,ORD002906,PRD0011,2348056563030,Customer 2906,Female,26-35,Enugu,South East,Regular,2024-05-10,Home & Kitchen,Air Fryer,1,5000,0.1,4500.0,2500,Card,Website,COMPLETED,delivered,8.0,5.0,No
CUST02907,ORD002907,PRD0011,2348062246884,Customer 2907,female,18-25,Benin City,South South,Premium,2024-10-18,Fashion,Sneakers,1,40000,0.15,34000.0,2500,Card,,Completed,In Transit,,,Yes
CUST02908,ORD002908,PRD0014,2348066115903,Customer 2908,Female,46-60,Kaduna,North West,Premium,2025-12-18,Sports,Gym Bag,2,15000,0.15,25500.0,0,bank transfer,Mobile App,Completed,Delivered,10.0,5.0,Yes
CUST02909,ORD002909,PRD0007,2348031381422,Customer 2909,,60+,Lagos,South West,Premium,2026-03-27,Groceries,Cereal,4,10000,0.1,36000.0,1500,bank transfer,website,COMPLETED,delivered,11.0,3.0,Yes
CUST02910,ORD002910,PRD0007,2348047986058,Customer 2910,Male,18-25,Enugu,South East,Premium,2024-07-13,Sports,Yoga Mat,3,15000,0.2,36000.0,1500,,Marketplace,,,14.0,5.0,
CUST02911,ORD002911,PRD0014,2348073833219,Customer 2911, m ,18-25,Kano,North West,Business,2025-04-10,Electronics,Smartphone,1,10000,0.1,9000.0,1000,bank transfer,Store,Completed,In Transit,7.0,2.0,Yes
CUST02912,ORD002912,PRD0020,2348075576268,Customer 2912,,60+,Benin City,South South,premium ,2024-03-24,Home & Kitchen,Cookware Set,2,15000,0.05,28500.0,2500,Cash on Delivery,mobile app,,,9.0,1.0,No
CUST02913,ORD002913,PRD0009,2348097402808,Customer 2913,Female,36-45,Lagos,South West,Regular,2026-08-04,Beauty,Skincare Set,4,3500,0.2,11200.0,3500,USSD,,cancelled,Delayed,2.0,5.0,Yes
CUST02914,ORD002914,PRD0014,2348082012141,Customer 2914, m ,46-60,Abuja,North Central,Business,2024-02-05,Fashion,Handbag,5,15000,0.0,75000.0,0,CARD,Mobile App,Cancelled,Delivered,7.0,5.0,
CUST02915,ORD002915,PRD0027,2348066157316,Customer 2915,Female,36-45,Benin City,South South,Regular,2025-11-21,Groceries,Cereal,1,120000,0.1,108000.0,0,USSD,Store,Completed,DELIVERED,8.0,4.0,Yes
CUST02916,ORD002916,PRD0006,2348073521150,Customer 2916,F,60+,Port Harcourt,South South,Regular,2024-06-01,Home & Kitchen,Air Fryer,5,15000,0.15,63750.0,1500,Cash on Delivery,Store,Completed,Returned,3.0,,
CUST02917,ORD002917,PRD0028,2348069527123,Customer 2917,Female,18-25,Enugu,South East,REGULAR,2026-02-03,Groceries,Rice,2,10000,0.2,16000.0,2500,Cash on Delivery,,completed,Delivered,,5.0,Yes
CUST02918,ORD002918,PRD0003,2348084426386,Customer 2918,Female,18-25,Kano,North West,Regular,2026-03-11,Sports,Gym Bag,2,10000,0.1,18000.0,1500,CARD,website,Completed,Delayed,2.0,2.0,No
CUST02919,ORD002919,PRD0013,2348042961416,Customer 2919,female,36-45,Port Harcourt,South South,,2024-09-23,Fashion,Handbag,1,3500,0.2,2800.0,0,Wallet,Marketplace,cancelled,,1.0,3.0,
CUST02920,ORD002920,PRD0003,2348032968617,Customer 2920,M,46-60,Kano,North West,Regular,2024-08-27,Sports,Gym Bag,5,7500,0.1,33750.0,2500,Wallet,,COMPLETED,,11.0,5.0,Yes
CUST02921,ORD002921,PRD0019,2348046714171,Customer 2921,female,18-25,Port Harcourt,South South,Business,2025-06-20,Fashion,Sneakers,2,7500,0.05,14250.0,1500,Card,Mobile App,pending,In Transit,13.0,4.0,Yes
CUST02922,ORD002922,PRD0023,2348011591449,Customer 2922,female,60+,Benin City,South South,Business,2026-01-19,Electronics,Wireless Earbuds,1,40000,0.05,38000.0,2500,Wallet,Marketplace,pending,,8.0,4.0,NO
CUST02923,ORD002923,PRD0001,2348083184824,Customer 2923,Male,46-60,Abuja,North Central,premium ,2024-10-19,Home & Kitchen,Blender,2,25000,0.0,50000.0,1000,Cash on Delivery,Mobile App,Completed,,11.0,4.0,NO
CUST02924,ORD002924,PRD0028,2348084660128,Customer 2924,,,Kaduna,North West,premium ,2024-04-17,Sports,Running Shoes,3,7500,0.0,22500.0,2500,Card,Store,completed,,,3.0,No
CUST02925,ORD002925,PRD0012,2348072142863, Customer 2925 ,M,60+,Kaduna,North West,Regular,2025-06-09,Beauty,Perfume,1,3500,0.05,3325.0,1500,Cash on Delivery,Marketplace,,Delivered,1.0,,No
CUST02926,ORD002926,PRD0021,2348052813613,Customer 2926,female,18-25,Kano,North West,,2025-07-20,Home & Kitchen,Vacuum Cleaner,5,7500,0.1,33750.0,3500,USSD,website,,Delayed,10.0,3.0,Yes
CUST02927,ORD002927,PRD0029,2348086637680,Customer 2927,male,36-45,Kaduna,North West,Occasional,2025-04-20,Fashion,Sneakers,4,3500,0.05,13300.0,2500,Card,mobile app,Completed,Delivered,2.0,4.0,Yes
CUST02928,ORD002928,PRD0024,2348043460164,Customer 2928,Male,18-25,Lagos,South West,REGULAR,2026-07-23,Sports,Gym Bag,4,25000,0.0,100000.0,0,,Store,Cancelled,,14.0,5.0,No
CUST02929,ORD002929,PRD0023,2348081067743,Customer 2929,Female,26-35,Benin City,South South,premium ,2025-10-04,Groceries,Cereal,5,7500,0.05,35625.0,2500,Cash on Delivery,Mobile App,Cancelled,DELIVERED,11.0,4.0,No
CUST02930,ORD002930,PRD0006,2348067203056,Customer 2930,Male,36-45,Enugu,South East,REGULAR,2026-07-09,Sports,Gym Bag,2,15000,0.0,30000.0,1500,Bank Transfer,Instagram,,Delayed,12.0,,
CUST02931,ORD002931,PRD0001,2348029453679,Customer 2931,Male,60+,Enugu,South East,Premium,2025-05-20,Groceries,Cereal,5,3500,0.0,17500.0,2500,,Marketplace,Completed,Delivered,2.0,,yes
CUST02932,ORD002932,PRD0026,2348010369944,Customer 2932,,60+,Kaduna,North West,Premium,2024-12-20,Groceries,Beverage Pack,4,10000,0.1,36000.0,0,USSD,website,,In Transit,14.0,4.0,NO
CUST02933,ORD002933,PRD0009,2348064384337,Customer 2933,Female,36-45,Abuja,North Central,,2024-05-02,Groceries,Cereal,5,15000,0.2,60000.0,0,,Mobile App,Returned,,9.0,,No
CUST02934,ORD002934,PRD0005,2348070852949,Customer 2934,M,60+,Ibadan,South West,Regular,2024-01-16,Fashion,Sneakers,5,10000,0.2,40000.0,3500,USSD,Store,Cancelled,delivered,2.0,4.0,Yes
CUST02935,ORD002935,PRD0019,2348037266979,Customer 2935,Male,46-60,Ibadan,South West,Occasional,2024-07-24,Sports,Gym Bag,5,40000,0.05,190000.0,1000,bank transfer,mobile app,pending,Delayed,9.0,3.0,No
CUST02936,ORD002936,PRD0008,2348042739786,Customer 2936,MALE,18-25,Kaduna,North West,Occasional,2024-06-13,Sports,Gym Bag,4,7500,0.0,30000.0,1500,Bank Transfer,Website,Pending,Delivered,12.0,1.0,NO
CUST02937,ORD002937,PRD0019,2348053342000,Customer 2937,,,Ibadan,South West,,2024-11-25,Groceries,Beverage Pack,1,3500,0.0,3500.0,3500,,Website,pending,Delayed,3.0,4.0,NO
CUST02938,ORD002938,PRD0014,2348033039711,Customer 2938,Female,18-25,Ibadan,South West,Regular,2024-10-20,Groceries,Cereal,2,25000,0.1,45000.0,3500,bank transfer,Marketplace,,Delivered,2.0,3.0,No
CUST02939,ORD002939,PRD0019,2348057613674,Customer 2939,F,,Port Harcourt,South South,,2024-10-02,Beauty,Hair Dryer,1,5000,0.05,4750.0,2500,Cash on Delivery,,Completed,Delayed,1.0,,NO
CUST02940,ORD002940,PRD0019,2348097082750,Customer 2940,Female,46-60,Port Harcourt,South South,Regular,2025-11-26,Groceries,Beverage Pack,2,7500,0.05,14250.0,3500,Cash on Delivery,Website,Completed,In Transit,3.0,5.0,
CUST02941,ORD002941,PRD0006,2348087822194,Customer 2941,Female,,Ibadan,South West,Occasional,2025-08-16,Sports,Football,4,75000,0.15,255000.0,0,Card,Marketplace,,In Transit,8.0,4.0,NO
CUST02942,ORD002942,PRD0002,2348056762114,Customer 2942,,,Kaduna,North West,Business,2024-05-01,Groceries,Beverage Pack,1,3500,0.15,2975.0,3500,Card,Marketplace,,,13.0,4.0,No
CUST02943,ORD002943,PRD0011,2348029087429,Customer 2943, f ,60+,Kano,North West,Regular,2025-01-23,Fashion,Shirt,3,75000,0.05,213750.0,1500,Wallet,Store,Cancelled,,2.0,5.0,No
CUST02944,ORD002944,PRD0015,2348098984104,Customer 2944,Female,26-35,Kaduna,North West,Regular,2025-03-20,Electronics,Smart TV,3,10000,0.1,27000.0,0,USSD,Mobile App,Completed,Delivered,12.0,2.0,No
CUST02945,ORD002945,PRD0010,2348094150544,Customer 2945,Female,46-60,Benin City,South South,Premium,2026-01-03,Beauty,Perfume,1,120000,0.15,102000.0,2500,Cash on Delivery,Mobile App,COMPLETED,Delivered,8.0,5.0,No
CUST02946,ORD002946,PRD0012,2348078870950,Customer 2946,,46-60,Abuja,North Central,Regular,2024-03-14,Home & Kitchen,Blender,2,10000,0.15,17000.0,1000,Cash on Delivery,Website,completed,In Transit,1.0,,Yes
CUST02947,ORD002947,PRD0017,2348075018379,Customer 2947,,46-60,Benin City,South South,premium ,2026-01-04,Sports,Gym Bag,2,75000,0.1,135000.0,2500,Wallet,Website,Completed,delivered,,4.0,No
CUST02948,ORD002948,PRD0027,2348048589026,Customer 2948, m ,26-35,Kano,North West,Premium,2024-07-03,Sports,Football,2,25000,0.0,50000.0,1500,Bank Transfer,Website,Cancelled,delivered,,4.0,Yes
CUST02949,ORD002949,PRD0009,2348036123062,Customer 2949,MALE,60+,Kano,North West,Regular,2025-04-21,Beauty,Perfume,4,40000,0.0,160000.0,0,Card,,Returned,delivered,13.0,4.0,No
CUST02950,ORD002950,PRD0023,2348050911831, Customer 2950 ,Female,46-60,Abuja,North Central,Premium,2024-05-08,Beauty,Skincare Set,3,5000,0.15,12750.0,1500,Card,,,,2.0,5.0,Yes
CUST02951,ORD002951,PRD0012,2348081654398,Customer 2951,Female,18-25,Benin City,South South,Premium,2024-06-25,Electronics,Laptop,3,15000,0.15,38250.0,3500,bank transfer,,Completed,Delayed,14.0,3.0,yes
CUST02952,ORD002952,PRD0004,2348069789269,Customer 2952,Male,60+,Abuja,North Central,Premium,2024-09-25,Groceries,Cooking Oil,2,3500,0.1,6300.0,1500,bank transfer,Mobile App,Completed,In Transit,7.0,4.0,yes
CUST02953,ORD002953,PRD0020,2348035046564,Customer 2953,Female,60+,Abuja,North Central,REGULAR,2025-06-04,Sports,Football,2,25000,0.2,40000.0,2500,Bank Transfer,Mobile App,,,3.0,5.0,NO
CUST02954,ORD002954,PRD0025,2348055385250,Customer 2954,Male,46-60,Abuja,North Central,Occasional,2026-07-07,Fashion,Jeans,1,5000,0.15,4250.0,0,Cash on Delivery,Instagram,cancelled,Delayed,3.0,4.0,No
CUST02955,ORD002955,PRD0015,2348062561119,Customer 2955,Male,26-35,Benin City,South South,premium ,2025-01-02,Groceries,Cereal,2,5000,0.1,9000.0,2500,Cash on Delivery,Store,completed,,2.0,5.0,Yes
CUST02956,ORD002956,PRD0003,2348084480779,Customer 2956,Female,26-35,Ibadan,South West,Premium,2025-02-17,Beauty,Hair Dryer,1,40000,0.0,40000.0,0,Bank Transfer,Website,Cancelled,Delayed,10.0,,NO
CUST02957,ORD002957,PRD0026,2348071445514,Customer 2957,Female,60+,Kaduna,North West,REGULAR,2024-04-08,Home & Kitchen,Air Fryer,4,25000,0.1,90000.0,3500,Bank Transfer,Mobile App,,Delivered,1.0,3.0,NO
CUST02958,ORD002958,PRD0013,2348014397694,Customer 2958,Female,46-60,Kano,North West,REGULAR,2025-07-19,Groceries,Beverage Pack,1,5000,0.2,4000.0,1000,Bank Transfer,Website,completed,Returned,7.0,4.0,NO
CUST02959,ORD002959,PRD0010,2348051874079,Customer 2959,Female,26-35,Lagos,South West,Premium,2025-12-25,Home & Kitchen,Blender,3,75000,0.15,191250.0,2500,Cash on Delivery,Website,cancelled,In Transit,10.0,2.0,
CUST02960,ORD002960,PRD0019,2348013836692,Customer 2960,Female,46-60,Abuja,North Central,Regular,2026-07-10,Sports,Football,4,10000,0.1,36000.0,0,Card,Website,Cancelled,,8.0,4.0,Yes
CUST02961,ORD002961,PRD0013,2348037226611,Customer 2961,Male,,Port Harcourt,South South,Regular,2024-06-25,Home & Kitchen,Cookware Set,3,10000,0.1,27000.0,0,bank transfer,Marketplace,,Returned,,4.0,No
CUST02962,ORD002962,PRD0010,2348017331261,Customer 2962,Female,36-45,Abuja,North Central,Occasional,2024-09-27,Fashion,Shirt,3,5000,0.0,15000.0,2500,Bank Transfer,Marketplace,,DELIVERED,9.0,5.0,No
CUST02963,ORD002963,PRD0009,2348051099757,Customer 2963,,26-35,Ibadan,South West,Business,2024-07-06,Beauty,Makeup Kit,4,15000,0.0,60000.0,1000,USSD,Marketplace,completed,Delayed,8.0,3.0,
CUST02964,ORD002964,PRD0010,2348027383038,Customer 2964, f ,36-45,Abuja,North Central,premium ,2024-12-11,Electronics,Laptop,4,120000,0.2,384000.0,3500,Cash on Delivery,Website,Completed,Delivered,8.0,3.0,yes
CUST02965,ORD002965,PRD0001,2348090017650,Customer 2965,female,46-60,Kano,North West,Occasional,2026-07-18,Groceries,Beverage Pack,3,120000,0.2,288000.0,3500,USSD,mobile app,completed,delivered,7.0,,yes
CUST02966,ORD002966,PRD0015,2348023293739,Customer 2966,,18-25,Abuja,North Central,Regular,2024-08-25,Electronics,Laptop,1,40000,0.15,34000.0,0,Card,Website,,,8.0,5.0,No
CUST02967,ORD002967,PRD0028,2348063074480,Customer 2967,,36-45,Port Harcourt,South South,Business,2024-04-25,Beauty,Skincare Set,4,5000,0.0,20000.0,2500,Card,Store,Pending,Delivered,5.0,,No
CUST02968,ORD002968,PRD0008,2348018554334,Customer 2968,Female,18-25,Ibadan,South West,Premium,2025-07-27,Groceries,Cereal,1,40000,0.0,40000.0,2500,,,Completed,In Transit,3.0,,NO
CUST02969,ORD002969,PRD0007,2348023976048,Customer 2969,,26-35,Kaduna,North West,Regular,2025-12-01,Electronics,Smart TV,2,15000,0.1,27000.0,1000,Cash on Delivery,Website,Cancelled,In Transit,10.0,5.0,
CUST02970,ORD002970,PRD0002,2348099009007,Customer 2970,female,18-25,Lagos,South West,Business,2024-02-07,Home & Kitchen,Cookware Set,5,5000,0.15,21250.0,2500,,Marketplace,COMPLETED,Delayed,7.0,4.0,NO
CUST02971,ORD002971,PRD0030,2348094896230,Customer 2971,Male,26-35,Benin City,South South,Regular,2024-05-15,Beauty,Hair Dryer,2,15000,0.2,24000.0,3500,Bank Transfer,,completed,Delivered,5.0,,
CUST02972,ORD002972,PRD0006,2348026650804,Customer 2972,Female,,Lagos,South West,Premium,2026-06-21,Beauty,Makeup Kit,5,15000,0.0,75000.0,2500,,mobile app,pending,Delayed,2.0,3.0,
CUST02973,ORD002973,PRD0025,2348035371263,Customer 2973,,60+,Kaduna,North West,Premium,2025-11-16,Electronics,Laptop,2,120000,0.1,216000.0,3500,Cash on Delivery,Instagram,cancelled,DELIVERED,11.0,3.0,NO
CUST02974,ORD002974,PRD0017,2348055854776,Customer 2974,,46-60,Benin City,South South,Occasional,2026-04-20,Groceries,Rice,5,40000,0.0,200000.0,0,CARD,mobile app,cancelled,In Transit,7.0,5.0,No
CUST02975,ORD002975,PRD0023,2348072857088, Customer 2975 ,,18-25,Abuja,North Central,Premium,2025-03-31,Fashion,Handbag,5,5000,0.05,23750.0,3500,USSD,Store,completed,DELIVERED,6.0,3.0,No
CUST02976,ORD002976,PRD0017,2348077905480,Customer 2976,F,18-25,Port Harcourt,South South,premium ,2025-12-27,Sports,Running Shoes,4,5000,0.2,16000.0,1000,,Instagram,Cancelled,delivered,9.0,4.0,yes
CUST02977,ORD002977,PRD0013,2348026337957,Customer 2977,FEMALE,26-35,Kano,North West,Regular,2024-05-31,Sports,Football,5,75000,0.2,300000.0,1000,Cash on Delivery,,Completed,In Transit,5.0,5.0,NO
CUST02978,ORD002978,PRD0013,2348028726730,Customer 2978,,26-35,Kaduna,North West,Business,2026-05-12,Home & Kitchen,Blender,2,5000,0.0,10000.0,1000,Bank Transfer,Website,,Delayed,,4.0,Yes
CUST02979,ORD002979,PRD0012,2348099363520,Customer 2979,Male,36-45,Abuja,North Central,Regular,2024-11-15,Beauty,Perfume,3,15000,0.15,38250.0,1000,Wallet,Instagram,completed,Delivered,4.0,5.0,Yes
CUST02980,ORD002980,PRD0002,2348036695833,Customer 2980,,60+,Port Harcourt,South South,Occasional,2025-11-06,Electronics,Smart TV,2,10000,0.05,19000.0,1500,Card,Marketplace,cancelled,Delivered,2.0,5.0,
CUST02981,ORD002981,PRD0005,2348075289449,Customer 2981,,46-60,Ibadan,South West,Business,2026-03-21,Beauty,Makeup Kit,5,7500,0.05,35625.0,0,USSD,Website,completed,,14.0,5.0,No
CUST02982,ORD002982,PRD0020,2348019031070,Customer 2982,,46-60,Enugu,South East,Premium,2024-08-07,Home & Kitchen,Cookware Set,5,25000,0.15,106250.0,2500,Card,Instagram,Completed,delivered,13.0,4.0,Yes
CUST02983,ORD002983,PRD0028,2348098232993,Customer 2983,Male,46-60,Abuja,North Central,REGULAR,2026-01-07,Sports,Gym Bag,2,15000,0.0,30000.0,1000,USSD,Store,Completed,Delayed,7.0,4.0,
CUST02984,ORD002984,PRD0029,2348086682235,Customer 2984,Male,36-45,Lagos,South West,Premium,2025-07-30,Fashion,Sneakers,2,5000,0.15,8500.0,1000,Bank Transfer,,Cancelled,In Transit,13.0,1.0,No
CUST02985,ORD002985,PRD0026,2348054615419,Customer 2985,Female,,Port Harcourt,South South,Regular,2025-09-02,Fashion,Jeans,4,3500,0.2,11200.0,0,,Marketplace,,In Transit,12.0,5.0,No
CUST02986,ORD002986,PRD0017,2348091704108,Customer 2986,Male,46-60,Kano,North West,Regular,2025-04-20,Sports,Running Shoes,3,25000,0.15,63750.0,2500,,Website,Completed,DELIVERED,1.0,4.0,No
CUST02987,ORD002987,PRD0018,2348093043009,Customer 2987,FEMALE,60+,Ibadan,South West,Occasional,2024-04-17,Groceries,Cereal,3,15000,0.05,42750.0,3500,Card,mobile app,Returned,Returned,14.0,,No
CUST02988,ORD002988,PRD0023,2348081669455,Customer 2988,Male,60+,Port Harcourt,South South,Business,2026-05-09,Electronics,Laptop,2,10000,0.05,19000.0,1500,Cash on Delivery,Marketplace,Completed,,13.0,5.0,No
CUST02989,ORD002989,PRD0013,2348074199750,Customer 2989,Male,60+,Benin City,South South,premium ,2025-07-03,Home & Kitchen,Air Fryer,2,75000,0.05,142500.0,1000,,website,Completed,Delayed,3.0,2.0,No
CUST02990,ORD002990,PRD0010,2348037944349,Customer 2990,Female,26-35,Benin City,South South,Occasional,2024-06-24,Fashion,Sneakers,2,10000,0.1,18000.0,1000,Wallet,Store,Completed,Delayed,8.0,5.0,NO
CUST02991,ORD002991,PRD0018,2348028869801,Customer 2991,Male,46-60,Enugu,South East,premium ,2024-08-24,Sports,Yoga Mat,3,40000,0.2,96000.0,3500,Bank Transfer,Instagram,Returned,DELIVERED,2.0,4.0,No
CUST02992,ORD002992,PRD0002,2348044266440,Customer 2992,MALE,60+,Enugu,South East,Regular,2025-01-18,Fashion,Handbag,2,40000,0.1,72000.0,3500,Bank Transfer,Mobile App,,,10.0,5.0,NO
CUST02993,ORD002993,PRD0009,2348037908058,Customer 2993, m ,18-25,Lagos,South West,Occasional,2025-10-24,Home & Kitchen,Vacuum Cleaner,2,3500,0.2,5600.0,3500,Cash on Delivery,,Cancelled,Delivered,2.0,4.0,
CUST02994,ORD002994,PRD0010,2348086263449,Customer 2994,female,60+,Abuja,North Central,Occasional,2026-01-01,Home & Kitchen,Vacuum Cleaner,3,75000,0.2,180000.0,1000,,Store,cancelled,Delivered,10.0,1.0,Yes
CUST02995,ORD002995,PRD0013,2348099254036,Customer 2995,,,Kano,North West,,2024-12-28,Electronics,Laptop,1,120000,0.1,108000.0,1000,Card,Store,Cancelled,Delivered,2.0,1.0,
CUST02996,ORD002996,PRD0006,2348060768633,Customer 2996,male,18-25,Ibadan,South West,,2024-01-25,Beauty,Hair Dryer,4,10000,0.1,36000.0,0,,Website,pending,In Transit,13.0,5.0,No
CUST02997,ORD002997,PRD0006,2348063927982,Customer 2997,,36-45,Lagos,South West,Occasional,2026-02-16,Electronics,Wireless Earbuds,1,120000,0.0,120000.0,1000,USSD,Mobile App,Completed,Returned,8.0,4.0,No
CUST02998,ORD002998,PRD0003,2348073810120,Customer 2998,,,Kano,North West,Regular,2024-05-28,Sports,Running Shoes,4,10000,0.2,32000.0,1000,Cash on Delivery,website,Completed,Delivered,3.0,5.0,No
CUST02999,ORD002999,PRD0026,2348011003918,Customer 2999,MALE,46-60,Ibadan,South West,Regular,2024-06-26,Groceries,Beverage Pack,2,15000,0.1,27000.0,0,Cash on Delivery,mobile app,cancelled,In Transit,10.0,5.0,NO
CUST03000,ORD003000,PRD0025,2348067540666, Customer 3000 ,MALE,18-25,Abuja,North Central,Premium,2025-02-02,Home & Kitchen,Vacuum Cleaner,3,3500,0.05,9975.0,2500,CARD,Instagram,Cancelled,DELIVERED,2.0,4.0,Yes
CUST03001,ORD003001,PRD0016,2348035017017,Customer 3001,Female,46-60,Abuja,North Central,Regular,2024-02-27,Fashion,Sneakers,1,120000,0.0,120000.0,0,Bank Transfer,Marketplace,,In Transit,10.0,,
CUST03002,ORD003002,PRD0028,2348095970126,Customer 3002,female,26-35,Kano,North West,Premium,2025-06-15,Groceries,Cereal,2,25000,0.15,42500.0,2500,Cash on Delivery,Marketplace,cancelled,Delivered,9.0,4.0,No
CUST03003,ORD003003,PRD0024,2348035993362,Customer 3003,Male,60+,Kaduna,North West,Regular,2024-12-29,Electronics,Smartphone,2,75000,0.0,150000.0,1000,CARD,Website,Completed,Delivered,2.0,5.0,NO
CUST03004,ORD003004,PRD0021,2348089351210,Customer 3004,Female,46-60,Ibadan,South West,Regular,2024-09-21,Sports,Running Shoes,2,25000,0.1,45000.0,2500,USSD,Store,completed,Delayed,12.0,5.0,No
CUST03005,ORD003005,PRD0004,2348024461287,Customer 3005,,46-60,Benin City,South South,Premium,2024-02-22,Beauty,Makeup Kit,4,75000,0.2,240000.0,3500,Card,Website,Returned,Delivered,14.0,5.0,Yes
CUST03006,ORD003006,PRD0006,2348088864513,Customer 3006,M,46-60,Kaduna,North West,,2025-04-28,Electronics,Wireless Earbuds,5,7500,0.15,31875.0,1500,Wallet,Store,cancelled,Delivered,14.0,5.0,No
CUST03007,ORD003007,PRD0020,2348037797543,Customer 3007,female,60+,Ibadan,South West,Premium,2026-06-21,Fashion,Sneakers,2,3500,0.0,7000.0,1000,,,,delivered,11.0,1.0,
CUST03008,ORD003008,PRD0004,2348074050882,Customer 3008, m ,18-25,Kaduna,North West,Premium,2025-01-06,Fashion,Shirt,1,120000,0.15,102000.0,0,Card,Store,Cancelled,,1.0,4.0,Yes
CUST03009,ORD003009,PRD0028,2348045604087,Customer 3009,female,18-25,Abuja,North Central,Premium,2026-05-06,Electronics,Smart TV,2,25000,0.15,42500.0,3500,bank transfer,Store,Completed,delivered,14.0,4.0,No
CUST03010,ORD003010,PRD0011,2348049662695,Customer 3010,female,36-45,Kano,North West,Occasional,2024-11-15,Sports,Yoga Mat,4,7500,0.2,24000.0,0,Card,,Cancelled,Delivered,13.0,2.0,No
CUST03011,ORD003011,PRD0003,2348096090598,Customer 3011,Male,36-45,Benin City,South South,Occasional,2025-08-30,Beauty,Perfume,1,75000,0.0,75000.0,2500,Wallet,Mobile App,Completed,Returned,9.0,,Yes
CUST03012,ORD003012,PRD0014,2348055989704,Customer 3012,F,26-35,Lagos,South West,Occasional,2024-11-29,Beauty,Makeup Kit,1,5000,0.0,5000.0,3500,Cash on Delivery,Mobile App,Completed,delivered,,2.0,No
CUST03013,ORD003013,PRD0026,2348057984824,Customer 3013,female,18-25,Lagos,South West,Premium,2024-01-29,Sports,Football,1,10000,0.2,8000.0,0,Card,website,Completed,Delivered,12.0,4.0,No
CUST03014,ORD003014,PRD0005,2348042989257,Customer 3014,,46-60,Kaduna,North West,Premium,2025-12-17,Beauty,Makeup Kit,3,3500,0.05,9975.0,3500,,Website,Completed,,8.0,5.0,No
CUST03015,ORD003015,PRD0002,2348027525644,Customer 3015,Female,60+,Lagos,South West,,2024-08-13,Fashion,Shirt,4,40000,0.1,144000.0,1000,Card,,Cancelled,Returned,9.0,4.0,Yes
CUST03016,ORD003016,PRD0019,2348096260447,Customer 3016,Male,,Port Harcourt,South South,Regular,2024-01-13,Fashion,Jeans,2,5000,0.15,8500.0,1000,Wallet,Store,completed,Returned,14.0,4.0,Yes
CUST03017,ORD003017,PRD0026,2348060712160,Customer 3017,,18-25,Lagos,South West,Occasional,2025-05-09,Sports,Yoga Mat,2,40000,0.1,72000.0,2500,,Instagram,Completed,,,3.0,No
CUST03018,ORD003018,PRD0016,2348013585916,Customer 3018,Male,26-35,Kaduna,North West,Premium,2025-10-22,Home & Kitchen,Blender,4,40000,0.0,160000.0,1500,bank transfer,Instagram,Cancelled,,10.0,1.0,No
CUST03019,ORD003019,PRD0009,2348044571219,Customer 3019,Male,18-25,Kaduna,North West,Regular,2024-03-02,Electronics,Laptop,4,5000,0.0,20000.0,3500,,Website,completed,delivered,8.0,5.0,Yes
CUST03020,ORD003020,PRD0027,2348017506530,Customer 3020,FEMALE,,Port Harcourt,South South,Occasional,2025-03-17,Electronics,Wireless Earbuds,2,25000,0.05,47500.0,1000,Wallet,Marketplace,,,3.0,4.0,No
CUST03021,ORD003021,PRD0027,2348065568572,Customer 3021,Female,60+,Ibadan,South West,Premium,2025-03-06,Electronics,Laptop,1,5000,0.15,4250.0,1500,Card,Website,Completed,Delivered,13.0,4.0,NO
CUST03022,ORD003022,PRD0003,2348087465889,Customer 3022,FEMALE,46-60,Port Harcourt,South South,premium ,2025-02-12,Sports,Football,4,3500,0.2,11200.0,1000,Cash on Delivery,,COMPLETED,delivered,11.0,5.0,No
CUST03023,ORD003023,PRD0029,2348038714517,Customer 3023,Male,26-35,Abuja,North Central,Regular,2024-04-22,Home & Kitchen,Cookware Set,4,75000,0.05,285000.0,1000,Card,Instagram,,In Transit,5.0,2.0,NO
CUST03024,ORD003024,PRD0015,2348088809917,Customer 3024,,46-60,Enugu,South East,Premium,2026-05-18,Home & Kitchen,Blender,4,7500,0.0,30000.0,2500,Cash on Delivery,Marketplace,,Returned,7.0,4.0,NO
CUST03025,ORD003025,PRD0027,2348077156300, Customer 3025 ,M,,Lagos,South West,Occasional,2024-04-29,Fashion,Shirt,2,10000,0.05,19000.0,2500,USSD,Marketplace,,In Transit,6.0,4.0,Yes
CUST03026,ORD003026,PRD0004,2348015457513,Customer 3026,female,,Abuja,North Central,Regular,2026-06-05,Sports,Gym Bag,5,7500,0.05,35625.0,3500,CARD,Marketplace,completed,,14.0,5.0,No
CUST03027,ORD003027,PRD0009,2348040968110,Customer 3027,,60+,Abuja,North Central,Premium,2026-04-19,Groceries,Cereal,1,3500,0.15,2975.0,3500,bank transfer,,,DELIVERED,7.0,5.0,
CUST03028,ORD003028,PRD0030,2348098670319,Customer 3028,,60+,Enugu,South East,Premium,2024-12-05,Sports,Yoga Mat,1,7500,0.05,7125.0,2500,Card,Mobile App,COMPLETED,Delivered,9.0,5.0,No
CUST03029,ORD003029,PRD0007,2348018433510,Customer 3029,Female,60+,Lagos,South West,Occasional,2025-12-29,Electronics,Wireless Earbuds,1,120000,0.15,102000.0,0,Wallet,,pending,Delivered,2.0,2.0,No
CUST03030,ORD003030,PRD0013,2348035876083,Customer 3030,M,,Abuja,North Central,Occasional,2025-06-03,Sports,Football,2,3500,0.2,5600.0,1500,Cash on Delivery,website,Completed,Delayed,11.0,4.0,No
CUST03031,ORD003031,PRD0018,2348073142506,Customer 3031, m ,46-60,Ibadan,South West,Regular,2024-01-15,Home & Kitchen,Vacuum Cleaner,2,5000,0.0,10000.0,1000,CARD,website,COMPLETED,Delayed,12.0,4.0,No
CUST03032,ORD003032,PRD0017,2348012089378,Customer 3032,Male,,Port Harcourt,South South,Regular,2026-01-17,Electronics,Wireless Earbuds,4,75000,0.0,300000.0,1500,Cash on Delivery,Instagram,,Returned,,5.0,Yes
CUST03033,ORD003033,PRD0028,2348011126886,Customer 3033,M,26-35,Ibadan,South West,Business,2024-10-13,Beauty,Skincare Set,2,10000,0.0,20000.0,3500,Bank Transfer,Store,completed,delivered,3.0,5.0,No
CUST03034,ORD003034,PRD0003,2348036690793,Customer 3034,female,36-45,Abuja,North Central,Premium,2026-07-19,Fashion,Shirt,5,5000,0.2,20000.0,1000,Wallet,Instagram,completed,delivered,2.0,5.0,No
CUST03035,ORD003035,PRD0019,2348033752840,Customer 3035,M,26-35,Port Harcourt,South South,Occasional,2025-07-15,Groceries,Beverage Pack,4,15000,0.0,60000.0,0,Bank Transfer,Website,,delivered,7.0,4.0,Yes
CUST03036,ORD003036,PRD0026,2348035601907,Customer 3036,MALE,18-25,Ibadan,South West,premium ,2024-03-09,Fashion,Handbag,1,7500,0.15,6375.0,1500,,Website,Completed,Delivered,5.0,3.0,
CUST03037,ORD003037,PRD0029,2348084629909,Customer 3037,Female,,Abuja,North Central,Occasional,2024-03-14,Home & Kitchen,Vacuum Cleaner,4,15000,0.2,48000.0,1500,Card,website,pending,,2.0,4.0,No
CUST03038,ORD003038,PRD0009,2348015501674,Customer 3038,Female,46-60,Kano,North West,Premium,2025-09-29,Fashion,Handbag,3,15000,0.1,40500.0,3500,USSD,Mobile App,,In Transit,9.0,2.0,No
CUST03039,ORD003039,PRD0013,2348052482121,Customer 3039,MALE,46-60,Abuja,North Central,Occasional,2024-08-23,Fashion,Sneakers,2,15000,0.0,30000.0,1500,Bank Transfer,Mobile App,cancelled,,1.0,2.0,No
CUST03040,ORD003040,PRD0023,2348098437528,Customer 3040,Female,,Kano,North West,,2024-04-09,Electronics,Wireless Earbuds,1,3500,0.0,3500.0,3500,,,cancelled,,8.0,4.0,
CUST03041,ORD003041,PRD0005,2348097539789,Customer 3041,,36-45,Kano,North West,Regular,2024-12-02,Beauty,Makeup Kit,4,120000,0.05,456000.0,3500,Wallet,Store,completed,,8.0,,
CUST03042,ORD003042,PRD0027,2348077546095,Customer 3042,Male,,Kaduna,North West,Premium,2025-07-02,Groceries,Cereal,3,40000,0.05,114000.0,2500,bank transfer,Mobile App,Pending,Delivered,7.0,4.0,
CUST03043,ORD003043,PRD0005,2348045384163,Customer 3043,M,,Lagos,South West,premium ,2025-07-14,Fashion,Handbag,2,15000,0.0,30000.0,2500,Cash on Delivery,Instagram,pending,delivered,6.0,3.0,Yes
CUST03044,ORD003044,PRD0022,2348050041429,Customer 3044,,26-35,Kaduna,North West,Regular,2026-07-21,Groceries,Cereal,1,5000,0.05,4750.0,1500,Cash on Delivery,Mobile App,Completed,delivered,10.0,4.0,NO
CUST03045,ORD003045,PRD0022,2348092895842,Customer 3045,,26-35,Enugu,South East,Occasional,2026-04-11,Home & Kitchen,Air Fryer,2,120000,0.0,240000.0,1500,,Website,Completed,Delivered,12.0,4.0,
CUST03046,ORD003046,PRD0016,2348046376453,Customer 3046,Male,60+,Kano,North West,Premium,2024-03-22,Fashion,Handbag,1,120000,0.15,102000.0,2500,Card,Website,Completed,DELIVERED,2.0,,No
CUST03047,ORD003047,PRD0010,2348056556682,Customer 3047,M,,Kano,North West,Business,2025-12-09,Fashion,Sneakers,4,10000,0.2,32000.0,0,USSD,mobile app,Completed,Delayed,12.0,2.0,NO
CUST03048,ORD003048,PRD0008,2348085260839,Customer 3048,Female,60+,Enugu,South East,Premium,2024-09-04,Groceries,Beverage Pack,1,40000,0.1,36000.0,1500,Cash on Delivery,Instagram,Cancelled,Delivered,1.0,4.0,yes
CUST03049,ORD003049,PRD0028,2348040594511,Customer 3049,,,Abuja,North Central,Regular,2024-07-20,Home & Kitchen,Blender,1,5000,0.05,4750.0,1500,CARD,Website,Completed,Delivered,1.0,5.0,Yes
CUST03050,ORD003050,PRD0030,2348011951543, Customer 3050 ,Female,,Port Harcourt,South South,Occasional,2024-11-17,Sports,Running Shoes,3,120000,0.1,324000.0,1500,Cash on Delivery,Marketplace,completed,Delayed,,5.0,No
CUST03051,ORD003051,PRD0022,2348084065266,Customer 3051,Male,18-25,Port Harcourt,South South,,2025-05-07,Sports,Running Shoes,4,10000,0.05,38000.0,0,,Marketplace,Returned,delivered,5.0,2.0,NO
CUST03052,ORD003052,PRD0023,2348023246910,Customer 3052,Male,18-25,Lagos,South West,Regular,2024-01-06,Home & Kitchen,Air Fryer,4,5000,0.15,17000.0,1500,Cash on Delivery,Website,COMPLETED,delivered,11.0,4.0,No
CUST03053,ORD003053,PRD0015,2348060793193,Customer 3053,Male,36-45,Port Harcourt,South South,Premium,2025-02-04,Groceries,Beverage Pack,5,25000,0.0,125000.0,0,Wallet,website,Completed,,,3.0,Yes
CUST03054,ORD003054,PRD0019,2348061797518,Customer 3054,,36-45,Kano,North West,Business,2025-10-05,Beauty,Perfume,1,10000,0.05,9500.0,0,Wallet,Mobile App,COMPLETED,DELIVERED,5.0,1.0,
CUST03055,ORD003055,PRD0029,2348078062013,Customer 3055,female,46-60,Kano,North West,Regular,2026-02-28,Sports,Yoga Mat,1,40000,0.1,36000.0,1000,Wallet,Website,COMPLETED,DELIVERED,2.0,5.0,
CUST03056,ORD003056,PRD0020,2348094554302,Customer 3056,Male,60+,Benin City,South South,Premium,2024-12-18,Beauty,Perfume,5,75000,0.0,375000.0,1500,Card,,Cancelled,Delayed,2.0,5.0,
CUST03057,ORD003057,PRD0017,2348095942028,Customer 3057,,18-25,Port Harcourt,South South,Premium,2024-09-08,Home & Kitchen,Vacuum Cleaner,3,7500,0.1,20250.0,1000,Card,,cancelled,Delivered,14.0,4.0,NO
CUST03058,ORD003058,PRD0004,2348068465295,Customer 3058,M,18-25,Enugu,South East,Business,2025-01-03,Sports,Yoga Mat,1,15000,0.0,15000.0,1000,Wallet,Store,COMPLETED,DELIVERED,,4.0,No
CUST03059,ORD003059,PRD0016,2348013451504,Customer 3059,,60+,Enugu,South East,,2024-06-24,Beauty,Makeup Kit,1,5000,0.15,4250.0,0,Card,Website,,,8.0,1.0,Yes
CUST03060,ORD003060,PRD0027,2348050566079,Customer 3060,M,46-60,Port Harcourt,South South,premium ,2025-10-31,Groceries,Rice,4,10000,0.1,36000.0,3500,Card,Website,COMPLETED,delivered,3.0,4.0,No
CUST03061,ORD003061,PRD0013,2348024567494,Customer 3061,F,26-35,Ibadan,South West,Premium,2025-09-27,Home & Kitchen,Air Fryer,1,75000,0.1,67500.0,0,,Website,Cancelled,Delayed,12.0,4.0,No
CUST03062,ORD003062,PRD0030,2348091041708,Customer 3062,M,18-25,Benin City,South South,Regular,2025-02-14,Fashion,Handbag,2,5000,0.2,8000.0,0,Wallet,website,,Returned,7.0,,yes
CUST03063,ORD003063,PRD0012,2348094760483,Customer 3063,male,26-35,Lagos,South West,Premium,2024-03-30,Sports,Yoga Mat,1,75000,0.05,71250.0,0,Cash on Delivery,mobile app,completed,delivered,5.0,4.0,NO
CUST03064,ORD003064,PRD0011,2348010732454,Customer 3064,Female,46-60,Benin City,South South,Regular,2024-01-09,Electronics,Smart TV,5,75000,0.0,375000.0,2500,bank transfer,Marketplace,completed,Delivered,1.0,4.0,Yes
CUST03065,ORD003065,PRD0005,2348074209037,Customer 3065,M,26-35,Port Harcourt,South South,Regular,2025-03-19,Beauty,Skincare Set,1,5000,0.15,4250.0,1500,Cash on Delivery,,Completed,Delivered,7.0,4.0,No
CUST03066,ORD003066,PRD0009,2348062304888,Customer 3066,Female,18-25,Kano,North West,REGULAR,2024-11-23,Fashion,Jeans,4,3500,0.05,13300.0,1000,,Mobile App,completed,Delivered,5.0,4.0,Yes
CUST03067,ORD003067,PRD0017,2348093276510,Customer 3067,male,,Port Harcourt,South South,Premium,2025-07-23,Beauty,Hair Dryer,4,5000,0.1,18000.0,1000,Card,Website,Cancelled,Delivered,12.0,2.0,Yes
CUST03068,ORD003068,PRD0010,2348088024598,Customer 3068,Male,26-35,Lagos,South West,,2026-03-14,Electronics,Laptop,2,7500,0.0,15000.0,3500,,Marketplace,completed,In Transit,,5.0,
CUST03069,ORD003069,PRD0007,2348023327062,Customer 3069,,46-60,Enugu,South East,Occasional,2026-08-28,Groceries,Cooking Oil,5,120000,0.15,510000.0,1000,bank transfer,Website,COMPLETED,In Transit,4.0,,Yes
CUST03070,ORD003070,PRD0029,2348047899704,Customer 3070,Male,26-35,Benin City,South South,REGULAR,2026-04-19,Groceries,Cooking Oil,3,7500,0.1,20250.0,2500,,Website,Cancelled,Delivered,9.0,2.0,
CUST03071,ORD003071,PRD0027,2348098544041,Customer 3071,Male,60+,Benin City,South South,Occasional,2024-09-03,Groceries,Rice,1,25000,0.15,21250.0,0,Card,Website,completed,Returned,7.0,5.0,Yes
CUST03072,ORD003072,PRD0003,2348017950332,Customer 3072,male,,Ibadan,South West,Premium,2024-05-23,Electronics,Smartphone,5,7500,0.05,35625.0,1500,bank transfer,Website,Completed,delivered,9.0,2.0,Yes
CUST03073,ORD003073,PRD0008,2348086062240,Customer 3073,,26-35,Lagos,South West,Regular,2025-02-20,Groceries,Cooking Oil,1,5000,0.05,4750.0,1000,Bank Transfer,Marketplace,Pending,Delivered,10.0,4.0,Yes
CUST03074,ORD003074,PRD0008,2348014554671,Customer 3074,Male,,Kaduna,North West,Business,2025-03-21,Beauty,Perfume,5,15000,0.0,75000.0,1000,Card,Mobile App,,In Transit,12.0,4.0,
CUST03075,ORD003075,PRD0010,2348057344469, Customer 3075 ,Female,18-25,Kaduna,North West,premium ,2025-06-09,Home & Kitchen,Blender,2,40000,0.05,76000.0,1000,Bank Transfer,Instagram,Completed,Delivered,,4.0,Yes
CUST03076,ORD003076,PRD0004,2348086566048,Customer 3076,Male,,Kano,North West,Premium,2024-03-05,Home & Kitchen,Air Fryer,4,120000,0.2,384000.0,0,USSD,Mobile App,completed,Delivered,6.0,5.0,No
CUST03077,ORD003077,PRD0007,2348082453192,Customer 3077,Female,18-25,Port Harcourt,South South,premium ,2024-11-10,Sports,Football,5,25000,0.15,106250.0,1500,Cash on Delivery,Mobile App,COMPLETED,Delayed,1.0,5.0,Yes
CUST03078,ORD003078,PRD0013,2348051051664,Customer 3078,Female,26-35,Ibadan,South West,Regular,2025-08-06,Fashion,Sneakers,4,40000,0.15,136000.0,3500,Bank Transfer,Marketplace,Completed,Returned,,,Yes
CUST03079,ORD003079,PRD0026,2348022672300,Customer 3079,Male,60+,Kano,North West,Occasional,2025-04-14,Groceries,Beverage Pack,3,40000,0.05,114000.0,3500,Cash on Delivery,Mobile App,,Returned,4.0,4.0,No
CUST03080,ORD003080,PRD0022,2348084934945,Customer 3080,Female,18-25,Kaduna,North West,Business,2024-09-15,Groceries,Cereal,5,15000,0.2,60000.0,1500,Cash on Delivery,website,completed,DELIVERED,5.0,4.0,
CUST03081,ORD003081,PRD0025,2348071250321,Customer 3081,Female,,Abuja,North Central,Premium,2024-05-28,Fashion,Jeans,1,25000,0.2,20000.0,1500,Bank Transfer,Marketplace,completed,Delivered,14.0,5.0,No
CUST03082,ORD003082,PRD0011,2348033534594,Customer 3082,,36-45,Abuja,North Central,Regular,2024-03-19,Home & Kitchen,Blender,5,120000,0.05,570000.0,2500,Bank Transfer,mobile app,Completed,Delivered,12.0,4.0,Yes
CUST03083,ORD003083,PRD0004,2348059964002,Customer 3083,male,36-45,Enugu,South East,REGULAR,2024-10-15,Beauty,Hair Dryer,2,75000,0.0,150000.0,1500,Card,Marketplace,completed,DELIVERED,3.0,4.0,No
CUST03084,ORD003084,PRD0030,2348025287126,Customer 3084,Female,46-60,Enugu,South East,Occasional,2024-02-06,Electronics,Smartphone,2,5000,0.2,8000.0,1000,Bank Transfer,mobile app,,delivered,,3.0,Yes
CUST03085,ORD003085,PRD0020,2348029693085,Customer 3085,,36-45,Kaduna,North West,Occasional,2024-04-08,Home & Kitchen,Blender,5,25000,0.1,112500.0,0,,Marketplace,Completed,Delayed,8.0,3.0,
CUST03086,ORD003086,PRD0027,2348029002881,Customer 3086,Male,,Kaduna,North West,Regular,2024-03-26,Fashion,Sneakers,1,75000,0.15,63750.0,2500,Card,mobile app,completed,Delayed,10.0,2.0,No
CUST03087,ORD003087,PRD0023,2348074508228,Customer 3087,,36-45,Enugu,South East,REGULAR,2026-07-18,Groceries,Beverage Pack,5,5000,0.0,25000.0,1500,Card,Store,cancelled,delivered,,1.0,
CUST03088,ORD003088,PRD0017,2348023633952,Customer 3088,M,36-45,Ibadan,South West,Regular,2025-07-05,Sports,Yoga Mat,5,120000,0.05,570000.0,1500,bank transfer,Website,Cancelled,delivered,14.0,4.0,Yes
CUST03089,ORD003089,PRD0004,2348051501637,Customer 3089,Male,36-45,Port Harcourt,South South,Occasional,2026-06-16,Home & Kitchen,Cookware Set,4,10000,0.15,34000.0,1000,Bank Transfer,Store,Returned,,9.0,2.0,yes
CUST03090,ORD003090,PRD0009,2348085482176,Customer 3090,,36-45,Enugu,South East,Regular,2025-03-04,Fashion,Jeans,2,7500,0.15,12750.0,3500,,Store,COMPLETED,In Transit,,3.0,NO
CUST03091,ORD003091,PRD0024,2348043322649,Customer 3091,Female,18-25,Port Harcourt,South South,Premium,2024-08-17,Sports,Yoga Mat,2,15000,0.2,24000.0,1500,CARD,Store,Cancelled,DELIVERED,10.0,4.0,No
CUST03092,ORD003092,PRD0018,2348098922511,Customer 3092,,60+,Kano,North West,Occasional,2026-05-26,Groceries,Cooking Oil,4,5000,0.15,17000.0,1000,Wallet,mobile app,completed,DELIVERED,14.0,3.0,Yes
CUST03093,ORD003093,PRD0027,2348063966564,Customer 3093,Female,60+,Enugu,South East,,2025-04-12,Beauty,Hair Dryer,3,7500,0.0,22500.0,2500,Wallet,Marketplace,Cancelled,Returned,3.0,5.0,Yes
CUST03094,ORD003094,PRD0030,2348036994182,Customer 3094,male,18-25,Port Harcourt,South South,Occasional,2024-11-20,Beauty,Hair Dryer,1,10000,0.2,8000.0,2500,Cash on Delivery,Marketplace,Completed,Returned,14.0,5.0,yes
CUST03095,ORD003095,PRD0018,2348074693387,Customer 3095,F,60+,Kaduna,North West,Regular,2025-08-21,Beauty,Skincare Set,4,3500,0.1,12600.0,0,Cash on Delivery,Instagram,Completed,Delivered,12.0,5.0,No
CUST03096,ORD003096,PRD0014,2348068191949,Customer 3096,,46-60,Benin City,South South,Occasional,2025-04-15,Sports,Yoga Mat,5,40000,0.0,200000.0,3500,Cash on Delivery,,completed,Delivered,10.0,5.0,Yes
CUST03097,ORD003097,PRD0006,2348030523851,Customer 3097,Male,18-25,Port Harcourt,South South,Occasional,2025-09-07,Beauty,Skincare Set,1,40000,0.05,38000.0,1000,Bank Transfer,Mobile App,completed,Delayed,12.0,2.0,No
CUST03098,ORD003098,PRD0017,2348071769478,Customer 3098,M,,Enugu,South East,Business,2024-06-19,Fashion,Handbag,2,120000,0.15,204000.0,1000,USSD,Mobile App,cancelled,delivered,14.0,5.0,NO
CUST03099,ORD003099,PRD0002,2348063015618,Customer 3099,male,46-60,Enugu,South East,Premium,2024-11-21,Home & Kitchen,Air Fryer,1,40000,0.05,38000.0,2500,Wallet,Store,Cancelled,In Transit,7.0,5.0,No
CUST03100,ORD003100,PRD0022,2348010230956, Customer 3100 ,M,46-60,Benin City,South South,premium ,2025-06-20,Home & Kitchen,Vacuum Cleaner,4,15000,0.1,54000.0,1500,Card,Mobile App,cancelled,Delivered,1.0,3.0,No
CUST03101,ORD003101,PRD0014,2348092352993,Customer 3101,female,26-35,Benin City,South South,REGULAR,2024-10-13,Electronics,Wireless Earbuds,3,120000,0.0,360000.0,1000,Bank Transfer,mobile app,pending,,6.0,4.0,
CUST03102,ORD003102,PRD0016,2348044560619,Customer 3102,Female,26-35,Kaduna,North West,Occasional,2024-07-26,Sports,Football,3,3500,0.05,9975.0,1500,Cash on Delivery,Mobile App,pending,Delivered,8.0,4.0,No
CUST03103,ORD003103,PRD0028,2348065784861,Customer 3103,MALE,46-60,Port Harcourt,South South,premium ,2025-07-02,Fashion,Sneakers,1,120000,0.2,96000.0,1000,Wallet,Instagram,Pending,Delivered,10.0,5.0,
CUST03104,ORD003104,PRD0022,2348039057986,Customer 3104,,46-60,Lagos,South West,Regular,2025-05-01,Fashion,Sneakers,2,7500,0.15,12750.0,2500,Bank Transfer,mobile app,,Delivered,4.0,5.0,Yes
CUST03105,ORD003105,PRD0006,2348035399550,Customer 3105,Male,46-60,Lagos,South West,Occasional,2026-07-10,Groceries,Cereal,1,25000,0.05,23750.0,1000,Cash on Delivery,website,,DELIVERED,2.0,5.0,No
CUST03106,ORD003106,PRD0014,2348087149296,Customer 3106,Male,,Ibadan,South West,Business,2025-02-28,Fashion,Handbag,1,120000,0.1,108000.0,2500,USSD,Mobile App,Completed,Returned,,5.0,No
CUST03107,ORD003107,PRD0016,2348056714076,Customer 3107,M,18-25,Benin City,South South,Occasional,2025-05-03,Sports,Yoga Mat,2,10000,0.15,17000.0,1500,Wallet,Mobile App,Completed,In Transit,2.0,3.0,yes
CUST03108,ORD003108,PRD0009,2348068107499,Customer 3108, f ,60+,Lagos,South West,Premium,2025-11-14,Electronics,Smartphone,1,10000,0.2,8000.0,1000,Wallet,Website,pending,Delivered,14.0,5.0,
CUST03109,ORD003109,PRD0003,2348028574317,Customer 3109,FEMALE,36-45,Benin City,South South,Occasional,2026-06-03,Beauty,Skincare Set,5,5000,0.1,22500.0,3500,Wallet,Store,completed,delivered,9.0,4.0,Yes
CUST03110,ORD003110,PRD0006,2348055364154,Customer 3110,Male,18-25,Kano,North West,Occasional,2024-03-03,Electronics,Wireless Earbuds,1,7500,0.1,6750.0,1000,Card,Website,,Delayed,1.0,4.0,
CUST03111,ORD003111,PRD0004,2348070134107,Customer 3111, m ,,Lagos,South West,Regular,2026-04-18,Home & Kitchen,Cookware Set,1,120000,0.1,108000.0,1000,Bank Transfer,Instagram,Completed,delivered,13.0,4.0,Yes
CUST03112,ORD003112,PRD0001,2348011006924,Customer 3112,F,18-25,Enugu,South East,Occasional,2025-05-05,Groceries,Rice,3,40000,0.0,120000.0,2500,Card,mobile app,,Delivered,14.0,3.0,Yes
CUST03113,ORD003113,PRD0016,2348080289640,Customer 3113,Female,26-35,Port Harcourt,South South,Premium,2025-07-01,Beauty,Hair Dryer,5,25000,0.0,125000.0,0,bank transfer,Website,Pending,Delayed,2.0,5.0,yes
CUST03114,ORD003114,PRD0022,2348099895752,Customer 3114,Female,26-35,Enugu,South East,Business,2025-01-04,Electronics,Smart TV,1,3500,0.1,3150.0,1000,Bank Transfer,Marketplace,Completed,Delivered,2.0,2.0,No
CUST03115,ORD003115,PRD0005,2348088063963,Customer 3115,Female,46-60,Ibadan,South West,Premium,2024-07-18,Electronics,Wireless Earbuds,1,75000,0.0,75000.0,3500,bank transfer,Marketplace,Completed,,9.0,3.0,No
CUST03116,ORD003116,PRD0003,2348085717620,Customer 3116,Male,26-35,Kano,North West,Premium,2024-11-09,Sports,Yoga Mat,3,10000,0.0,30000.0,0,Cash on Delivery,Website,,In Transit,,2.0,No
CUST03117,ORD003117,PRD0020,2348035204515,Customer 3117,,46-60,Ibadan,South West,Premium,2024-05-27,Fashion,Handbag,5,10000,0.15,42500.0,2500,,Store,COMPLETED,In Transit,5.0,4.0,No
CUST03118,ORD003118,PRD0004,2348022072128,Customer 3118,Female,26-35,Enugu,South East,Regular,2024-06-29,Home & Kitchen,Blender,4,40000,0.0,160000.0,0,USSD,,pending,DELIVERED,9.0,4.0,No
CUST03119,ORD003119,PRD0009,2348099663122,Customer 3119,,26-35,Ibadan,South West,Occasional,2024-06-20,Fashion,Jeans,4,25000,0.15,85000.0,0,Cash on Delivery,Mobile App,COMPLETED,Delayed,10.0,4.0,No
CUST03120,ORD003120,PRD0012,2348097354752,Customer 3120,,36-45,Kaduna,North West,Regular,2025-11-26,Sports,Running Shoes,5,40000,0.0,200000.0,1500,CARD,Instagram,Cancelled,delivered,13.0,3.0,No
CUST03121,ORD003121,PRD0019,2348088988574,Customer 3121,female,18-25,Port Harcourt,South South,Occasional,2025-02-18,Electronics,Smart TV,4,120000,0.05,456000.0,1500,USSD,,Cancelled,In Transit,12.0,3.0,No
CUST03122,ORD003122,PRD0013,2348027857752,Customer 3122,,60+,Kano,North West,Occasional,2026-02-19,Fashion,Sneakers,5,10000,0.2,40000.0,0,Card,Website,Cancelled,In Transit,,4.0,Yes
CUST03123,ORD003123,PRD0002,2348040364188,Customer 3123,M,18-25,Abuja,North Central,Premium,2024-10-31,Electronics,Smart TV,4,7500,0.1,27000.0,1500,USSD,website,,In Transit,13.0,5.0,
CUST03124,ORD003124,PRD0026,2348068441585,Customer 3124,Male,26-35,Lagos,South West,Regular,2025-03-22,Beauty,Hair Dryer,3,15000,0.0,45000.0,0,Cash on Delivery,Mobile App,Cancelled,In Transit,10.0,5.0,Yes
CUST03125,ORD003125,PRD0006,2348082917714, Customer 3125 ,Male,36-45,Abuja,North Central,Business,2025-06-27,Fashion,Jeans,4,7500,0.1,27000.0,1000,Card,,cancelled,In Transit,1.0,4.0,No
CUST03126,ORD003126,PRD0030,2348058444425,Customer 3126,F,36-45,Ibadan,South West,Business,2026-04-16,Electronics,Smart TV,4,3500,0.1,12600.0,1500,Card,Store,,Delivered,2.0,2.0,No
CUST03127,ORD003127,PRD0022,2348052870837,Customer 3127,female,60+,Kano,North West,Occasional,2025-02-09,Groceries,Rice,4,5000,0.1,18000.0,2500,Cash on Delivery,Instagram,completed,Delivered,7.0,4.0,NO
CUST03128,ORD003128,PRD0010,2348012965422,Customer 3128,Female,46-60,Abuja,North Central,Premium,2024-03-23,Sports,Running Shoes,5,25000,0.1,112500.0,2500,Wallet,mobile app,Pending,Delayed,3.0,4.0,
CUST03129,ORD003129,PRD0016,2348037930326,Customer 3129,M,,Kaduna,North West,Occasional,2024-06-14,Home & Kitchen,Cookware Set,3,120000,0.05,342000.0,0,Bank Transfer,Mobile App,cancelled,In Transit,2.0,4.0,No
CUST03130,ORD003130,PRD0013,2348072604488,Customer 3130,,36-45,Enugu,South East,Regular,2025-06-13,Electronics,Smartphone,1,25000,0.0,25000.0,3500,Bank Transfer,mobile app,cancelled,Delivered,,4.0,
CUST03131,ORD003131,PRD0029,2348020013779,Customer 3131,F,26-35,Enugu,South East,Occasional,2025-05-30,Fashion,Shirt,5,3500,0.0,17500.0,1000,USSD,Mobile App,Pending,delivered,7.0,4.0,No
CUST03132,ORD003132,PRD0011,2348028025578,Customer 3132,Male,18-25,Lagos,South West,Premium,2024-02-23,Home & Kitchen,Cookware Set,3,15000,0.2,36000.0,2500,USSD,Website,completed,Delayed,3.0,5.0,Yes
CUST03133,ORD003133,PRD0024,2348041265571,Customer 3133,Male,26-35,Port Harcourt,South South,Premium,2024-03-15,Home & Kitchen,Vacuum Cleaner,2,5000,0.15,8500.0,1500,Wallet,Mobile App,Completed,Delivered,14.0,,Yes
CUST03134,ORD003134,PRD0011,2348044824668,Customer 3134,Male,36-45,Kaduna,North West,Premium,2025-11-18,Home & Kitchen,Air Fryer,1,25000,0.05,23750.0,0,,Store,Completed,,8.0,3.0,No
CUST03135,ORD003135,PRD0009,2348018222858,Customer 3135, m ,46-60,Ibadan,South West,,2024-08-27,Fashion,Jeans,5,15000,0.15,63750.0,3500,Bank Transfer,Mobile App,Pending,Delivered,7.0,3.0,Yes
CUST03136,ORD003136,PRD0013,2348038411773,Customer 3136,FEMALE,36-45,Lagos,South West,Regular,2024-08-09,Home & Kitchen,Blender,4,15000,0.1,54000.0,1000,,Website,pending,delivered,4.0,,yes
CUST03137,ORD003137,PRD0007,2348080330967,Customer 3137,Male,18-25,Kano,North West,Regular,2024-04-20,Fashion,Jeans,1,7500,0.2,6000.0,3500,Wallet,Store,Completed,Delivered,6.0,4.0,
CUST03138,ORD003138,PRD0013,2348074122209,Customer 3138,MALE,46-60,Kaduna,North West,Premium,2026-05-08,Fashion,Shirt,4,75000,0.0,300000.0,1500,Bank Transfer,Mobile App,completed,Delayed,3.0,,No
CUST03139,ORD003139,PRD0019,2348025210486,Customer 3139,male,46-60,Lagos,South West,Premium,2025-08-17,Electronics,Smart TV,4,10000,0.05,38000.0,3500,Wallet,Mobile App,Completed,Delayed,7.0,5.0,Yes
CUST03140,ORD003140,PRD0022,2348074935031,Customer 3140,M,46-60,Kano,North West,Regular,2024-06-23,Groceries,Cooking Oil,5,5000,0.05,23750.0,2500,USSD,Instagram,Completed,In Transit,4.0,4.0,
CUST03141,ORD003141,PRD0028,2348046037613,Customer 3141,Male,60+,Lagos,South West,REGULAR,2026-07-12,Electronics,Smartphone,1,40000,0.05,38000.0,2500,Card,Instagram,completed,In Transit,13.0,5.0,Yes
CUST03142,ORD003142,PRD0010,2348029471732,Customer 3142,,18-25,Port Harcourt,South South,,2026-05-01,Electronics,Smartphone,2,75000,0.2,120000.0,2500,Card,Mobile App,COMPLETED,In Transit,2.0,4.0,No
CUST03143,ORD003143,PRD0007,2348054611565,Customer 3143,Male,18-25,Abuja,North Central,Regular,2024-10-23,Groceries,Cooking Oil,4,10000,0.0,40000.0,2500,,Mobile App,,Delivered,3.0,2.0,No
CUST03144,ORD003144,PRD0027,2348077216225,Customer 3144,Female,,Kaduna,North West,Occasional,2025-06-12,Sports,Yoga Mat,3,10000,0.2,24000.0,2500,,Instagram,Pending,,5.0,4.0,
CUST03145,ORD003145,PRD0023,2348068258821,Customer 3145,F,26-35,Lagos,South West,Regular,2025-11-01,Electronics,Smart TV,2,15000,0.2,24000.0,3500,Cash on Delivery,Instagram,cancelled,Delivered,3.0,2.0,No
CUST03146,ORD003146,PRD0018,2348038553895,Customer 3146,Female,46-60,Abuja,North Central,Occasional,2024-12-30,Home & Kitchen,Cookware Set,3,25000,0.15,63750.0,3500,Cash on Delivery,Store,Cancelled,Returned,1.0,1.0,Yes
CUST03147,ORD003147,PRD0015,2348045756727,Customer 3147,Male,46-60,Port Harcourt,South South,Premium,2024-12-29,Home & Kitchen,Cookware Set,5,7500,0.15,31875.0,1000,Bank Transfer,Mobile App,Completed,In Transit,9.0,5.0,NO
CUST03148,ORD003148,PRD0023,2348058318720,Customer 3148,F,46-60,Abuja,North Central,Regular,2024-05-23,Electronics,Laptop,5,5000,0.2,20000.0,0,Bank Transfer,Mobile App,Completed,Delivered,8.0,4.0,No
CUST03149,ORD003149,PRD0009,2348060448965,Customer 3149,Female,18-25,Abuja,North Central,Occasional,2025-05-02,Electronics,Smartphone,3,25000,0.1,67500.0,3500,Card,Marketplace,cancelled,Delivered,,5.0,Yes
CUST03150,ORD003150,PRD0023,2348051042335, Customer 3150 ,FEMALE,,Kaduna,North West,,2024-03-29,Electronics,Smart TV,2,25000,0.0,50000.0,1500,Card,mobile app,completed,Returned,12.0,4.0,
CUST03151,ORD003151,PRD0003,2348099462580,Customer 3151,Female,60+,Lagos,South West,Premium,2025-08-17,Fashion,Jeans,3,10000,0.05,28500.0,2500,USSD,,Completed,Delivered,11.0,,Yes
CUST03152,ORD003152,PRD0019,2348092186129,Customer 3152,Male,36-45,Port Harcourt,South South,Premium,2026-06-03,Beauty,Hair Dryer,4,75000,0.0,300000.0,1500,Card,website,COMPLETED,Returned,1.0,1.0,No
CUST03153,ORD003153,PRD0023,2348061097199,Customer 3153,Female,,Abuja,North Central,Occasional,2024-03-10,Home & Kitchen,Blender,4,25000,0.1,90000.0,1500,,Instagram,,delivered,11.0,5.0,NO
CUST03154,ORD003154,PRD0025,2348084298123,Customer 3154,M,60+,Abuja,North Central,Occasional,2026-01-27,Fashion,Shirt,2,5000,0.1,9000.0,1500,Bank Transfer,Store,Pending,delivered,12.0,3.0,Yes
CUST03155,ORD003155,PRD0025,2348024036089,Customer 3155,Female,46-60,Kano,North West,Business,2026-03-04,Electronics,Smartphone,2,120000,0.05,228000.0,1000,Bank Transfer,Mobile App,Completed,In Transit,5.0,4.0,No
CUST03156,ORD003156,PRD0002,2348024368521,Customer 3156,,,Kano,North West,Regular,2026-07-13,Beauty,Skincare Set,3,5000,0.05,14250.0,3500,Wallet,Mobile App,Completed,In Transit,6.0,,NO
CUST03157,ORD003157,PRD0001,2348078513337,Customer 3157,male,18-25,Benin City,South South,Occasional,2026-05-08,Fashion,Sneakers,4,3500,0.15,11900.0,2500,USSD,Website,Cancelled,In Transit,8.0,4.0,No
CUST03158,ORD003158,PRD0027,2348051842076,Customer 3158,Male,60+,Enugu,South East,Regular,2025-09-08,Home & Kitchen,Air Fryer,5,10000,0.05,47500.0,2500,USSD,Store,Completed,In Transit,5.0,2.0,No
CUST03159,ORD003159,PRD0003,2348054149511,Customer 3159,M,,Ibadan,South West,Regular,2026-01-28,Fashion,Shirt,4,7500,0.05,28500.0,1500,Card,Website,Completed,Delivered,7.0,,Yes
CUST03160,ORD003160,PRD0012,2348079177950,Customer 3160, m ,36-45,Benin City,South South,,2024-12-10,Electronics,Smartphone,1,75000,0.2,60000.0,3500,Cash on Delivery,website,completed,DELIVERED,4.0,2.0,Yes
CUST03161,ORD003161,PRD0011,2348011043998,Customer 3161,,36-45,Port Harcourt,South South,Premium,2024-05-02,Home & Kitchen,Blender,4,5000,0.15,17000.0,1500,,Marketplace,Completed,,5.0,2.0,No
CUST03162,ORD003162,PRD0004,2348049324740,Customer 3162,Male,46-60,Lagos,South West,Premium,2024-09-16,Sports,Yoga Mat,2,75000,0.2,120000.0,0,,Instagram,Returned,In Transit,13.0,5.0,No
CUST03163,ORD003163,PRD0023,2348068398477,Customer 3163,Male,18-25,Kano,North West,Regular,2026-07-09,Home & Kitchen,Air Fryer,5,40000,0.15,170000.0,2500,Bank Transfer,Store,completed,In Transit,4.0,3.0,No
CUST03164,ORD003164,PRD0022,2348040981476,Customer 3164,Female,,Lagos,South West,Regular,2026-08-25,Sports,Yoga Mat,1,25000,0.2,20000.0,2500,Card,Instagram,Completed,delivered,12.0,4.0,
CUST03165,ORD003165,PRD0028,2348094307612,Customer 3165,Male,26-35,Benin City,South South,REGULAR,2025-01-26,Electronics,Smart TV,4,10000,0.15,34000.0,0,CARD,Mobile App,Pending,Delivered,8.0,5.0,
CUST03166,ORD003166,PRD0029,2348094444769,Customer 3166,male,,Abuja,North Central,Occasional,2025-06-24,Sports,Football,5,5000,0.05,23750.0,3500,,Marketplace,Cancelled,Delivered,,5.0,Yes
CUST03167,ORD003167,PRD0007,2348036062081,Customer 3167,FEMALE,36-45,Kano,North West,REGULAR,2024-08-22,Fashion,Sneakers,2,25000,0.15,42500.0,3500,Card,Website,completed,,11.0,4.0,
CUST03168,ORD003168,PRD0015,2348094267158,Customer 3168,Male,60+,Abuja,North Central,Premium,2026-02-11,Sports,Yoga Mat,4,120000,0.0,480000.0,1500,Cash on Delivery,Store,COMPLETED,Delivered,6.0,4.0,No
CUST03169,ORD003169,PRD0014,2348095885506,Customer 3169,Female,36-45,Abuja,North Central,Regular,2026-02-26,Fashion,Shirt,5,10000,0.2,40000.0,1500,Bank Transfer,Marketplace,,,11.0,4.0,yes
CUST03170,ORD003170,PRD0013,2348010894630,Customer 3170,Male,60+,Ibadan,South West,Regular,2025-11-18,Beauty,Hair Dryer,3,25000,0.15,63750.0,3500,Cash on Delivery,Marketplace,pending,delivered,2.0,2.0,Yes
CUST03171,ORD003171,PRD0029,2348053423787,Customer 3171,Male,18-25,Ibadan,South West,Occasional,2025-01-15,Home & Kitchen,Vacuum Cleaner,3,5000,0.0,15000.0,2500,Card,Store,Pending,Delayed,6.0,4.0,No
CUST03172,ORD003172,PRD0007,2348043574633,Customer 3172,M,,Abuja,North Central,premium ,2026-08-09,Beauty,Skincare Set,3,25000,0.15,63750.0,3500,Wallet,,Completed,Returned,14.0,4.0,yes
CUST03173,ORD003173,PRD0023,2348072829067,Customer 3173,,18-25,Lagos,South West,Regular,2025-11-06,Home & Kitchen,Air Fryer,4,7500,0.05,28500.0,2500,Bank Transfer,,Cancelled,,6.0,4.0,
CUST03174,ORD003174,PRD0005,2348073280983,Customer 3174,Female,18-25,Port Harcourt,South South,,2024-05-07,Fashion,Handbag,5,10000,0.15,42500.0,1500,Card,Website,COMPLETED,In Transit,6.0,4.0,Yes
CUST03175,ORD003175,PRD0029,2348065124971, Customer 3175 ,,60+,Port Harcourt,South South,Occasional,2024-08-10,Electronics,Smart TV,4,3500,0.15,11900.0,2500,Card,Website,,In Transit,12.0,5.0,
CUST03176,ORD003176,PRD0026,2348037993565,Customer 3176,Male,36-45,Lagos,South West,Regular,2026-01-17,Beauty,Makeup Kit,3,75000,0.15,191250.0,3500,Bank Transfer,Website,COMPLETED,,12.0,,
CUST03177,ORD003177,PRD0028,2348024715220,Customer 3177,female,26-35,Port Harcourt,South South,Regular,2024-07-17,Electronics,Smartphone,2,15000,0.0,30000.0,2500,USSD,Marketplace,cancelled,Returned,13.0,3.0,No
CUST03178,ORD003178,PRD0001,2348077093892,Customer 3178,M,46-60,Lagos,South West,Business,2024-07-22,Sports,Running Shoes,2,10000,0.0,20000.0,0,Wallet,Instagram,cancelled,,1.0,5.0,No
CUST03179,ORD003179,PRD0026,2348054768022,Customer 3179,,,Port Harcourt,South South,Business,2024-12-15,Fashion,Handbag,1,7500,0.2,6000.0,2500,Cash on Delivery,Website,COMPLETED,Delivered,11.0,2.0,NO
CUST03180,ORD003180,PRD0027,2348079672379,Customer 3180,Female,60+,Kaduna,North West,Regular,2025-04-09,Electronics,Smartphone,2,10000,0.0,20000.0,0,Bank Transfer,,cancelled,DELIVERED,,2.0,No
CUST03181,ORD003181,PRD0009,2348016294200,Customer 3181,Female,46-60,Enugu,South East,Premium,2024-01-10,Home & Kitchen,Vacuum Cleaner,1,5000,0.05,4750.0,3500,USSD,website,Cancelled,Returned,11.0,5.0,No
CUST03182,ORD003182,PRD0023,2348033026254,Customer 3182,female,18-25,Lagos,South West,REGULAR,2026-06-03,Fashion,Jeans,1,3500,0.1,3150.0,0,Wallet,Mobile App,,,9.0,5.0,
CUST03183,ORD003183,PRD0013,2348041439808,Customer 3183,Male,46-60,Port Harcourt,South South,Premium,2026-06-23,Beauty,Makeup Kit,3,10000,0.2,24000.0,1000,Wallet,Mobile App,completed,Returned,11.0,1.0,No
CUST03184,ORD003184,PRD0027,2348011779020,Customer 3184,M,26-35,Kaduna,North West,Premium,2024-12-05,Beauty,Perfume,4,3500,0.05,13300.0,3500,Card,Marketplace,Pending,Delivered,14.0,4.0,Yes
CUST03185,ORD003185,PRD0015,2348028111129,Customer 3185,Female,26-35,Kano,North West,Business,2025-12-30,Sports,Gym Bag,2,5000,0.0,10000.0,1000,Wallet,Marketplace,completed,Delayed,,5.0,yes
CUST03186,ORD003186,PRD0002,2348031049772,Customer 3186,,18-25,Kano,North West,Premium,2025-01-04,Fashion,Shirt,1,25000,0.0,25000.0,0,USSD,Marketplace,cancelled,,1.0,5.0,Yes
CUST03187,ORD003187,PRD0018,2348018175944,Customer 3187,Male,18-25,Kaduna,North West,Business,2026-05-01,Electronics,Wireless Earbuds,5,5000,0.05,23750.0,3500,Card,Website,,,14.0,3.0,Yes
CUST03188,ORD003188,PRD0028,2348029322652,Customer 3188,Female,36-45,Kaduna,North West,Premium,2025-09-29,Home & Kitchen,Cookware Set,5,120000,0.2,480000.0,1000,Cash on Delivery,Store,cancelled,In Transit,3.0,,No
CUST03189,ORD003189,PRD0001,2348083782752,Customer 3189,Female,,Enugu,South East,REGULAR,2025-08-28,Groceries,Cereal,3,15000,0.05,42750.0,3500,bank transfer,Instagram,Cancelled,,14.0,4.0,No
CUST03190,ORD003190,PRD0019,2348057234399,Customer 3190,M,36-45,Kano,North West,Premium,2025-11-06,Groceries,Cereal,2,7500,0.1,13500.0,1500,Cash on Delivery,Website,COMPLETED,In Transit,,,No
CUST03191,ORD003191,PRD0026,2348040405752,Customer 3191,female,26-35,Lagos,South West,Premium,2025-10-12,Sports,Yoga Mat,1,75000,0.1,67500.0,3500,Bank Transfer,Mobile App,completed,delivered,7.0,1.0,NO
CUST03192,ORD003192,PRD0022,2348018567761,Customer 3192,Male,26-35,Lagos,South West,,2024-11-24,Beauty,Skincare Set,3,5000,0.05,14250.0,1000,Wallet,Mobile App,cancelled,Delayed,12.0,3.0,No
CUST03193,ORD003193,PRD0007,2348015419163,Customer 3193,F,60+,Kaduna,North West,Regular,2025-01-10,Electronics,Laptop,1,40000,0.05,38000.0,1500,Bank Transfer,Instagram,completed,Delivered,10.0,1.0,Yes
CUST03194,ORD003194,PRD0001,2348096954944,Customer 3194,F,,Kaduna,North West,Regular,2026-05-01,Electronics,Wireless Earbuds,3,40000,0.15,102000.0,1000,Bank Transfer,mobile app,cancelled,Returned,3.0,,No
CUST03195,ORD003195,PRD0022,2348047451023,Customer 3195,Female,60+,Abuja,North Central,REGULAR,2026-03-02,Home & Kitchen,Air Fryer,1,75000,0.05,71250.0,1000,Wallet,Store,,delivered,2.0,5.0,NO
CUST03196,ORD003196,PRD0022,2348033404937,Customer 3196,M,,Abuja,North Central,Regular,2026-07-09,Sports,Yoga Mat,3,25000,0.05,71250.0,3500,USSD,Mobile App,Completed,Returned,2.0,,NO
CUST03197,ORD003197,PRD0018,2348066656347,Customer 3197,Male,18-25,Abuja,North Central,Regular,2024-03-28,Fashion,Handbag,5,5000,0.2,20000.0,1500,Bank Transfer,Store,Completed,,1.0,5.0,Yes
CUST03198,ORD003198,PRD0003,2348097284403,Customer 3198,female,36-45,Lagos,South West,Business,2024-12-16,Home & Kitchen,Blender,3,40000,0.2,96000.0,0,Cash on Delivery,Store,cancelled,Returned,3.0,4.0,Yes
CUST03199,ORD003199,PRD0005,2348068644574,Customer 3199,Male,18-25,Ibadan,South West,Regular,2024-01-30,Fashion,Jeans,3,10000,0.05,28500.0,2500,Bank Transfer,Website,pending,In Transit,,5.0,
CUST03200,ORD003200,PRD0013,2348044172033, Customer 3200 ,Male,46-60,Benin City,South South,Occasional,2024-03-12,Fashion,Sneakers,3,15000,0.15,38250.0,0,Bank Transfer,Mobile App,Completed,,14.0,4.0,
CUST03201,ORD003201,PRD0014,2348095075555,Customer 3201,male,,Kaduna,North West,Business,2026-02-22,Home & Kitchen,Vacuum Cleaner,2,7500,0.2,12000.0,1000,Cash on Delivery,Marketplace,cancelled,Delayed,13.0,5.0,
CUST03202,ORD003202,PRD0024,2348048362246,Customer 3202,F,36-45,Kaduna,North West,Occasional,2026-08-07,Sports,Running Shoes,4,3500,0.1,12600.0,3500,Bank Transfer,website,Cancelled,In Transit,,5.0,No
CUST03203,ORD003203,PRD0026,2348081812793,Customer 3203,Male,36-45,Lagos,South West,Premium,2025-12-03,Groceries,Cereal,1,5000,0.0,5000.0,3500,bank transfer,Instagram,Completed,,9.0,3.0,No
CUST03204,ORD003204,PRD0011,2348066643256,Customer 3204,,,Benin City,South South,REGULAR,2025-04-24,Sports,Yoga Mat,3,3500,0.2,8400.0,0,USSD,Marketplace,completed,,10.0,3.0,No
CUST03205,ORD003205,PRD0016,2348035432684,Customer 3205,Female,18-25,Benin City,South South,Occasional,2025-01-18,Groceries,Beverage Pack,4,25000,0.2,80000.0,1000,Cash on Delivery,Marketplace,,Delivered,13.0,4.0,No
CUST03206,ORD003206,PRD0030,2348093466803,Customer 3206,Male,26-35,Enugu,South East,REGULAR,2026-01-08,Electronics,Smart TV,5,40000,0.15,170000.0,1000,Bank Transfer,Instagram,Completed,Delivered,6.0,5.0,
CUST03207,ORD003207,PRD0015,2348055504306,Customer 3207,MALE,60+,Abuja,North Central,premium ,2024-02-14,Beauty,Perfume,5,15000,0.15,63750.0,0,Bank Transfer,,Cancelled,Delivered,13.0,5.0,No
CUST03208,ORD003208,PRD0003,2348034287376,Customer 3208,Female,,Lagos,South West,Regular,2024-03-10,Beauty,Perfume,1,75000,0.1,67500.0,2500,Wallet,Store,Completed,Returned,5.0,5.0,Yes
CUST03209,ORD003209,PRD0013,2348044446249,Customer 3209,Male,,Benin City,South South,premium ,2025-11-10,Groceries,Beverage Pack,1,7500,0.2,6000.0,0,CARD,Mobile App,Cancelled,delivered,6.0,5.0,Yes
CUST03210,ORD003210,PRD0002,2348076331085,Customer 3210,Female,60+,Ibadan,South West,Occasional,2025-07-19,Fashion,Sneakers,5,15000,0.0,75000.0,1500,Card,Store,,In Transit,,5.0,
CUST03211,ORD003211,PRD0030,2348086054050,Customer 3211,Female,60+,Lagos,South West,Premium,2024-01-01,Beauty,Perfume,4,7500,0.15,25500.0,1000,USSD,Instagram,pending,delivered,5.0,5.0,yes
CUST03212,ORD003212,PRD0013,2348047741131,Customer 3212,,46-60,Port Harcourt,South South,Premium,2026-04-02,Sports,Gym Bag,5,5000,0.05,23750.0,1500,Bank Transfer,,Completed,Delivered,13.0,4.0,No
CUST03213,ORD003213,PRD0010,2348096360766,Customer 3213,Male,36-45,Benin City,South South,Regular,2025-02-26,Sports,Running Shoes,1,10000,0.0,10000.0,1500,Card,Mobile App,completed,,7.0,5.0,No
CUST03214,ORD003214,PRD0004,2348031678592,Customer 3214,Female,26-35,Benin City,South South,,2026-07-30,Home & Kitchen,Cookware Set,5,25000,0.2,100000.0,3500,CARD,Instagram,Completed,Returned,4.0,4.0,Yes
CUST03215,ORD003215,PRD0021,2348034921085,Customer 3215, f ,60+,Ibadan,South West,Business,2026-02-04,Fashion,Shirt,4,40000,0.05,152000.0,3500,Cash on Delivery,Store,Returned,Delayed,12.0,4.0,NO
CUST03216,ORD003216,PRD0010,2348078362525,Customer 3216,female,60+,Kaduna,North West,Regular,2024-02-13,Groceries,Rice,2,40000,0.05,76000.0,2500,Wallet,Marketplace,,delivered,3.0,5.0,yes
CUST03217,ORD003217,PRD0023,2348081064952,Customer 3217,,46-60,Lagos,South West,,2025-10-10,Fashion,Handbag,3,10000,0.05,28500.0,1500,Card,Store,pending,DELIVERED,8.0,5.0,NO
CUST03218,ORD003218,PRD0026,2348037342404,Customer 3218,Female,60+,Kaduna,North West,Regular,2026-08-25,Fashion,Jeans,5,15000,0.15,63750.0,1000,Card,Store,,DELIVERED,,4.0,No
CUST03219,ORD003219,PRD0017,2348042579004,Customer 3219,Female,36-45,Benin City,South South,premium ,2024-08-23,Fashion,Shirt,2,10000,0.05,19000.0,3500,Wallet,Mobile App,completed,,12.0,2.0,No
CUST03220,ORD003220,PRD0007,2348028037871,Customer 3220,,18-25,Kaduna,North West,Regular,2025-10-01,Fashion,Sneakers,2,3500,0.0,7000.0,1000,USSD,Mobile App,,In Transit,5.0,3.0,NO
CUST03221,ORD003221,PRD0007,2348012663831,Customer 3221,Male,46-60,Kaduna,North West,Regular,2026-07-14,Fashion,Jeans,2,3500,0.1,6300.0,1500,Cash on Delivery,,completed,Delayed,4.0,2.0,Yes
CUST03222,ORD003222,PRD0022,2348076030369,Customer 3222,F,36-45,Ibadan,South West,Regular,2024-06-04,Electronics,Wireless Earbuds,5,10000,0.0,50000.0,0,Cash on Delivery,Mobile App,pending,Delivered,3.0,,Yes
CUST03223,ORD003223,PRD0011,2348051020713,Customer 3223,,60+,Ibadan,South West,Business,2026-05-30,Fashion,Sneakers,1,75000,0.0,75000.0,3500,bank transfer,Store,COMPLETED,In Transit,3.0,5.0,
CUST03224,ORD003224,PRD0010,2348030810942,Customer 3224,,60+,Port Harcourt,South South,Premium,2024-08-05,Sports,Football,1,40000,0.2,32000.0,0,Cash on Delivery,Website,Completed,In Transit,12.0,4.0,
CUST03225,ORD003225,PRD0025,2348054498068, Customer 3225 ,Female,,Kaduna,North West,Occasional,2024-07-19,Home & Kitchen,Air Fryer,3,15000,0.15,38250.0,1000,Bank Transfer,Instagram,Completed,Delayed,12.0,3.0,No
CUST03226,ORD003226,PRD0010,2348057877930,Customer 3226,Female,,Enugu,South East,Business,2025-04-26,Electronics,Wireless Earbuds,4,15000,0.1,54000.0,2500,Cash on Delivery,Instagram,cancelled,Returned,7.0,4.0,NO
CUST03227,ORD003227,PRD0025,2348073380183,Customer 3227,Male,,Abuja,North Central,Regular,2024-01-13,Beauty,Perfume,1,5000,0.2,4000.0,0,Card,Instagram,Completed,Delayed,7.0,5.0,
CUST03228,ORD003228,PRD0019,2348035396946,Customer 3228,M,36-45,Benin City,South South,Premium,2025-02-26,Fashion,Sneakers,3,3500,0.0,10500.0,2500,USSD,website,,Returned,5.0,4.0,
CUST03229,ORD003229,PRD0020,2348024636988,Customer 3229,Female,60+,Port Harcourt,South South,Occasional,2024-11-03,Beauty,Perfume,2,7500,0.05,14250.0,3500,,Website,Completed,delivered,8.0,4.0,Yes
CUST03230,ORD003230,PRD0010,2348016439473,Customer 3230,Female,46-60,Kaduna,North West,Regular,2024-06-06,Fashion,Handbag,3,25000,0.1,67500.0,1000,CARD,Store,Cancelled,Delayed,9.0,5.0,Yes
CUST03231,ORD003231,PRD0017,2348014538841,Customer 3231,,60+,Ibadan,South West,premium ,2025-11-29,Beauty,Perfume,3,7500,0.05,21375.0,0,CARD,Mobile App,cancelled,Delayed,10.0,5.0,Yes
CUST03232,ORD003232,PRD0002,2348016192843,Customer 3232,Female,18-25,Kano,North West,Regular,2025-09-22,Home & Kitchen,Air Fryer,4,75000,0.05,285000.0,1500,Card,Mobile App,Completed,Delivered,2.0,4.0,yes
CUST03233,ORD003233,PRD0013,2348012657436,Customer 3233,F,,Kaduna,North West,Premium,2024-12-21,Beauty,Makeup Kit,4,75000,0.2,240000.0,2500,Card,Marketplace,,Delayed,7.0,3.0,No
CUST03234,ORD003234,PRD0027,2348057178189,Customer 3234,male,60+,Abuja,North Central,REGULAR,2025-09-25,Groceries,Cereal,1,7500,0.0,7500.0,0,,Website,Cancelled,,4.0,1.0,
CUST03235,ORD003235,PRD0008,2348026149256,Customer 3235,FEMALE,46-60,Enugu,South East,Premium,2026-03-03,Sports,Football,1,25000,0.1,22500.0,1500,bank transfer,Mobile App,completed,,13.0,4.0,No
CUST03236,ORD003236,PRD0008,2348075435328,Customer 3236,Female,26-35,Kano,North West,Regular,2024-12-16,Beauty,Perfume,2,10000,0.15,17000.0,1500,Bank Transfer,Website,Cancelled,,5.0,,No
CUST03237,ORD003237,PRD0009,2348027852624,Customer 3237,,36-45,Lagos,South West,,2025-11-24,Sports,Gym Bag,2,25000,0.2,40000.0,3500,,Mobile App,Completed,Delivered,12.0,1.0,No
CUST03238,ORD003238,PRD0015,2348081212687,Customer 3238,Female,26-35,Kano,North West,Premium,2024-09-07,Beauty,Perfume,2,3500,0.1,6300.0,1500,Card,Mobile App,Pending,,8.0,1.0,yes
CUST03239,ORD003239,PRD0020,2348010360071,Customer 3239,Male,46-60,Port Harcourt,South South,Regular,2024-11-15,Sports,Yoga Mat,3,5000,0.1,13500.0,0,Cash on Delivery,Store,,Returned,4.0,4.0,yes
CUST03240,ORD003240,PRD0001,2348095017510,Customer 3240,male,18-25,Kaduna,North West,Regular,2026-08-09,Groceries,Rice,5,15000,0.2,60000.0,3500,bank transfer,Marketplace,Completed,Delivered,14.0,4.0,
CUST03241,ORD003241,PRD0030,2348025329902,Customer 3241,F,36-45,Lagos,South West,Premium,2025-07-08,Electronics,Smart TV,3,120000,0.05,342000.0,2500,Card,Website,Cancelled,Delivered,9.0,3.0,Yes
CUST03242,ORD003242,PRD0015,2348018239620,Customer 3242,M,26-35,Enugu,South East,Regular,2025-09-06,Electronics,Laptop,4,25000,0.2,80000.0,0,Card,Instagram,,Delayed,14.0,1.0,No
CUST03243,ORD003243,PRD0005,2348023316519,Customer 3243,Female,26-35,Enugu,South East,Business,2026-08-08,Groceries,Beverage Pack,1,5000,0.0,5000.0,1500,Cash on Delivery,Store,completed,delivered,,4.0,
CUST03244,ORD003244,PRD0016,2348097783221,Customer 3244,Female,18-25,Port Harcourt,South South,Occasional,2026-06-10,Groceries,Cereal,2,25000,0.0,50000.0,3500,Cash on Delivery,Mobile App,pending,Delivered,8.0,5.0,No
CUST03245,ORD003245,PRD0026,2348036519619,Customer 3245,male,,Kaduna,North West,Premium,2024-08-10,Sports,Running Shoes,5,75000,0.05,356250.0,2500,USSD,,,Delivered,1.0,,Yes
CUST03246,ORD003246,PRD0005,2348056074878,Customer 3246,Male,18-25,Enugu,South East,,2026-05-12,Electronics,Smart TV,4,5000,0.1,18000.0,2500,Bank Transfer,Instagram,COMPLETED,Returned,10.0,5.0,No
CUST03247,ORD003247,PRD0010,2348075497401,Customer 3247,Male,26-35,Enugu,South East,Business,2026-04-16,Groceries,Cooking Oil,3,25000,0.0,75000.0,2500,Wallet,Mobile App,Cancelled,Delayed,13.0,2.0,No
CUST03248,ORD003248,PRD0001,2348011789668,Customer 3248,Female,18-25,Kaduna,North West,Occasional,2026-07-08,Home & Kitchen,Cookware Set,1,7500,0.1,6750.0,3500,Bank Transfer,Instagram,COMPLETED,Delivered,11.0,,No
CUST03249,ORD003249,PRD0004,2348028562755,Customer 3249,Female,,Ibadan,South West,Occasional,2026-06-24,Groceries,Rice,3,7500,0.2,18000.0,1500,,Store,COMPLETED,In Transit,8.0,5.0,Yes
CUST03250,ORD003250,PRD0016,2348098522897, Customer 3250 ,Female,18-25,Port Harcourt,South South,premium ,2024-08-19,Home & Kitchen,Vacuum Cleaner,2,40000,0.0,80000.0,2500,CARD,Website,Completed,delivered,8.0,5.0,NO
CUST03251,ORD003251,PRD0027,2348082111007,Customer 3251,F,46-60,Abuja,North Central,Occasional,2025-03-24,Sports,Gym Bag,3,25000,0.0,75000.0,1000,Cash on Delivery,,Completed,In Transit,8.0,5.0,NO
CUST03252,ORD003252,PRD0014,2348093522078,Customer 3252,FEMALE,26-35,Kaduna,North West,Regular,2025-04-29,Fashion,Sneakers,5,15000,0.0,75000.0,0,USSD,Website,pending,,6.0,4.0,No
CUST03253,ORD003253,PRD0029,2348097288776,Customer 3253,,26-35,Lagos,South West,,2026-01-01,Electronics,Smartphone,1,15000,0.15,12750.0,1000,Wallet,Mobile App,COMPLETED,,6.0,,Yes
CUST03254,ORD003254,PRD0011,2348030519117,Customer 3254,Male,60+,Enugu,South East,Occasional,2024-01-26,Groceries,Cooking Oil,4,3500,0.0,14000.0,1000,Bank Transfer,Mobile App,Completed,Delivered,4.0,,No
CUST03255,ORD003255,PRD0019,2348065085227,Customer 3255,M,18-25,Benin City,South South,Occasional,2025-06-10,Electronics,Laptop,3,75000,0.1,202500.0,1500,Cash on Delivery,Instagram,cancelled,delivered,11.0,4.0,No
CUST03256,ORD003256,PRD0002,2348085958644,Customer 3256,,,Kaduna,North West,Occasional,2025-06-08,Fashion,Handbag,1,15000,0.05,14250.0,1500,Cash on Delivery,mobile app,Returned,,7.0,3.0,No
CUST03257,ORD003257,PRD0026,2348091510919,Customer 3257,Female,,Ibadan,South West,Regular,2024-09-17,Sports,Yoga Mat,1,10000,0.0,10000.0,0,Wallet,Mobile App,,Delayed,10.0,4.0,
CUST03258,ORD003258,PRD0012,2348033958818,Customer 3258, m ,36-45,Enugu,South East,Business,2024-06-20,Sports,Gym Bag,3,75000,0.05,213750.0,3500,CARD,Marketplace,Cancelled,In Transit,3.0,5.0,No
CUST03259,ORD003259,PRD0029,2348088946655,Customer 3259,FEMALE,,Ibadan,South West,Business,2025-07-17,Groceries,Rice,1,15000,0.2,12000.0,0,Bank Transfer,,Returned,DELIVERED,4.0,3.0,
CUST03260,ORD003260,PRD0022,2348046330918,Customer 3260,Female,46-60,Ibadan,South West,Regular,2026-06-09,Home & Kitchen,Air Fryer,2,120000,0.05,228000.0,2500,bank transfer,Store,Pending,In Transit,14.0,3.0,No
CUST03261,ORD003261,PRD0024,2348043969719,Customer 3261,M,18-25,Kano,North West,Premium,2024-12-23,Electronics,Smartphone,5,15000,0.15,63750.0,0,Card,Marketplace,,delivered,5.0,4.0,Yes
CUST03262,ORD003262,PRD0001,2348037737075,Customer 3262,,60+,Benin City,South South,Regular,2025-07-09,Electronics,Smart TV,4,5000,0.0,20000.0,3500,Cash on Delivery,,completed,Delivered,14.0,3.0,Yes
CUST03263,ORD003263,PRD0022,2348045326619,Customer 3263, f ,60+,Abuja,North Central,Regular,2025-05-17,Fashion,Handbag,2,15000,0.05,28500.0,2500,bank transfer,Mobile App,,DELIVERED,1.0,2.0,No
CUST03264,ORD003264,PRD0011,2348024856369,Customer 3264,M,18-25,Port Harcourt,South South,,2025-01-01,Sports,Yoga Mat,5,5000,0.1,22500.0,1000,Card,Website,Completed,In Transit,10.0,5.0,No
CUST03265,ORD003265,PRD0012,2348063529944,Customer 3265,M,36-45,Kaduna,North West,Regular,2024-07-23,Electronics,Smartphone,1,40000,0.1,36000.0,1000,Cash on Delivery,website,,Delivered,10.0,4.0,
CUST03266,ORD003266,PRD0022,2348015574642,Customer 3266,Female,46-60,Kano,North West,Business,2026-03-26,Electronics,Laptop,1,3500,0.1,3150.0,1000,Card,Store,pending,In Transit,10.0,5.0,Yes
CUST03267,ORD003267,PRD0024,2348040102007,Customer 3267,Female,46-60,Kano,North West,,2024-10-12,Groceries,Cooking Oil,5,10000,0.05,47500.0,3500,bank transfer,Website,,Delayed,9.0,4.0,No
CUST03268,ORD003268,PRD0017,2348024356990,Customer 3268,Male,36-45,Port Harcourt,South South,Regular,2024-11-09,Beauty,Skincare Set,2,40000,0.2,64000.0,2500,Card,Store,,Delivered,10.0,3.0,
CUST03269,ORD003269,PRD0016,2348048466067,Customer 3269,Male,46-60,Abuja,North Central,Premium,2024-05-05,Groceries,Cooking Oil,4,25000,0.0,100000.0,3500,Cash on Delivery,Mobile App,Pending,Delivered,5.0,4.0,No
CUST03270,ORD003270,PRD0013,2348070521168,Customer 3270,Female,36-45,Port Harcourt,South South,,2024-05-01,Home & Kitchen,Vacuum Cleaner,5,75000,0.05,356250.0,1500,Wallet,Marketplace,Completed,Delivered,11.0,4.0,No
CUST03271,ORD003271,PRD0016,2348063701897,Customer 3271,Male,36-45,Benin City,South South,Regular,2024-12-08,Beauty,Skincare Set,5,25000,0.2,100000.0,0,,Store,Completed,In Transit,5.0,4.0,No
CUST03272,ORD003272,PRD0013,2348065297244,Customer 3272,Male,,Port Harcourt,South South,Occasional,2025-05-05,Fashion,Shirt,5,10000,0.1,45000.0,3500,Bank Transfer,website,cancelled,Returned,9.0,3.0,No
CUST03273,ORD003273,PRD0011,2348064471943,Customer 3273,Male,60+,Enugu,South East,Regular,2026-08-14,Sports,Yoga Mat,4,40000,0.05,152000.0,0,USSD,Instagram,,,,,No
CUST03274,ORD003274,PRD0030,2348021493791,Customer 3274,,26-35,Ibadan,South West,,2026-06-04,Home & Kitchen,Air Fryer,4,40000,0.15,136000.0,1500,Card,Mobile App,Cancelled,delivered,,4.0,No
CUST03275,ORD003275,PRD0008,2348049411853, Customer 3275 ,Male,46-60,Benin City,South South,Premium,2025-07-31,Beauty,Skincare Set,5,75000,0.0,375000.0,3500,,Store,Cancelled,,10.0,5.0,
CUST03276,ORD003276,PRD0012,2348073843806,Customer 3276,Male,26-35,Enugu,South East,Regular,2024-07-07,Groceries,Rice,5,5000,0.1,22500.0,1000,Cash on Delivery,Website,Pending,Delivered,,3.0,No
CUST03277,ORD003277,PRD0030,2348091467305,Customer 3277,M,36-45,Enugu,South East,REGULAR,2026-04-27,Fashion,Sneakers,3,25000,0.05,71250.0,2500,Wallet,Store,Completed,Delayed,3.0,5.0,No
CUST03278,ORD003278,PRD0020,2348039933105,Customer 3278,Male,26-35,Kaduna,North West,Premium,2024-12-25,Home & Kitchen,Cookware Set,3,10000,0.2,24000.0,0,USSD,Marketplace,Pending,Delivered,7.0,,
CUST03279,ORD003279,PRD0012,2348055270669,Customer 3279,M,46-60,Enugu,South East,Premium,2025-05-12,Sports,Running Shoes,2,25000,0.05,47500.0,3500,Card,Store,Cancelled,DELIVERED,6.0,3.0,Yes
CUST03280,ORD003280,PRD0013,2348033317256,Customer 3280,,46-60,Ibadan,South West,Occasional,2026-08-21,Fashion,Jeans,1,15000,0.15,12750.0,0,CARD,Marketplace,Completed,Returned,5.0,1.0,Yes
CUST03281,ORD003281,PRD0026,2348097325284,Customer 3281,,18-25,Lagos,South West,REGULAR,2025-03-26,Sports,Yoga Mat,5,15000,0.0,75000.0,2500,,Mobile App,completed,In Transit,4.0,3.0,No
CUST03282,ORD003282,PRD0017,2348053863348,Customer 3282,Male,18-25,Kaduna,North West,Regular,2025-03-12,Electronics,Smart TV,4,120000,0.1,432000.0,1500,Card,Website,cancelled,,,4.0,
CUST03283,ORD003283,PRD0019,2348095592139,Customer 3283,Male,26-35,Enugu,South East,Regular,2024-02-09,Groceries,Rice,4,40000,0.2,128000.0,2500,Card,Website,cancelled,delivered,6.0,5.0,
CUST03284,ORD003284,PRD0018,2348011168316,Customer 3284,Male,26-35,Abuja,North Central,Business,2026-03-23,Home & Kitchen,Cookware Set,2,15000,0.1,27000.0,1500,Cash on Delivery,,Completed,Delivered,12.0,2.0,
CUST03285,ORD003285,PRD0025,2348099420586,Customer 3285,M,46-60,Port Harcourt,South South,Regular,2025-05-27,Beauty,Perfume,4,75000,0.2,240000.0,0,USSD,Marketplace,Completed,,2.0,5.0,No
CUST03286,ORD003286,PRD0030,2348088981450,Customer 3286,F,46-60,Enugu,South East,Premium,2024-03-26,Electronics,Laptop,4,10000,0.15,34000.0,2500,USSD,Website,Pending,Returned,3.0,5.0,Yes
CUST03287,ORD003287,PRD0014,2348022242843,Customer 3287,Female,26-35,Abuja,North Central,REGULAR,2026-06-23,Home & Kitchen,Air Fryer,1,5000,0.1,4500.0,2500,Card,mobile app,,Delivered,4.0,5.0,yes
CUST03288,ORD003288,PRD0009,2348065033113,Customer 3288,Female,26-35,Ibadan,South West,Premium,2024-11-11,Fashion,Sneakers,2,7500,0.05,14250.0,3500,Card,Instagram,pending,In Transit,13.0,4.0,No
CUST03289,ORD003289,PRD0002,2348093294713,Customer 3289,FEMALE,,Kaduna,North West,Occasional,2024-12-30,Sports,Running Shoes,1,75000,0.15,63750.0,3500,Cash on Delivery,Website,Completed,Returned,3.0,3.0,No
CUST03290,ORD003290,PRD0001,2348093210364,Customer 3290,Male,46-60,Ibadan,South West,Regular,2024-12-26,Fashion,Sneakers,3,15000,0.05,42750.0,1000,USSD,,pending,,5.0,4.0,NO
CUST03291,ORD003291,PRD0008,2348042903600,Customer 3291,,36-45,Benin City,South South,Regular,2024-08-26,Electronics,Smartphone,2,40000,0.2,64000.0,0,bank transfer,website,Completed,Delivered,3.0,2.0,No
CUST03292,ORD003292,PRD0004,2348058157690,Customer 3292,FEMALE,60+,Ibadan,South West,Occasional,2025-11-06,Electronics,Wireless Earbuds,1,25000,0.05,23750.0,1500,Card,Mobile App,Cancelled,In Transit,,5.0,No
CUST03293,ORD003293,PRD0021,2348069034155,Customer 3293,F,26-35,Ibadan,South West,Premium,2026-02-14,Fashion,Jeans,1,10000,0.2,8000.0,0,Bank Transfer,Website,Cancelled,Delayed,7.0,4.0,No
CUST03294,ORD003294,PRD0003,2348072588071,Customer 3294,Male,46-60,Port Harcourt,South South,Regular,2024-09-01,Beauty,Hair Dryer,1,75000,0.2,60000.0,3500,Bank Transfer,Instagram,Pending,In Transit,6.0,4.0,
CUST03295,ORD003295,PRD0024,2348051181000,Customer 3295,Male,36-45,Ibadan,South West,Regular,2025-06-20,Home & Kitchen,Cookware Set,5,10000,0.05,47500.0,1500,,Store,Completed,Delivered,5.0,4.0,
CUST03296,ORD003296,PRD0007,2348070512222,Customer 3296,,46-60,Benin City,South South,Premium,2024-03-05,Electronics,Smart TV,3,40000,0.0,120000.0,2500,USSD,Instagram,completed,Delivered,11.0,4.0,No
CUST03297,ORD003297,PRD0004,2348078172580,Customer 3297,Male,18-25,Abuja,North Central,Regular,2024-04-15,Beauty,Perfume,1,40000,0.2,32000.0,1500,,website,Cancelled,In Transit,3.0,4.0,
CUST03298,ORD003298,PRD0021,2348063678522,Customer 3298,Male,26-35,Enugu,South East,Business,2025-01-19,Electronics,Wireless Earbuds,1,25000,0.0,25000.0,1500,bank transfer,Marketplace,Cancelled,DELIVERED,3.0,3.0,NO
CUST03299,ORD003299,PRD0006,2348048839029,Customer 3299,FEMALE,36-45,Benin City,South South,Regular,2025-10-20,Groceries,Cooking Oil,1,7500,0.1,6750.0,3500,Bank Transfer,Store,,,3.0,2.0,
CUST03300,ORD003300,PRD0029,2348025869408, Customer 3300 ,male,60+,Enugu,South East,Business,2025-12-17,Groceries,Cooking Oil,1,3500,0.1,3150.0,2500,CARD,Marketplace,Completed,Delivered,13.0,5.0,No
CUST03301,ORD003301,PRD0001,2348031367038,Customer 3301,F,18-25,Lagos,South West,Regular,2024-05-13,Sports,Running Shoes,4,15000,0.15,51000.0,2500,USSD,Mobile App,COMPLETED,In Transit,11.0,5.0,Yes
CUST03302,ORD003302,PRD0019,2348084774836,Customer 3302,MALE,26-35,Enugu,South East,Business,2024-12-11,Beauty,Skincare Set,1,5000,0.05,4750.0,2500,USSD,Website,Cancelled,In Transit,10.0,4.0,No
CUST03303,ORD003303,PRD0004,2348025915347,Customer 3303,F,26-35,Lagos,South West,Premium,2024-06-29,Groceries,Beverage Pack,1,7500,0.2,6000.0,1000,CARD,Instagram,pending,Delivered,14.0,4.0,NO
CUST03304,ORD003304,PRD0019,2348035502403,Customer 3304,M,,Kano,North West,Occasional,2025-12-24,Electronics,Smartphone,1,25000,0.05,23750.0,2500,bank transfer,Store,Completed,DELIVERED,7.0,3.0,NO
CUST03305,ORD003305,PRD0007,2348072106869,Customer 3305,Female,,Kaduna,North West,Regular,2025-04-08,Electronics,Wireless Earbuds,1,3500,0.2,2800.0,1000,USSD,Store,completed,,13.0,2.0,Yes
CUST03306,ORD003306,PRD0002,2348020669466,Customer 3306,M,46-60,Abuja,North Central,Occasional,2025-11-17,Groceries,Cereal,5,40000,0.15,170000.0,2500,CARD,Marketplace,completed,,4.0,4.0,Yes
CUST03307,ORD003307,PRD0014,2348057169984,Customer 3307,,18-25,Benin City,South South,Regular,2025-03-13,Electronics,Smart TV,4,7500,0.1,27000.0,1000,USSD,Marketplace,Completed,Delayed,2.0,3.0,No
CUST03308,ORD003308,PRD0008,2348070226045,Customer 3308,Female,,Enugu,South East,Occasional,2026-08-08,Electronics,Smart TV,3,15000,0.15,38250.0,1000,Card,Website,completed,Delivered,10.0,5.0,NO
CUST03309,ORD003309,PRD0021,2348079555883,Customer 3309,Male,36-45,Benin City,South South,Business,2025-10-18,Electronics,Smartphone,4,75000,0.1,270000.0,1500,CARD,Website,Returned,Returned,11.0,3.0,Yes
CUST03310,ORD003310,PRD0026,2348086827343,Customer 3310,Male,60+,Port Harcourt,South South,premium ,2024-08-23,Groceries,Cooking Oil,1,7500,0.2,6000.0,1500,bank transfer,,Cancelled,,1.0,5.0,No
CUST03311,ORD003311,PRD0021,2348022338837,Customer 3311,,,Lagos,South West,Regular,2025-03-25,Fashion,Sneakers,4,15000,0.15,51000.0,3500,Card,Store,Completed,delivered,9.0,4.0,
CUST03312,ORD003312,PRD0021,2348037048814,Customer 3312, m ,46-60,Enugu,South East,Regular,2024-12-30,Fashion,Shirt,2,3500,0.1,6300.0,1000,bank transfer,Mobile App,Cancelled,Delayed,7.0,1.0,Yes
CUST03313,ORD003313,PRD0024,2348094271766,Customer 3313,female,60+,Benin City,South South,Regular,2024-07-01,Groceries,Rice,5,3500,0.2,14000.0,1000,Card,Website,Completed,Delayed,2.0,5.0,Yes
CUST03314,ORD003314,PRD0010,2348028493179,Customer 3314,,36-45,Lagos,South West,Regular,2025-09-19,Sports,Running Shoes,1,75000,0.2,60000.0,1500,Wallet,website,cancelled,delivered,12.0,4.0,NO
CUST03315,ORD003315,PRD0030,2348058692659,Customer 3315,Male,36-45,Abuja,North Central,Premium,2024-04-04,Groceries,Rice,2,75000,0.05,142500.0,0,USSD,Store,Completed,,1.0,5.0,NO
CUST03316,ORD003316,PRD0014,2348093714523,Customer 3316,,46-60,Port Harcourt,South South,Regular,2025-07-31,Fashion,Sneakers,2,7500,0.15,12750.0,1500,bank transfer,mobile app,cancelled,Delayed,14.0,5.0,No
CUST03317,ORD003317,PRD0010,2348091082912,Customer 3317, m ,60+,Kaduna,North West,Premium,2024-10-10,Fashion,Handbag,3,3500,0.15,8925.0,1000,CARD,Store,COMPLETED,,1.0,2.0,yes
CUST03318,ORD003318,PRD0005,2348081714316,Customer 3318,Female,60+,Kano,North West,Premium,2024-06-01,Sports,Running Shoes,3,7500,0.15,19125.0,1000,Bank Transfer,Website,,delivered,13.0,5.0,yes
CUST03319,ORD003319,PRD0030,2348090211216,Customer 3319,Female,26-35,Abuja,North Central,Regular,2025-04-08,Groceries,Beverage Pack,3,25000,0.1,67500.0,0,Bank Transfer,Instagram,pending,Delivered,5.0,5.0,
CUST03320,ORD003320,PRD0016,2348028381911,Customer 3320, m ,60+,Lagos,South West,Premium,2025-09-17,Sports,Running Shoes,2,75000,0.0,150000.0,1500,bank transfer,Mobile App,Pending,Delivered,12.0,3.0,No
CUST03321,ORD003321,PRD0021,2348098017122,Customer 3321,F,18-25,Ibadan,South West,premium ,2024-10-29,Sports,Football,2,40000,0.2,64000.0,0,bank transfer,Marketplace,completed,delivered,9.0,,No
CUST03322,ORD003322,PRD0009,2348028919376,Customer 3322,Female,36-45,Abuja,North Central,Regular,2026-03-26,Home & Kitchen,Air Fryer,3,10000,0.05,28500.0,1000,,Mobile App,COMPLETED,In Transit,2.0,5.0,No
CUST03323,ORD003323,PRD0024,2348071153593,Customer 3323,Female,36-45,Lagos,South West,Regular,2025-12-06,Beauty,Hair Dryer,5,10000,0.05,47500.0,2500,Bank Transfer,Instagram,Returned,,11.0,3.0,No
CUST03324,ORD003324,PRD0001,2348078537976,Customer 3324,Male,46-60,Ibadan,South West,Occasional,2025-02-20,Groceries,Beverage Pack,3,10000,0.05,28500.0,1000,USSD,Instagram,Pending,Delivered,3.0,5.0,No
CUST03325,ORD003325,PRD0030,2348098395730, Customer 3325 ,Male,18-25,Kaduna,North West,Occasional,2025-10-12,Sports,Gym Bag,4,3500,0.05,13300.0,0,Bank Transfer,Marketplace,COMPLETED,Delivered,11.0,5.0,No
CUST03326,ORD003326,PRD0022,2348079787716,Customer 3326,Male,36-45,Enugu,South East,Occasional,2024-05-03,Electronics,Smartphone,5,25000,0.05,118750.0,1500,Cash on Delivery,Instagram,Completed,Delivered,,5.0,NO
CUST03327,ORD003327,PRD0018,2348084544884,Customer 3327,,46-60,Kano,North West,premium ,2024-02-03,Electronics,Smartphone,5,7500,0.0,37500.0,0,Bank Transfer,Mobile App,Pending,Delivered,5.0,,No
CUST03328,ORD003328,PRD0018,2348022424111,Customer 3328,female,18-25,Kano,North West,Premium,2025-08-17,Beauty,Perfume,3,5000,0.1,13500.0,2500,Bank Transfer,Mobile App,Completed,In Transit,6.0,5.0,No
CUST03329,ORD003329,PRD0015,2348061574113,Customer 3329,Female,,Enugu,South East,Regular,2025-01-27,Beauty,Skincare Set,3,10000,0.15,25500.0,0,Card,Marketplace,cancelled,Delivered,4.0,5.0,yes
CUST03330,ORD003330,PRD0014,2348071436900,Customer 3330,Male,46-60,Benin City,South South,premium ,2026-03-18,Beauty,Perfume,2,120000,0.1,216000.0,3500,,Marketplace,Completed,Delayed,6.0,2.0,
CUST03331,ORD003331,PRD0020,2348088352346,Customer 3331,FEMALE,46-60,Lagos,South West,Regular,2025-09-06,Electronics,Laptop,1,25000,0.1,22500.0,1000,USSD,Website,COMPLETED,In Transit,,3.0,No
CUST03332,ORD003332,PRD0001,2348026909423,Customer 3332,Male,18-25,Kano,North West,Regular,2025-05-17,Sports,Gym Bag,2,120000,0.05,228000.0,2500,Cash on Delivery,Mobile App,,Returned,10.0,3.0,NO
CUST03333,ORD003333,PRD0023,2348073779731,Customer 3333,Male,60+,Kano,North West,Regular,2026-01-07,Groceries,Cooking Oil,1,40000,0.2,32000.0,2500,USSD,Instagram,Cancelled,delivered,1.0,5.0,Yes
CUST03334,ORD003334,PRD0026,2348010907760,Customer 3334,MALE,36-45,Kaduna,North West,Regular,2025-12-15,Fashion,Sneakers,5,3500,0.2,14000.0,1000,Wallet,Store,Cancelled,,10.0,5.0,Yes
CUST03335,ORD003335,PRD0018,2348077580857,Customer 3335,Female,60+,Lagos,South West,Premium,2026-03-22,Home & Kitchen,Vacuum Cleaner,2,5000,0.15,8500.0,0,bank transfer,Marketplace,Cancelled,Delivered,4.0,5.0,No
CUST03336,ORD003336,PRD0027,2348011782939,Customer 3336,,,Benin City,South South,Regular,2025-04-26,Groceries,Beverage Pack,5,3500,0.0,17500.0,0,CARD,Marketplace,Completed,Delivered,9.0,4.0,yes
CUST03337,ORD003337,PRD0010,2348075394465,Customer 3337,Female,36-45,Ibadan,South West,REGULAR,2025-10-20,Fashion,Handbag,4,75000,0.15,255000.0,3500,CARD,mobile app,cancelled,,12.0,4.0,
CUST03338,ORD003338,PRD0017,2348041634548,Customer 3338,Female,46-60,Ibadan,South West,Premium,2026-01-27,Home & Kitchen,Cookware Set,2,75000,0.15,127500.0,1500,Bank Transfer,Marketplace,pending,Delivered,1.0,4.0,No
CUST03339,ORD003339,PRD0003,2348019560610,Customer 3339,F,26-35,Ibadan,South West,Occasional,2025-12-02,Groceries,Rice,5,15000,0.05,71250.0,0,bank transfer,Marketplace,Completed,In Transit,9.0,4.0,No
CUST03340,ORD003340,PRD0003,2348081094438,Customer 3340,,46-60,Ibadan,South West,REGULAR,2026-07-23,Beauty,Perfume,3,7500,0.1,20250.0,2500,Wallet,Store,Returned,,6.0,4.0,
CUST03341,ORD003341,PRD0015,2348077623952,Customer 3341,FEMALE,26-35,Kano,North West,premium ,2025-06-24,Groceries,Beverage Pack,4,15000,0.0,60000.0,1500,Wallet,mobile app,Pending,Delivered,11.0,1.0,Yes
CUST03342,ORD003342,PRD0028,2348035350456,Customer 3342,Female,60+,Kano,North West,Regular,2024-10-14,Groceries,Beverage Pack,4,25000,0.15,85000.0,0,,Store,completed,Delayed,,2.0,NO
CUST03343,ORD003343,PRD0005,2348077784957,Customer 3343,FEMALE,,Kaduna,North West,,2024-10-01,Fashion,Handbag,3,3500,0.1,9450.0,1500,USSD,Website,Returned,Delivered,12.0,4.0,Yes
CUST03344,ORD003344,PRD0030,2348058314511,Customer 3344,Female,18-25,Kano,North West,Occasional,2026-06-17,Beauty,Hair Dryer,1,5000,0.2,4000.0,1500,Wallet,,Completed,,2.0,3.0,No
CUST03345,ORD003345,PRD0010,2348030999274,Customer 3345,Female,60+,Benin City,South South,Regular,2026-05-26,Home & Kitchen,Blender,4,10000,0.1,36000.0,1000,Wallet,Mobile App,Completed,Delivered,5.0,,No
CUST03346,ORD003346,PRD0019,2348047734736,Customer 3346,Female,26-35,Kaduna,North West,Regular,2026-06-12,Groceries,Cereal,5,10000,0.0,50000.0,0,,Instagram,Returned,,9.0,5.0,yes
CUST03347,ORD003347,PRD0020,2348032094112,Customer 3347,,46-60,Lagos,South West,Regular,2025-02-27,Beauty,Skincare Set,4,25000,0.05,95000.0,1500,Card,Instagram,COMPLETED,Returned,3.0,3.0,Yes
CUST03348,ORD003348,PRD0001,2348024337731,Customer 3348, m ,,Kano,North West,Occasional,2024-08-05,Home & Kitchen,Cookware Set,3,5000,0.1,13500.0,2500,USSD,Store,Returned,Delayed,13.0,,Yes
CUST03349,ORD003349,PRD0013,2348077576661,Customer 3349,,26-35,Lagos,South West,,2025-05-20,Electronics,Smartphone,3,120000,0.1,324000.0,1000,Card,Store,COMPLETED,Delivered,2.0,5.0,Yes
CUST03350,ORD003350,PRD0021,2348098502748, Customer 3350 ,,46-60,Abuja,North Central,premium ,2025-11-20,Fashion,Sneakers,3,10000,0.2,24000.0,1500,Card,Mobile App,Completed,DELIVERED,7.0,4.0,No
CUST03351,ORD003351,PRD0026,2348071197156,Customer 3351,Female,36-45,Ibadan,South West,REGULAR,2026-01-17,Beauty,Hair Dryer,4,5000,0.0,20000.0,2500,Card,Mobile App,Cancelled,In Transit,13.0,5.0,No
CUST03352,ORD003352,PRD0016,2348046387542,Customer 3352,Male,,Kano,North West,Regular,2025-08-23,Groceries,Cereal,4,10000,0.15,34000.0,3500,Wallet,Mobile App,,Delivered,,4.0,Yes
CUST03353,ORD003353,PRD0008,2348029208889,Customer 3353,,,Enugu,South East,Occasional,2025-05-05,Groceries,Beverage Pack,5,3500,0.0,17500.0,3500,Card,Mobile App,Cancelled,delivered,9.0,4.0,No
CUST03354,ORD003354,PRD0003,2348025583169,Customer 3354,Male,,Kaduna,North West,Occasional,2025-03-14,Fashion,Jeans,3,25000,0.05,71250.0,2500,bank transfer,Marketplace,,Delayed,13.0,4.0,Yes
CUST03355,ORD003355,PRD0014,2348073453916,Customer 3355,M,18-25,Port Harcourt,South South,Premium,2024-10-10,Fashion,Sneakers,1,40000,0.05,38000.0,3500,Cash on Delivery,Store,pending,Returned,13.0,5.0,Yes
CUST03356,ORD003356,PRD0028,2348032939030,Customer 3356,,60+,Port Harcourt,South South,,2024-11-29,Fashion,Sneakers,2,5000,0.15,8500.0,2500,Cash on Delivery,,Completed,Delivered,4.0,5.0,No
CUST03357,ORD003357,PRD0013,2348066912148,Customer 3357,Male,60+,Lagos,South West,REGULAR,2026-04-28,Sports,Yoga Mat,3,120000,0.0,360000.0,2500,Cash on Delivery,Store,,In Transit,9.0,3.0,NO
CUST03358,ORD003358,PRD0018,2348019702958,Customer 3358,Female,,Abuja,North Central,premium ,2025-01-26,Groceries,Rice,1,15000,0.0,15000.0,1000,Bank Transfer,Website,Returned,In Transit,,2.0,
CUST03359,ORD003359,PRD0022,2348076998230,Customer 3359,Female,36-45,Ibadan,South West,Occasional,2025-04-24,Sports,Running Shoes,2,15000,0.05,28500.0,1000,Wallet,website,Completed,Delivered,9.0,5.0,Yes
CUST03360,ORD003360,PRD0013,2348090236810,Customer 3360,F,,Abuja,North Central,Occasional,2026-03-22,Electronics,Smartphone,1,25000,0.15,21250.0,1000,Wallet,website,completed,Delivered,11.0,2.0,NO
CUST03361,ORD003361,PRD0020,2348059846750,Customer 3361, f ,18-25,Ibadan,South West,,2024-03-30,Home & Kitchen,Blender,5,25000,0.15,106250.0,3500,USSD,Store,Pending,Delivered,,5.0,No
CUST03362,ORD003362,PRD0006,2348055380373,Customer 3362,Female,36-45,Kaduna,North West,Occasional,2024-05-09,Fashion,Jeans,2,75000,0.2,120000.0,2500,Card,mobile app,completed,,4.0,5.0,No
CUST03363,ORD003363,PRD0022,2348093742718,Customer 3363,Female,36-45,Port Harcourt,South South,Premium,2025-10-31,Beauty,Perfume,2,25000,0.1,45000.0,1500,USSD,Marketplace,cancelled,Delivered,1.0,2.0,NO
CUST03364,ORD003364,PRD0004,2348056632878,Customer 3364,Female,26-35,Lagos,South West,premium ,2024-07-27,Electronics,Smartphone,3,7500,0.0,22500.0,3500,Card,Website,Cancelled,In Transit,,4.0,No
CUST03365,ORD003365,PRD0009,2348045818308,Customer 3365,,18-25,Kaduna,North West,Premium,2026-08-09,Beauty,Hair Dryer,3,7500,0.2,18000.0,1500,Card,mobile app,pending,Returned,8.0,4.0,Yes
CUST03366,ORD003366,PRD0027,2348087353813,Customer 3366,Female,,Lagos,South West,,2024-08-31,Electronics,Laptop,2,15000,0.0,30000.0,0,Wallet,Mobile App,COMPLETED,Returned,5.0,2.0,No
CUST03367,ORD003367,PRD0020,2348078609163,Customer 3367,Male,26-35,Kano,North West,Regular,2025-01-06,Sports,Running Shoes,4,25000,0.2,80000.0,1000,Card,Store,cancelled,Delayed,,5.0,yes
CUST03368,ORD003368,PRD0013,2348026014197,Customer 3368, f ,36-45,Enugu,South East,Business,2026-05-25,Beauty,Makeup Kit,5,7500,0.05,35625.0,0,USSD,Marketplace,Returned,Returned,12.0,1.0,yes
CUST03369,ORD003369,PRD0029,2348097998514,Customer 3369,M,18-25,Lagos,South West,premium ,2024-04-13,Groceries,Rice,2,120000,0.15,204000.0,0,Wallet,Mobile App,Completed,In Transit,3.0,4.0,No
CUST03370,ORD003370,PRD0023,2348061962573,Customer 3370,Female,26-35,Abuja,North Central,Premium,2026-04-03,Beauty,Skincare Set,2,75000,0.05,142500.0,0,Bank Transfer,Marketplace,COMPLETED,DELIVERED,1.0,3.0,Yes
CUST03371,ORD003371,PRD0009,2348034952021,Customer 3371,Male,60+,Kano,North West,Occasional,2026-08-14,Beauty,Hair Dryer,5,25000,0.2,100000.0,3500,Card,website,Cancelled,DELIVERED,12.0,4.0,No
CUST03372,ORD003372,PRD0028,2348047998951,Customer 3372,Male,18-25,Lagos,South West,premium ,2025-02-23,Sports,Football,2,5000,0.2,8000.0,2500,Cash on Delivery,Website,,delivered,3.0,3.0,No
CUST03373,ORD003373,PRD0001,2348092784198,Customer 3373,M,36-45,Port Harcourt,South South,Regular,2024-02-10,Groceries,Rice,5,40000,0.0,200000.0,0,Bank Transfer,Mobile App,Completed,In Transit,10.0,4.0,yes
CUST03374,ORD003374,PRD0021,2348046991335,Customer 3374,Female,60+,Lagos,South West,Occasional,2025-05-16,Fashion,Sneakers,3,40000,0.15,102000.0,1500,Cash on Delivery,Website,,Delayed,4.0,4.0,No
CUST03375,ORD003375,PRD0008,2348094709616, Customer 3375 , f ,46-60,Benin City,South South,Premium,2025-12-25,Electronics,Laptop,2,5000,0.0,10000.0,2500,Cash on Delivery,,pending,,1.0,4.0,Yes
CUST03376,ORD003376,PRD0005,2348065223750,Customer 3376,,46-60,Ibadan,South West,Regular,2024-12-01,Sports,Running Shoes,4,25000,0.2,80000.0,2500,USSD,,,Delayed,10.0,3.0,
CUST03377,ORD003377,PRD0005,2348099934440,Customer 3377,Female,36-45,Ibadan,South West,Occasional,2025-11-15,Fashion,Sneakers,1,5000,0.15,4250.0,2500,Bank Transfer,Website,pending,In Transit,4.0,4.0,Yes
CUST03378,ORD003378,PRD0024,2348078784532,Customer 3378,Female,60+,Kaduna,North West,Regular,2025-06-05,Electronics,Smart TV,1,5000,0.2,4000.0,1500,Cash on Delivery,Website,Completed,Delivered,12.0,2.0,
CUST03379,ORD003379,PRD0003,2348089444144,Customer 3379, m ,18-25,Kano,North West,Premium,2025-09-04,Beauty,Perfume,3,40000,0.15,102000.0,3500,Cash on Delivery,Mobile App,Completed,Returned,11.0,4.0,
CUST03380,ORD003380,PRD0001,2348099575773,Customer 3380,Female,26-35,Kaduna,North West,Premium,2026-03-18,Fashion,Jeans,4,5000,0.0,20000.0,3500,Wallet,Mobile App,Pending,Delivered,11.0,4.0,No
CUST03381,ORD003381,PRD0016,2348095572504,Customer 3381, f ,60+,Benin City,South South,Occasional,2024-03-05,Electronics,Smartphone,3,120000,0.2,288000.0,3500,bank transfer,Marketplace,Pending,Delivered,2.0,,No
CUST03382,ORD003382,PRD0022,2348093700372,Customer 3382,Female,60+,Kano,North West,Regular,2024-03-08,Beauty,Skincare Set,5,7500,0.0,37500.0,2500,Bank Transfer,Store,COMPLETED,In Transit,9.0,5.0,Yes
CUST03383,ORD003383,PRD0027,2348079903250,Customer 3383,Female,26-35,Enugu,South East,Occasional,2025-07-03,Groceries,Cereal,3,120000,0.2,288000.0,1500,Cash on Delivery,Marketplace,pending,delivered,,,yes
CUST03384,ORD003384,PRD0009,2348035158473,Customer 3384,Male,,Lagos,South West,,2024-05-27,Beauty,Perfume,2,40000,0.15,68000.0,3500,Bank Transfer,Website,COMPLETED,Delivered,1.0,4.0,No
CUST03385,ORD003385,PRD0020,2348085383015,Customer 3385,female,60+,Benin City,South South,Regular,2024-11-18,Groceries,Cooking Oil,4,5000,0.1,18000.0,1000,Card,Store,Returned,Delivered,12.0,3.0,NO
CUST03386,ORD003386,PRD0021,2348043398825,Customer 3386,Male,46-60,Abuja,North Central,Business,2026-02-26,Electronics,Wireless Earbuds,2,120000,0.1,216000.0,3500,Bank Transfer,Website,Cancelled,Delayed,7.0,5.0,NO
CUST03387,ORD003387,PRD0009,2348014831504,Customer 3387,Female,36-45,Enugu,South East,Regular,2025-07-25,Electronics,Smartphone,1,10000,0.2,8000.0,0,Wallet,Marketplace,Completed,,9.0,5.0,
CUST03388,ORD003388,PRD0029,2348070961998,Customer 3388, m ,46-60,Abuja,North Central,Premium,2026-04-25,Beauty,Hair Dryer,2,40000,0.1,72000.0,3500,,Mobile App,pending,Returned,3.0,4.0,NO
CUST03389,ORD003389,PRD0019,2348050359780,Customer 3389,,46-60,Lagos,South West,Premium,2026-08-31,Electronics,Smart TV,1,75000,0.0,75000.0,3500,Wallet,Website,pending,DELIVERED,6.0,5.0,
CUST03390,ORD003390,PRD0012,2348053354211,Customer 3390,Female,60+,Kano,North West,Occasional,2025-10-08,Groceries,Beverage Pack,4,75000,0.05,285000.0,0,Wallet,Mobile App,Cancelled,Delivered,6.0,5.0,Yes
CUST03391,ORD003391,PRD0003,2348012068711,Customer 3391,Male,18-25,Ibadan,South West,Regular,2026-06-27,Groceries,Cooking Oil,5,75000,0.0,375000.0,2500,Wallet,website,Pending,Delayed,12.0,3.0,Yes
CUST03392,ORD003392,PRD0016,2348083336180,Customer 3392,M,18-25,Enugu,South East,Regular,2024-02-08,Home & Kitchen,Air Fryer,2,10000,0.15,17000.0,2500,USSD,Marketplace,,,10.0,,No
CUST03393,ORD003393,PRD0012,2348029458262,Customer 3393,female,,Port Harcourt,South South,,2024-01-08,Beauty,Makeup Kit,1,5000,0.1,4500.0,3500,USSD,Store,completed,In Transit,9.0,5.0,Yes
CUST03394,ORD003394,PRD0027,2348062187471,Customer 3394,Male,46-60,Lagos,South West,Business,2025-10-14,Electronics,Smart TV,1,120000,0.0,120000.0,0,Card,Store,Completed,,6.0,4.0,Yes
CUST03395,ORD003395,PRD0027,2348011815268,Customer 3395,Male,26-35,Port Harcourt,South South,Premium,2024-05-25,Fashion,Sneakers,4,15000,0.15,51000.0,1500,,Marketplace,pending,Delayed,13.0,,No
CUST03396,ORD003396,PRD0013,2348063716443,Customer 3396,,26-35,Kano,North West,Business,2026-05-11,Home & Kitchen,Vacuum Cleaner,2,75000,0.2,120000.0,3500,Cash on Delivery,Store,Cancelled,In Transit,11.0,4.0,Yes
CUST03397,ORD003397,PRD0025,2348070597873,Customer 3397, m ,26-35,Port Harcourt,South South,Premium,2025-08-24,Fashion,Jeans,5,15000,0.0,75000.0,1000,Bank Transfer,Website,Cancelled,,6.0,2.0,No
CUST03398,ORD003398,PRD0024,2348045852598,Customer 3398,Male,26-35,Kaduna,North West,Regular,2026-08-15,Home & Kitchen,Cookware Set,1,3500,0.2,2800.0,0,bank transfer,Website,completed,Delivered,1.0,4.0,No
CUST03399,ORD003399,PRD0017,2348035749832,Customer 3399,,,Kano,North West,Occasional,2025-08-24,Sports,Yoga Mat,3,7500,0.05,21375.0,0,bank transfer,Website,Completed,In Transit,9.0,4.0,Yes
CUST03400,ORD003400,PRD0017,2348094362038, Customer 3400 ,female,36-45,Kaduna,North West,Regular,2025-06-11,Fashion,Handbag,5,10000,0.0,50000.0,2500,Cash on Delivery,Website,COMPLETED,In Transit,11.0,3.0,No
CUST03401,ORD003401,PRD0013,2348041407206,Customer 3401,Female,60+,Benin City,South South,Occasional,2024-03-10,Fashion,Shirt,1,3500,0.0,3500.0,1000,Cash on Delivery,Website,,Delivered,13.0,3.0,Yes
CUST03402,ORD003402,PRD0010,2348019464579,Customer 3402,M,60+,Port Harcourt,South South,Premium,2024-12-06,Groceries,Rice,2,3500,0.05,6650.0,0,Bank Transfer,Store,cancelled,,3.0,4.0,No
CUST03403,ORD003403,PRD0028,2348073935339,Customer 3403,,46-60,Kaduna,North West,Business,2024-07-04,Fashion,Shirt,5,5000,0.05,23750.0,0,USSD,Marketplace,Completed,delivered,9.0,4.0,
CUST03404,ORD003404,PRD0015,2348075070308,Customer 3404,female,,Lagos,South West,Premium,2025-07-29,Fashion,Sneakers,1,10000,0.0,10000.0,0,bank transfer,Instagram,,DELIVERED,12.0,,No
CUST03405,ORD003405,PRD0010,2348081739704,Customer 3405,Male,46-60,Kaduna,North West,Premium,2024-06-16,Home & Kitchen,Blender,3,15000,0.1,40500.0,3500,Cash on Delivery,Instagram,Completed,Delivered,12.0,4.0,yes
CUST03406,ORD003406,PRD0026,2348068954687,Customer 3406,M,46-60,Ibadan,South West,Regular,2025-03-17,Electronics,Smartphone,4,7500,0.15,25500.0,1000,USSD,Store,COMPLETED,In Transit,10.0,4.0,Yes
CUST03407,ORD003407,PRD0013,2348063746809,Customer 3407,Male,18-25,Port Harcourt,South South,Occasional,2025-08-20,Beauty,Hair Dryer,1,25000,0.05,23750.0,0,Wallet,Instagram,completed,,3.0,4.0,No
CUST03408,ORD003408,PRD0019,2348093346779,Customer 3408,Female,46-60,Abuja,North Central,Premium,2025-07-17,Electronics,Smart TV,3,75000,0.1,202500.0,0,Bank Transfer,Store,Cancelled,Delivered,5.0,4.0,Yes
CUST03409,ORD003409,PRD0028,2348069750651,Customer 3409,Female,46-60,Port Harcourt,South South,Regular,2025-12-13,Beauty,Skincare Set,5,10000,0.1,45000.0,1500,Card,Mobile App,,delivered,3.0,1.0,
CUST03410,ORD003410,PRD0026,2348072671836,Customer 3410,Male,26-35,Port Harcourt,South South,premium ,2026-01-13,Fashion,Jeans,3,25000,0.0,75000.0,3500,Wallet,Mobile App,,,10.0,4.0,No
CUST03411,ORD003411,PRD0005,2348064786612,Customer 3411,,,Kaduna,North West,Regular,2024-12-29,Beauty,Skincare Set,5,120000,0.15,510000.0,2500,Cash on Delivery,Marketplace,cancelled,Returned,3.0,4.0,No
CUST03412,ORD003412,PRD0019,2348097206453,Customer 3412,female,18-25,Ibadan,South West,Occasional,2025-02-01,Groceries,Rice,2,10000,0.1,18000.0,0,Cash on Delivery,Instagram,Cancelled,Delayed,5.0,4.0,NO
CUST03413,ORD003413,PRD0020,2348098767605,Customer 3413,Male,26-35,Lagos,South West,Occasional,2024-02-25,Sports,Gym Bag,2,3500,0.1,6300.0,1000,Wallet,Website,Returned,Delivered,,,NO
CUST03414,ORD003414,PRD0027,2348031476877,Customer 3414,Female,46-60,Benin City,South South,Regular,2025-07-21,Fashion,Jeans,3,7500,0.2,18000.0,3500,Card,Mobile App,COMPLETED,In Transit,13.0,4.0,Yes
CUST03415,ORD003415,PRD0016,2348035991091,Customer 3415, m ,18-25,Enugu,South East,premium ,2024-05-20,Sports,Gym Bag,3,15000,0.0,45000.0,2500,Bank Transfer,website,Completed,Delivered,9.0,5.0,NO
CUST03416,ORD003416,PRD0015,2348055246414,Customer 3416,Male,18-25,Benin City,South South,premium ,2025-10-01,Fashion,Sneakers,2,15000,0.0,30000.0,1000,USSD,Marketplace,completed,Returned,7.0,3.0,No
CUST03417,ORD003417,PRD0017,2348086179167,Customer 3417,male,46-60,Kano,North West,Regular,2025-09-23,Electronics,Wireless Earbuds,2,25000,0.1,45000.0,0,Cash on Delivery,Instagram,COMPLETED,In Transit,13.0,5.0,NO
CUST03418,ORD003418,PRD0025,2348018250756,Customer 3418,M,60+,Benin City,South South,Regular,2026-01-30,Home & Kitchen,Air Fryer,4,7500,0.15,25500.0,1500,bank transfer,Mobile App,Completed,In Transit,14.0,1.0,No
CUST03419,ORD003419,PRD0017,2348075126415,Customer 3419,Female,46-60,Benin City,South South,Premium,2024-04-13,Groceries,Cooking Oil,5,5000,0.15,21250.0,1000,Card,Instagram,cancelled,In Transit,9.0,1.0,No
CUST03420,ORD003420,PRD0025,2348031675641,Customer 3420,,36-45,Kaduna,North West,Premium,2024-12-04,Sports,Football,3,40000,0.2,96000.0,1000,Bank Transfer,Mobile App,completed,,2.0,4.0,yes
CUST03421,ORD003421,PRD0018,2348061843905,Customer 3421,Male,,Lagos,South West,Regular,2026-08-08,Groceries,Cooking Oil,5,120000,0.0,600000.0,1500,Wallet,Marketplace,Completed,,7.0,4.0,Yes
CUST03422,ORD003422,PRD0005,2348083901697,Customer 3422,Female,18-25,Lagos,South West,Business,2025-09-05,Home & Kitchen,Air Fryer,2,10000,0.2,16000.0,2500,Bank Transfer,,,Returned,4.0,5.0,Yes
CUST03423,ORD003423,PRD0002,2348086382470,Customer 3423,Female,26-35,Enugu,South East,Premium,2026-02-10,Groceries,Cooking Oil,4,40000,0.05,152000.0,2500,Wallet,website,COMPLETED,,8.0,3.0,Yes
CUST03424,ORD003424,PRD0025,2348047645894,Customer 3424,,18-25,Lagos,South West,Occasional,2025-05-23,Groceries,Beverage Pack,4,15000,0.15,51000.0,3500,,website,Cancelled,Delivered,12.0,5.0,Yes
CUST03425,ORD003425,PRD0014,2348072014186, Customer 3425 ,,36-45,Kano,North West,Occasional,2026-07-19,Groceries,Cereal,2,75000,0.0,150000.0,1000,Card,Marketplace,,Delayed,4.0,,Yes
CUST03426,ORD003426,PRD0029,2348097040284,Customer 3426,female,60+,Lagos,South West,Occasional,2025-12-16,Beauty,Perfume,3,120000,0.15,306000.0,0,Wallet,Store,Completed,Returned,12.0,5.0,No
CUST03427,ORD003427,PRD0011,2348084538292,Customer 3427,female,18-25,Ibadan,South West,Premium,2025-01-05,Fashion,Sneakers,4,3500,0.2,11200.0,1500,Cash on Delivery,Website,cancelled,Delayed,8.0,4.0,
CUST03428,ORD003428,PRD0025,2348099100357,Customer 3428,,36-45,Abuja,North Central,Premium,2025-02-14,Groceries,Cooking Oil,3,10000,0.1,27000.0,1500,USSD,Instagram,completed,Delivered,11.0,,Yes
CUST03429,ORD003429,PRD0005,2348025032985,Customer 3429,F,,Ibadan,South West,Premium,2024-01-25,Fashion,Handbag,1,7500,0.15,6375.0,1500,Card,Store,,,9.0,3.0,NO
CUST03430,ORD003430,PRD0009,2348075416245,Customer 3430,M,,Kano,North West,Business,2024-10-17,Groceries,Beverage Pack,2,5000,0.05,9500.0,0,Bank Transfer,Mobile App,Completed,,1.0,4.0,Yes
CUST03431,ORD003431,PRD0003,2348082526411,Customer 3431,Female,60+,Lagos,South West,Regular,2024-01-30,Fashion,Shirt,4,3500,0.15,11900.0,0,Card,,,Delayed,2.0,4.0,Yes
CUST03432,ORD003432,PRD0002,2348017199900,Customer 3432,Male,36-45,Lagos,South West,Premium,2024-10-13,Electronics,Laptop,5,120000,0.2,480000.0,2500,,Instagram,Completed,Delivered,11.0,4.0,No
CUST03433,ORD003433,PRD0030,2348087872410,Customer 3433,,26-35,Ibadan,South West,Regular,2025-10-17,Home & Kitchen,Vacuum Cleaner,1,75000,0.15,63750.0,2500,Bank Transfer,,,Delayed,1.0,3.0,Yes
CUST03434,ORD003434,PRD0029,2348083633364,Customer 3434,Female,,Lagos,South West,Premium,2025-07-30,Home & Kitchen,Vacuum Cleaner,3,120000,0.1,324000.0,2500,bank transfer,Mobile App,Completed,In Transit,13.0,4.0,
CUST03435,ORD003435,PRD0008,2348018042137,Customer 3435,,60+,Enugu,South East,premium ,2025-03-16,Beauty,Makeup Kit,5,120000,0.05,570000.0,3500,Bank Transfer,Store,completed,DELIVERED,8.0,3.0,No
CUST03436,ORD003436,PRD0001,2348010734619,Customer 3436,Female,,Lagos,South West,Regular,2024-06-19,Sports,Football,3,3500,0.2,8400.0,0,Bank Transfer,,Completed,Returned,14.0,4.0,Yes
CUST03437,ORD003437,PRD0028,2348037086795,Customer 3437,Female,18-25,Lagos,South West,Regular,2024-05-07,Sports,Running Shoes,5,3500,0.05,16625.0,1000,Wallet,Instagram,Completed,delivered,2.0,3.0,No
CUST03438,ORD003438,PRD0003,2348012950507,Customer 3438, f ,36-45,Abuja,North Central,Regular,2026-01-23,Home & Kitchen,Air Fryer,5,25000,0.0,125000.0,3500,Cash on Delivery,mobile app,completed,DELIVERED,1.0,3.0,Yes
CUST03439,ORD003439,PRD0001,2348032849945,Customer 3439,F,46-60,Benin City,South South,Occasional,2026-01-05,Fashion,Jeans,3,75000,0.2,180000.0,1000,,Store,Pending,Delivered,5.0,3.0,No
CUST03440,ORD003440,PRD0008,2348042432770,Customer 3440,Female,46-60,Benin City,South South,premium ,2024-03-18,Sports,Football,5,10000,0.15,42500.0,1000,Cash on Delivery,Store,Completed,Delivered,9.0,1.0,
CUST03441,ORD003441,PRD0023,2348066626859,Customer 3441,Female,36-45,Ibadan,South West,Premium,2026-03-23,Electronics,Smartphone,5,10000,0.05,47500.0,2500,Card,,cancelled,Delivered,9.0,3.0,No
CUST03442,ORD003442,PRD0030,2348023781693,Customer 3442,F,,Benin City,South South,Regular,2025-07-19,Beauty,Perfume,4,120000,0.05,456000.0,1000,Cash on Delivery,Website,Returned,In Transit,5.0,,No
CUST03443,ORD003443,PRD0028,2348038473316,Customer 3443,female,26-35,Benin City,South South,Regular,2024-03-10,Beauty,Makeup Kit,3,25000,0.15,63750.0,1500,Wallet,Mobile App,Completed,,12.0,,
CUST03444,ORD003444,PRD0004,2348017361501,Customer 3444,,26-35,Benin City,South South,Regular,2025-11-20,Beauty,Skincare Set,5,7500,0.0,37500.0,1500,bank transfer,Store,Returned,,,5.0,No
CUST03445,ORD003445,PRD0013,2348084803294,Customer 3445, f ,,Lagos,South West,Business,2026-04-01,Home & Kitchen,Vacuum Cleaner,4,10000,0.15,34000.0,0,,Website,Completed,DELIVERED,12.0,4.0,
CUST03446,ORD003446,PRD0006,2348070889183,Customer 3446,Male,46-60,Benin City,South South,Regular,2025-02-27,Fashion,Shirt,4,3500,0.2,11200.0,3500,USSD,Instagram,Cancelled,delivered,14.0,5.0,Yes
CUST03447,ORD003447,PRD0009,2348082876193,Customer 3447, f ,26-35,Port Harcourt,South South,Occasional,2024-03-11,Home & Kitchen,Vacuum Cleaner,2,10000,0.0,20000.0,0,,website,Completed,Delivered,10.0,5.0,No
CUST03448,ORD003448,PRD0005,2348037846702,Customer 3448,Female,36-45,Benin City,South South,Premium,2025-11-21,Home & Kitchen,Cookware Set,5,5000,0.05,23750.0,2500,Cash on Delivery,Website,Cancelled,Returned,3.0,3.0,No
CUST03449,ORD003449,PRD0011,2348063611813,Customer 3449,Female,,Enugu,South East,Occasional,2024-10-01,Fashion,Sneakers,2,120000,0.15,204000.0,0,Bank Transfer,Store,pending,Delivered,2.0,4.0,No
CUST03450,ORD003450,PRD0018,2348049520130, Customer 3450 ,female,18-25,Abuja,North Central,Premium,2024-05-31,Fashion,Handbag,3,15000,0.2,36000.0,2500,Card,Store,Completed,,4.0,4.0,No
CUST03451,ORD003451,PRD0014,2348066168989,Customer 3451,Male,,Lagos,South West,Business,2024-01-12,Home & Kitchen,Vacuum Cleaner,5,5000,0.1,22500.0,1000,Cash on Delivery,Website,Completed,In Transit,4.0,4.0,yes
CUST03452,ORD003452,PRD0010,2348074162165,Customer 3452,Female,26-35,Kaduna,North West,Business,2025-11-13,Fashion,Sneakers,1,7500,0.15,6375.0,1500,Cash on Delivery,Store,Completed,,5.0,4.0,yes
CUST03453,ORD003453,PRD0015,2348076832275,Customer 3453,Female,46-60,Kano,North West,,2026-04-30,Home & Kitchen,Air Fryer,4,7500,0.05,28500.0,1500,USSD,mobile app,completed,Delayed,6.0,5.0,NO
CUST03454,ORD003454,PRD0004,2348094841139,Customer 3454,M,26-35,Abuja,North Central,REGULAR,2025-04-16,Beauty,Hair Dryer,3,120000,0.1,324000.0,1000,USSD,,Cancelled,In Transit,3.0,5.0,yes
CUST03455,ORD003455,PRD0001,2348028310743,Customer 3455,,,Enugu,South East,Occasional,2024-06-22,Beauty,Makeup Kit,3,3500,0.1,9450.0,3500,USSD,Store,Completed,In Transit,2.0,3.0,No
CUST03456,ORD003456,PRD0005,2348087894716,Customer 3456,Female,46-60,Kaduna,North West,Occasional,2024-12-09,Electronics,Laptop,3,75000,0.2,180000.0,0,Bank Transfer,Website,cancelled,delivered,13.0,4.0,
CUST03457,ORD003457,PRD0027,2348070020124,Customer 3457,Male,60+,Kano,North West,Occasional,2026-07-31,Sports,Running Shoes,2,10000,0.1,18000.0,1500,USSD,,pending,Delivered,8.0,4.0,
CUST03458,ORD003458,PRD0005,2348078067456,Customer 3458,FEMALE,46-60,Abuja,North Central,Occasional,2024-07-10,Beauty,Makeup Kit,2,3500,0.0,7000.0,1500,USSD,website,completed,In Transit,3.0,3.0,No
CUST03459,ORD003459,PRD0010,2348074665470,Customer 3459,,,Port Harcourt,South South,Regular,2024-12-06,Home & Kitchen,Cookware Set,2,75000,0.1,135000.0,0,Wallet,Store,Cancelled,Delayed,1.0,5.0,No
CUST03460,ORD003460,PRD0009,2348050549322,Customer 3460, f ,36-45,Port Harcourt,South South,Regular,2024-05-13,Beauty,Hair Dryer,1,40000,0.1,36000.0,1000,Card,Mobile App,Returned,Delivered,8.0,3.0,No
CUST03461,ORD003461,PRD0001,2348045449310,Customer 3461,Female,46-60,Enugu,South East,Premium,2024-07-19,Fashion,Handbag,3,15000,0.1,40500.0,3500,Wallet,Instagram,completed,Delivered,6.0,,No
CUST03462,ORD003462,PRD0007,2348016016621,Customer 3462,Male,,Port Harcourt,South South,Premium,2024-05-29,Beauty,Perfume,2,40000,0.05,76000.0,0,Bank Transfer,Instagram,,Returned,12.0,3.0,
CUST03463,ORD003463,PRD0028,2348054108095,Customer 3463,,18-25,Ibadan,South West,Regular,2024-09-26,Sports,Football,1,120000,0.0,120000.0,0,Card,Mobile App,Completed,,14.0,,No
CUST03464,ORD003464,PRD0022,2348086016006,Customer 3464,Female,18-25,Ibadan,South West,premium ,2026-06-14,Electronics,Wireless Earbuds,4,25000,0.0,100000.0,3500,Card,Marketplace,completed,In Transit,5.0,5.0,No
CUST03465,ORD003465,PRD0030,2348024568034,Customer 3465,M,60+,Lagos,South West,Occasional,2025-02-10,Electronics,Laptop,2,120000,0.0,240000.0,0,Wallet,Store,Completed,Delivered,4.0,5.0,Yes
CUST03466,ORD003466,PRD0006,2348078533108,Customer 3466,female,60+,Kaduna,North West,premium ,2026-05-17,Fashion,Sneakers,2,75000,0.2,120000.0,1000,CARD,mobile app,Completed,In Transit,14.0,5.0,Yes
CUST03467,ORD003467,PRD0002,2348054446008,Customer 3467,Female,46-60,Enugu,South East,REGULAR,2024-06-28,Sports,Running Shoes,4,75000,0.05,285000.0,1500,Card,Website,Returned,In Transit,4.0,5.0,No
CUST03468,ORD003468,PRD0014,2348039311551,Customer 3468,M,60+,Kano,North West,Premium,2026-06-07,Groceries,Beverage Pack,3,40000,0.0,120000.0,1000,Bank Transfer,Store,Pending,DELIVERED,10.0,4.0,NO
CUST03469,ORD003469,PRD0018,2348047051720,Customer 3469,Female,,Ibadan,South West,Business,2024-01-06,Electronics,Smart TV,2,3500,0.05,6650.0,1000,Bank Transfer,Marketplace,pending,Delayed,8.0,5.0,NO
CUST03470,ORD003470,PRD0002,2348085207232,Customer 3470, f ,18-25,Port Harcourt,South South,Premium,2024-08-08,Groceries,Cereal,3,40000,0.15,102000.0,2500,Wallet,Website,Cancelled,Delivered,7.0,4.0,Yes
CUST03471,ORD003471,PRD0023,2348017706603,Customer 3471,Male,60+,Benin City,South South,Regular,2025-05-09,Fashion,Shirt,2,7500,0.15,12750.0,3500,bank transfer,Mobile App,pending,delivered,14.0,5.0,No
CUST03472,ORD003472,PRD0022,2348053588323,Customer 3472,Male,46-60,Benin City,South South,Occasional,2025-06-07,Home & Kitchen,Cookware Set,2,3500,0.15,5950.0,2500,Card,Mobile App,COMPLETED,In Transit,6.0,5.0,No
CUST03473,ORD003473,PRD0023,2348078632767,Customer 3473,Female,36-45,Ibadan,South West,Regular,2025-03-12,Beauty,Perfume,2,5000,0.05,9500.0,1000,Wallet,Store,Completed,In Transit,10.0,4.0,No
CUST03474,ORD003474,PRD0001,2348086705432,Customer 3474,,18-25,Port Harcourt,South South,Occasional,2025-09-08,Home & Kitchen,Cookware Set,4,120000,0.05,456000.0,3500,Bank Transfer,Marketplace,Completed,Returned,10.0,1.0,
CUST03475,ORD003475,PRD0019,2348013352192, Customer 3475 ,,36-45,Kano,North West,Premium,2025-02-16,Fashion,Jeans,5,40000,0.0,200000.0,2500,Bank Transfer,Website,completed,DELIVERED,8.0,5.0,
CUST03476,ORD003476,PRD0019,2348039489803,Customer 3476,Female,46-60,Port Harcourt,South South,Business,2024-12-14,Beauty,Perfume,5,40000,0.1,180000.0,1000,Cash on Delivery,Mobile App,,Delivered,4.0,,yes
CUST03477,ORD003477,PRD0030,2348034394633,Customer 3477,Female,26-35,Kaduna,North West,Occasional,2024-01-16,Groceries,Cereal,4,7500,0.0,30000.0,1000,Bank Transfer,mobile app,cancelled,Delayed,8.0,1.0,Yes
CUST03478,ORD003478,PRD0025,2348064524811,Customer 3478,Male,,Lagos,South West,Premium,2024-10-25,Fashion,Shirt,4,5000,0.2,16000.0,1500,Card,Website,,In Transit,,4.0,Yes
CUST03479,ORD003479,PRD0024,2348082693240,Customer 3479,Female,18-25,Abuja,North Central,REGULAR,2024-10-17,Home & Kitchen,Air Fryer,4,25000,0.1,90000.0,3500,Card,,pending,Delayed,5.0,3.0,No
CUST03480,ORD003480,PRD0020,2348050313582,Customer 3480,Female,60+,Abuja,North Central,Premium,2026-07-11,Fashion,Shirt,5,40000,0.0,200000.0,1500,Cash on Delivery,Mobile App,cancelled,,,5.0,NO
CUST03481,ORD003481,PRD0021,2348076290007,Customer 3481,,18-25,Kano,North West,premium ,2025-01-28,Groceries,Cereal,5,5000,0.2,20000.0,0,Card,Store,completed,Delivered,2.0,4.0,No
CUST03482,ORD003482,PRD0009,2348072568416,Customer 3482,Male,46-60,Kano,North West,Regular,2025-09-27,Groceries,Rice,2,75000,0.1,135000.0,1500,bank transfer,Store,,DELIVERED,6.0,1.0,No
CUST03483,ORD003483,PRD0022,2348060786438,Customer 3483, f ,18-25,Abuja,North Central,Occasional,2025-10-15,Sports,Running Shoes,3,3500,0.15,8925.0,3500,Bank Transfer,Store,,delivered,1.0,5.0,Yes
CUST03484,ORD003484,PRD0028,2348059200136,Customer 3484,Male,,Kano,North West,Premium,2024-07-03,Sports,Running Shoes,4,40000,0.15,136000.0,2500,Cash on Delivery,Mobile App,Completed,DELIVERED,11.0,1.0,
CUST03485,ORD003485,PRD0021,2348010499932,Customer 3485, f ,,Kaduna,North West,,2025-11-05,Groceries,Rice,4,10000,0.2,32000.0,1500,Cash on Delivery,Marketplace,Completed,,6.0,1.0,No
CUST03486,ORD003486,PRD0016,2348098717048,Customer 3486,Female,18-25,Port Harcourt,South South,Occasional,2024-01-17,Fashion,Handbag,4,120000,0.0,480000.0,1500,Cash on Delivery,Instagram,pending,In Transit,6.0,5.0,NO
CUST03487,ORD003487,PRD0021,2348065940521,Customer 3487,M,36-45,Enugu,South East,Regular,2025-01-03,Fashion,Sneakers,2,7500,0.2,12000.0,3500,CARD,Store,cancelled,Delayed,2.0,5.0,
CUST03488,ORD003488,PRD0012,2348061864515,Customer 3488,F,26-35,Ibadan,South West,Business,2025-08-23,Groceries,Cereal,4,7500,0.2,24000.0,0,Bank Transfer,Mobile App,Returned,Delayed,5.0,5.0,Yes
CUST03489,ORD003489,PRD0017,2348061520753,Customer 3489,Female,36-45,Ibadan,South West,Premium,2025-08-23,Home & Kitchen,Cookware Set,5,25000,0.2,100000.0,2500,,Website,Returned,Returned,7.0,5.0,NO
CUST03490,ORD003490,PRD0019,2348030984881,Customer 3490,,46-60,Ibadan,South West,premium ,2026-03-14,Home & Kitchen,Cookware Set,5,7500,0.15,31875.0,1000,Bank Transfer,Marketplace,,DELIVERED,2.0,5.0,Yes
CUST03491,ORD003491,PRD0027,2348082517186,Customer 3491,Female,18-25,Ibadan,South West,,2026-02-03,Groceries,Rice,5,40000,0.0,200000.0,1500,Cash on Delivery,Website,Completed,Delayed,10.0,,NO
CUST03492,ORD003492,PRD0028,2348054463632,Customer 3492,F,26-35,Enugu,South East,Premium,2025-02-19,Electronics,Smart TV,3,120000,0.05,342000.0,1500,bank transfer,Website,COMPLETED,Returned,7.0,4.0,NO
CUST03493,ORD003493,PRD0025,2348029343491,Customer 3493,Female,26-35,Port Harcourt,South South,Regular,2024-12-30,Electronics,Wireless Earbuds,2,7500,0.15,12750.0,0,Bank Transfer,Instagram,COMPLETED,Delivered,9.0,4.0,No
CUST03494,ORD003494,PRD0006,2348045593729,Customer 3494,,,Ibadan,South West,Regular,2024-04-26,Groceries,Beverage Pack,1,75000,0.15,63750.0,1000,Card,Website,Cancelled,In Transit,,2.0,No
CUST03495,ORD003495,PRD0012,2348084517698,Customer 3495,Female,36-45,Benin City,South South,Premium,2024-11-29,Sports,Gym Bag,3,5000,0.05,14250.0,1000,bank transfer,Instagram,Returned,In Transit,10.0,4.0,No
CUST03496,ORD003496,PRD0011,2348055662368,Customer 3496,,26-35,Abuja,North Central,Regular,2024-12-04,Home & Kitchen,Blender,1,40000,0.2,32000.0,1500,Wallet,Instagram,cancelled,In Transit,11.0,4.0,
CUST03497,ORD003497,PRD0007,2348042866720,Customer 3497,FEMALE,60+,Benin City,South South,premium ,2026-02-16,Groceries,Cooking Oil,5,40000,0.05,190000.0,3500,USSD,Website,Returned,Delivered,2.0,4.0,yes
CUST03498,ORD003498,PRD0010,2348069682186,Customer 3498,Male,46-60,Kaduna,North West,Occasional,2024-08-15,Beauty,Hair Dryer,1,10000,0.2,8000.0,3500,bank transfer,website,Returned,Delivered,4.0,3.0,No
CUST03499,ORD003499,PRD0029,2348091901365,Customer 3499,MALE,18-25,Lagos,South West,Regular,2024-07-13,Electronics,Smartphone,5,7500,0.05,35625.0,2500,CARD,Store,COMPLETED,In Transit,12.0,4.0,No
CUST03500,ORD003500,PRD0020,2348084334301, Customer 3500 , f ,26-35,Ibadan,South West,Occasional,2026-01-06,Home & Kitchen,Vacuum Cleaner,4,120000,0.0,480000.0,1500,CARD,website,Cancelled,Returned,5.0,3.0,
CUST03501,ORD003501,PRD0009,2348021736958,Customer 3501,,26-35,Abuja,North Central,Occasional,2026-05-30,Fashion,Sneakers,4,10000,0.1,36000.0,2500,Bank Transfer,Marketplace,pending,In Transit,,4.0,No
CUST03502,ORD003502,PRD0015,2348073145395,Customer 3502,F,36-45,Kano,North West,REGULAR,2025-04-17,Electronics,Smart TV,3,5000,0.15,12750.0,1000,Card,Store,completed,In Transit,9.0,5.0,Yes
CUST03503,ORD003503,PRD0002,2348044881277,Customer 3503,female,46-60,Lagos,South West,Occasional,2026-04-04,Fashion,Handbag,4,5000,0.15,17000.0,1000,Cash on Delivery,Website,,,14.0,5.0,yes
CUST03504,ORD003504,PRD0017,2348052145474,Customer 3504,Male,46-60,Kano,North West,Occasional,2025-01-30,Electronics,Smart TV,4,5000,0.15,17000.0,1500,Card,Marketplace,Cancelled,Delayed,14.0,2.0,No
CUST03505,ORD003505,PRD0027,2348076362581,Customer 3505,F,,Lagos,South West,Premium,2025-10-03,Electronics,Smartphone,1,75000,0.05,71250.0,1500,Card,Mobile App,Completed,Returned,3.0,3.0,NO
CUST03506,ORD003506,PRD0013,2348058708126,Customer 3506,,26-35,Kaduna,North West,premium ,2026-07-21,Fashion,Jeans,3,120000,0.0,360000.0,1000,Card,Website,COMPLETED,In Transit,9.0,2.0,No
CUST03507,ORD003507,PRD0004,2348018796964,Customer 3507,Female,36-45,Abuja,North Central,Occasional,2024-06-14,Home & Kitchen,Air Fryer,5,120000,0.0,600000.0,2500,bank transfer,Marketplace,pending,,11.0,4.0,Yes
CUST03508,ORD003508,PRD0006,2348010187352,Customer 3508,Female,60+,Ibadan,South West,Regular,2025-07-03,Home & Kitchen,Vacuum Cleaner,5,40000,0.2,160000.0,2500,CARD,Store,Cancelled,Delivered,3.0,5.0,Yes
CUST03509,ORD003509,PRD0012,2348022376736,Customer 3509,,18-25,Enugu,South East,,2024-11-13,Fashion,Handbag,2,15000,0.1,27000.0,2500,Wallet,Instagram,,DELIVERED,7.0,4.0,NO
CUST03510,ORD003510,PRD0002,2348031177979,Customer 3510,Female,18-25,Enugu,South East,Regular,2026-07-29,Sports,Gym Bag,1,10000,0.2,8000.0,3500,Wallet,Website,Cancelled,Delivered,10.0,5.0,No
CUST03511,ORD003511,PRD0006,2348052624773,Customer 3511,M,46-60,Benin City,South South,Regular,2024-10-03,Home & Kitchen,Air Fryer,1,5000,0.1,4500.0,1500,Card,,Completed,Delivered,3.0,5.0,NO
CUST03512,ORD003512,PRD0021,2348029583394,Customer 3512, m ,60+,Kaduna,North West,Regular,2026-06-27,Fashion,Jeans,1,5000,0.1,4500.0,1500,Card,website,Returned,In Transit,13.0,4.0,No
CUST03513,ORD003513,PRD0016,2348090269165,Customer 3513,M,46-60,Abuja,North Central,Occasional,2025-11-03,Fashion,Jeans,4,7500,0.1,27000.0,0,USSD,,Completed,delivered,3.0,4.0,No
CUST03514,ORD003514,PRD0011,2348084854172,Customer 3514,Female,46-60,Ibadan,South West,Regular,2026-07-28,Groceries,Cooking Oil,5,5000,0.15,21250.0,1000,bank transfer,Website,completed,Returned,4.0,5.0,
CUST03515,ORD003515,PRD0018,2348087605737,Customer 3515,Female,60+,Ibadan,South West,,2026-05-02,Groceries,Cereal,4,7500,0.0,30000.0,1500,USSD,Website,COMPLETED,DELIVERED,8.0,4.0,No
CUST03516,ORD003516,PRD0007,2348091541861,Customer 3516,,18-25,Port Harcourt,South South,Premium,2026-01-23,Fashion,Shirt,2,3500,0.1,6300.0,3500,Bank Transfer,Instagram,,Delivered,,5.0,
CUST03517,ORD003517,PRD0009,2348071127521,Customer 3517, f ,36-45,Abuja,North Central,Occasional,2024-01-09,Beauty,Hair Dryer,4,15000,0.2,48000.0,0,Bank Transfer,Website,,,12.0,5.0,No
CUST03518,ORD003518,PRD0025,2348024290502,Customer 3518,Female,46-60,Enugu,South East,Regular,2026-08-12,Electronics,Wireless Earbuds,2,10000,0.15,17000.0,1500,Card,website,completed,Delayed,5.0,,Yes
CUST03519,ORD003519,PRD0024,2348027556870,Customer 3519,male,46-60,Lagos,South West,Occasional,2026-07-18,Home & Kitchen,Cookware Set,5,10000,0.1,45000.0,1500,CARD,Mobile App,,Returned,1.0,4.0,No
CUST03520,ORD003520,PRD0018,2348036480398,Customer 3520,Male,46-60,Benin City,South South,Premium,2024-07-01,Electronics,Smart TV,4,40000,0.2,128000.0,3500,Card,Marketplace,,Returned,8.0,4.0,Yes
CUST03521,ORD003521,PRD0009,2348040800269,Customer 3521,,46-60,Lagos,South West,Business,2025-12-28,Fashion,Jeans,2,75000,0.0,150000.0,1500,USSD,website,Completed,Delivered,6.0,1.0,
CUST03522,ORD003522,PRD0016,2348095685413,Customer 3522,Female,26-35,Abuja,North Central,Occasional,2025-02-02,Electronics,Smart TV,1,25000,0.05,23750.0,0,,Store,Cancelled,Delivered,6.0,4.0,yes
CUST03523,ORD003523,PRD0030,2348092718975,Customer 3523,Male,18-25,Ibadan,South West,,2024-04-07,Beauty,Perfume,4,25000,0.15,85000.0,1000,bank transfer,Mobile App,Cancelled,delivered,1.0,,Yes
CUST03524,ORD003524,PRD0008,2348079459964,Customer 3524,male,18-25,Abuja,North Central,Regular,2025-01-24,Electronics,Wireless Earbuds,2,3500,0.2,5600.0,1000,Wallet,Store,cancelled,Returned,2.0,5.0,No
CUST03525,ORD003525,PRD0018,2348052589212, Customer 3525 , m ,26-35,Ibadan,South West,premium ,2024-10-10,Sports,Running Shoes,1,5000,0.05,4750.0,3500,Bank Transfer,Store,,In Transit,4.0,,Yes
CUST03526,ORD003526,PRD0011,2348061327733,Customer 3526,M,18-25,Ibadan,South West,Premium,2026-02-13,Home & Kitchen,Vacuum Cleaner,4,25000,0.1,90000.0,3500,bank transfer,mobile app,pending,DELIVERED,5.0,5.0,Yes
CUST03527,ORD003527,PRD0017,2348061349594,Customer 3527,,60+,Lagos,South West,REGULAR,2026-03-27,Sports,Football,4,5000,0.1,18000.0,3500,,Instagram,pending,Delayed,1.0,1.0,NO
CUST03528,ORD003528,PRD0018,2348011864050,Customer 3528,Female,18-25,Lagos,South West,Business,2026-07-07,Groceries,Cereal,2,25000,0.15,42500.0,1000,Cash on Delivery,Instagram,completed,Delivered,11.0,4.0,
CUST03529,ORD003529,PRD0001,2348055948276,Customer 3529,Male,36-45,Benin City,South South,Regular,2024-05-28,Beauty,Hair Dryer,4,25000,0.2,80000.0,1000,Card,Store,Completed,Delayed,4.0,2.0,Yes
CUST03530,ORD003530,PRD0017,2348096989235,Customer 3530,MALE,60+,Benin City,South South,Regular,2024-04-29,Beauty,Hair Dryer,1,15000,0.05,14250.0,1000,Cash on Delivery,Store,completed,delivered,13.0,3.0,No
CUST03531,ORD003531,PRD0007,2348027875534,Customer 3531,Male,26-35,Kano,North West,Occasional,2024-06-29,Home & Kitchen,Blender,4,3500,0.1,12600.0,1000,bank transfer,Instagram,Completed,Delivered,5.0,5.0,
CUST03532,ORD003532,PRD0014,2348033926887,Customer 3532,,18-25,Port Harcourt,South South,Regular,2026-04-13,Beauty,Hair Dryer,5,25000,0.05,118750.0,0,Card,Marketplace,cancelled,delivered,10.0,3.0,No
CUST03533,ORD003533,PRD0030,2348022987510,Customer 3533,Male,,Kaduna,North West,,2025-02-05,Sports,Gym Bag,5,3500,0.05,16625.0,1500,Bank Transfer,Store,,Delivered,11.0,5.0,No
CUST03534,ORD003534,PRD0014,2348012382882,Customer 3534,Male,46-60,Enugu,South East,Regular,2026-06-25,Groceries,Cooking Oil,3,5000,0.2,12000.0,1000,Card,,completed,Delivered,6.0,5.0,No
CUST03535,ORD003535,PRD0022,2348038441824,Customer 3535,Female,46-60,Ibadan,South West,,2026-08-09,Home & Kitchen,Air Fryer,4,15000,0.0,60000.0,1500,,Store,Returned,Returned,12.0,5.0,
CUST03536,ORD003536,PRD0021,2348075130096,Customer 3536,female,26-35,Kano,North West,Occasional,2026-06-02,Sports,Football,4,120000,0.2,384000.0,1500,Card,Store,completed,Delayed,,5.0,
CUST03537,ORD003537,PRD0007,2348067749769,Customer 3537,,,Port Harcourt,South South,,2024-02-15,Home & Kitchen,Cookware Set,2,7500,0.05,14250.0,2500,Cash on Delivery,Website,completed,In Transit,4.0,4.0,
CUST03538,ORD003538,PRD0009,2348062267212,Customer 3538,Female,,Enugu,South East,,2024-09-20,Groceries,Cereal,1,40000,0.05,38000.0,1000,USSD,Instagram,,Delayed,2.0,5.0,No
CUST03539,ORD003539,PRD0030,2348075904382,Customer 3539,Female,60+,Ibadan,South West,Regular,2025-07-04,Sports,Yoga Mat,3,10000,0.15,25500.0,0,Bank Transfer,Instagram,Completed,Delayed,4.0,4.0,No
CUST03540,ORD003540,PRD0028,2348088083987,Customer 3540,,26-35,Abuja,North Central,Occasional,2026-04-03,Beauty,Skincare Set,3,40000,0.2,96000.0,1000,USSD,Marketplace,,delivered,2.0,5.0,
CUST03541,ORD003541,PRD0022,2348017981188,Customer 3541,F,36-45,Abuja,North Central,Premium,2025-11-16,Sports,Football,4,5000,0.1,18000.0,3500,USSD,Instagram,Completed,delivered,10.0,5.0,No
CUST03542,ORD003542,PRD0013,2348052595227,Customer 3542,female,18-25,Kaduna,North West,Premium,2025-02-15,Beauty,Perfume,4,3500,0.05,13300.0,1500,Wallet,Marketplace,Completed,,5.0,,Yes
CUST03543,ORD003543,PRD0030,2348032428415,Customer 3543,Male,60+,Abuja,North Central,Regular,2026-07-23,Beauty,Hair Dryer,4,120000,0.15,408000.0,2500,Wallet,Website,COMPLETED,Delivered,9.0,4.0,No
CUST03544,ORD003544,PRD0023,2348019988553,Customer 3544,Male,18-25,Kano,North West,Premium,2025-06-23,Home & Kitchen,Blender,2,15000,0.2,24000.0,1000,Card,Store,Completed,In Transit,2.0,,yes
CUST03545,ORD003545,PRD0018,2348053482539,Customer 3545,male,36-45,Enugu,South East,Regular,2025-10-09,Beauty,Hair Dryer,5,25000,0.15,106250.0,1000,Cash on Delivery,mobile app,,In Transit,12.0,5.0,No
CUST03546,ORD003546,PRD0002,2348021949657,Customer 3546,MALE,,Lagos,South West,Regular,2026-04-23,Groceries,Cereal,3,25000,0.0,75000.0,3500,,Marketplace,,Delivered,,4.0,Yes
CUST03547,ORD003547,PRD0008,2348058107890,Customer 3547,Male,18-25,Lagos,South West,Regular,2025-07-13,Beauty,Makeup Kit,5,15000,0.0,75000.0,2500,USSD,Marketplace,cancelled,Delivered,13.0,4.0,No
CUST03548,ORD003548,PRD0005,2348098916160,Customer 3548,,18-25,Kaduna,North West,REGULAR,2024-11-16,Electronics,Smartphone,5,25000,0.1,112500.0,1000,bank transfer,Marketplace,Pending,,,5.0,Yes
CUST03549,ORD003549,PRD0005,2348097151684,Customer 3549,,,Lagos,South West,Premium,2024-01-27,Electronics,Wireless Earbuds,2,15000,0.05,28500.0,1000,Wallet,Marketplace,COMPLETED,DELIVERED,7.0,3.0,
CUST03550,ORD003550,PRD0030,2348074147897, Customer 3550 ,Female,36-45,Lagos,South West,Regular,2024-05-02,Groceries,Cereal,3,10000,0.0,30000.0,1500,Wallet,website,,Delayed,6.0,,No
CUST03551,ORD003551,PRD0004,2348099400370,Customer 3551,Male,60+,Lagos,South West,Regular,2025-05-11,Home & Kitchen,Vacuum Cleaner,5,5000,0.0,25000.0,2500,Cash on Delivery,Marketplace,Completed,delivered,8.0,5.0,
CUST03552,ORD003552,PRD0027,2348081848524,Customer 3552,Male,26-35,Kano,North West,Premium,2025-05-07,Beauty,Hair Dryer,2,120000,0.05,228000.0,3500,CARD,,cancelled,Delivered,10.0,4.0,No
CUST03553,ORD003553,PRD0019,2348024852371,Customer 3553,M,,Port Harcourt,South South,Premium,2026-05-10,Electronics,Laptop,4,5000,0.05,19000.0,2500,Cash on Delivery,Marketplace,Completed,In Transit,14.0,5.0,No
CUST03554,ORD003554,PRD0016,2348099006501,Customer 3554,F,46-60,Lagos,South West,Premium,2024-01-04,Sports,Yoga Mat,1,40000,0.0,40000.0,0,Card,Instagram,,Delayed,14.0,5.0,Yes
CUST03555,ORD003555,PRD0016,2348047121090,Customer 3555,Male,26-35,Enugu,South East,Regular,2024-11-15,Home & Kitchen,Vacuum Cleaner,1,15000,0.15,12750.0,1000,Card,Mobile App,,Delivered,1.0,2.0,No
CUST03556,ORD003556,PRD0027,2348025818000,Customer 3556,,36-45,Enugu,South East,Premium,2024-09-15,Home & Kitchen,Air Fryer,4,25000,0.2,80000.0,0,Bank Transfer,,Completed,Delivered,,3.0,Yes
CUST03557,ORD003557,PRD0007,2348056803546,Customer 3557,,26-35,Enugu,South East,Premium,2024-10-09,Fashion,Handbag,3,10000,0.0,30000.0,1500,Cash on Delivery,Store,COMPLETED,DELIVERED,5.0,4.0,No
CUST03558,ORD003558,PRD0018,2348032926641,Customer 3558,Female,26-35,Kano,North West,Occasional,2024-04-17,Groceries,Rice,4,40000,0.15,136000.0,0,Cash on Delivery,Marketplace,completed,delivered,9.0,4.0,No
CUST03559,ORD003559,PRD0029,2348070514414,Customer 3559,Female,,Benin City,South South,REGULAR,2024-01-16,Electronics,Laptop,3,3500,0.15,8925.0,1500,USSD,Store,,delivered,1.0,5.0,No
CUST03560,ORD003560,PRD0022,2348024717188,Customer 3560,Female,46-60,Kaduna,North West,Regular,2025-04-10,Home & Kitchen,Air Fryer,1,40000,0.1,36000.0,1000,Cash on Delivery,Instagram,completed,delivered,13.0,1.0,NO
CUST03561,ORD003561,PRD0026,2348032302801,Customer 3561,Male,18-25,Abuja,North Central,Occasional,2026-04-08,Beauty,Hair Dryer,2,7500,0.0,15000.0,2500,Wallet,Store,Cancelled,delivered,13.0,3.0,
CUST03562,ORD003562,PRD0013,2348038223859,Customer 3562,,46-60,Kaduna,North West,Regular,2026-03-27,Beauty,Skincare Set,5,25000,0.05,118750.0,1000,Bank Transfer,website,,Delivered,13.0,5.0,No
CUST03563,ORD003563,PRD0018,2348052528598,Customer 3563,M,60+,Lagos,South West,Premium,2024-10-27,Groceries,Beverage Pack,2,3500,0.05,6650.0,0,USSD,Marketplace,Cancelled,,13.0,,Yes
CUST03564,ORD003564,PRD0023,2348049010130,Customer 3564,Male,26-35,Abuja,North Central,Business,2024-01-10,Sports,Yoga Mat,4,40000,0.2,128000.0,1000,USSD,Website,COMPLETED,Delayed,6.0,5.0,Yes
CUST03565,ORD003565,PRD0010,2348061303197,Customer 3565,Male,18-25,Benin City,South South,REGULAR,2024-08-11,Groceries,Rice,1,25000,0.05,23750.0,1000,Bank Transfer,mobile app,completed,delivered,5.0,5.0,
CUST03566,ORD003566,PRD0012,2348028988249,Customer 3566,Female,18-25,Abuja,North Central,Business,2025-03-29,Fashion,Jeans,4,10000,0.15,34000.0,3500,Cash on Delivery,Store,Completed,Delivered,7.0,3.0,NO
CUST03567,ORD003567,PRD0013,2348021554782,Customer 3567, f ,,Abuja,North Central,REGULAR,2024-05-21,Fashion,Jeans,3,25000,0.1,67500.0,1500,Card,Mobile App,pending,delivered,6.0,4.0,No
CUST03568,ORD003568,PRD0025,2348065242837,Customer 3568,MALE,60+,Kano,North West,premium ,2026-07-12,Fashion,Jeans,3,7500,0.0,22500.0,0,Cash on Delivery,,cancelled,In Transit,10.0,,Yes
CUST03569,ORD003569,PRD0013,2348066064021,Customer 3569,Female,46-60,Enugu,South East,Premium,2025-07-21,Home & Kitchen,Air Fryer,3,3500,0.0,10500.0,1500,Cash on Delivery,Website,Pending,In Transit,1.0,2.0,
CUST03570,ORD003570,PRD0007,2348064901224,Customer 3570,Male,60+,Ibadan,South West,Business,2024-07-25,Sports,Football,4,5000,0.05,19000.0,1500,Wallet,website,COMPLETED,delivered,10.0,2.0,No
CUST03571,ORD003571,PRD0016,2348047069525,Customer 3571,Male,18-25,Port Harcourt,South South,Occasional,2025-08-24,Electronics,Wireless Earbuds,4,75000,0.15,255000.0,1500,Cash on Delivery,Store,Cancelled,Delayed,12.0,4.0,No
CUST03572,ORD003572,PRD0007,2348095601412,Customer 3572,Male,60+,Kano,North West,,2025-12-30,Beauty,Hair Dryer,5,75000,0.2,300000.0,3500,Wallet,Store,completed,Delayed,8.0,4.0,Yes
CUST03573,ORD003573,PRD0010,2348056098093,Customer 3573,Female,26-35,Enugu,South East,,2025-10-25,Home & Kitchen,Air Fryer,2,120000,0.15,204000.0,3500,Bank Transfer,Website,completed,delivered,2.0,4.0,No
CUST03574,ORD003574,PRD0030,2348070556957,Customer 3574,,60+,Abuja,North Central,Regular,2024-02-22,Fashion,Jeans,3,25000,0.2,60000.0,3500,Cash on Delivery,,pending,Returned,11.0,4.0,
CUST03575,ORD003575,PRD0020,2348011094264, Customer 3575 ,male,60+,Kano,North West,Occasional,2024-01-31,Beauty,Hair Dryer,1,5000,0.1,4500.0,3500,USSD,Website,Cancelled,Delivered,12.0,4.0,No
CUST03576,ORD003576,PRD0017,2348053834128,Customer 3576,MALE,36-45,Port Harcourt,South South,Regular,2025-05-19,Fashion,Shirt,2,10000,0.1,18000.0,2500,bank transfer,Marketplace,pending,Delayed,9.0,,
CUST03577,ORD003577,PRD0016,2348041128342,Customer 3577,Male,26-35,Port Harcourt,South South,Premium,2024-08-09,Beauty,Perfume,2,25000,0.2,40000.0,1000,USSD,,,In Transit,12.0,5.0,
CUST03578,ORD003578,PRD0014,2348076781192,Customer 3578,Female,36-45,Kano,North West,Occasional,2026-07-09,Electronics,Smartphone,4,3500,0.15,11900.0,3500,Wallet,Store,Completed,In Transit,6.0,4.0,No
CUST03579,ORD003579,PRD0028,2348093190440,Customer 3579,,26-35,Kaduna,North West,Occasional,2024-04-27,Home & Kitchen,Cookware Set,1,7500,0.0,7500.0,0,CARD,Store,Completed,,9.0,5.0,Yes
CUST03580,ORD003580,PRD0023,2348052762346,Customer 3580,FEMALE,26-35,Lagos,South West,Occasional,2026-02-17,Beauty,Hair Dryer,4,40000,0.0,160000.0,1500,Wallet,,Cancelled,Delivered,12.0,5.0,yes
CUST03581,ORD003581,PRD0019,2348042493824,Customer 3581,Male,46-60,Port Harcourt,South South,Premium,2025-07-25,Sports,Gym Bag,5,15000,0.05,71250.0,1500,Wallet,Store,Cancelled,Delivered,6.0,5.0,No
CUST03582,ORD003582,PRD0005,2348078049126,Customer 3582,Female,,Enugu,South East,Occasional,2024-06-21,Fashion,Shirt,5,7500,0.1,33750.0,2500,bank transfer,Instagram,completed,,4.0,4.0,No
CUST03583,ORD003583,PRD0017,2348074755786,Customer 3583,,18-25,Lagos,South West,Regular,2026-03-29,Electronics,Smart TV,3,10000,0.0,30000.0,1500,Card,Store,Pending,DELIVERED,10.0,4.0,yes
CUST03584,ORD003584,PRD0007,2348035505194,Customer 3584,Female,46-60,Kaduna,North West,,2026-05-10,Electronics,Laptop,5,7500,0.2,30000.0,1000,Card,Marketplace,Completed,Delivered,3.0,4.0,Yes
CUST03585,ORD003585,PRD0024,2348062810040,Customer 3585,,36-45,Port Harcourt,South South,Regular,2025-08-24,Fashion,Shirt,5,25000,0.1,112500.0,2500,Cash on Delivery,Mobile App,Completed,,5.0,5.0,No
CUST03586,ORD003586,PRD0003,2348051152877,Customer 3586,Male,18-25,Enugu,South East,Occasional,2024-01-16,Groceries,Beverage Pack,5,7500,0.2,30000.0,1500,Cash on Delivery,Store,pending,delivered,2.0,,No
CUST03587,ORD003587,PRD0024,2348056498171,Customer 3587,Female,36-45,Port Harcourt,South South,Business,2025-07-06,Fashion,Jeans,4,5000,0.2,16000.0,0,Card,Website,Completed,Returned,,5.0,Yes
CUST03588,ORD003588,PRD0020,2348047051345,Customer 3588,F,46-60,Lagos,South West,Regular,2025-07-10,Home & Kitchen,Blender,1,7500,0.05,7125.0,1500,Cash on Delivery,Store,Completed,Returned,8.0,5.0,
CUST03589,ORD003589,PRD0018,2348037592709,Customer 3589, f ,60+,Kano,North West,REGULAR,2025-12-25,Beauty,Makeup Kit,1,10000,0.0,10000.0,1500,Cash on Delivery,Mobile App,Cancelled,delivered,5.0,2.0,No
CUST03590,ORD003590,PRD0015,2348019659407,Customer 3590,M,60+,Kaduna,North West,Occasional,2026-06-30,Electronics,Laptop,3,10000,0.15,25500.0,3500,Card,Instagram,COMPLETED,DELIVERED,11.0,4.0,No
CUST03591,ORD003591,PRD0021,2348078982953,Customer 3591,F,36-45,Abuja,North Central,Occasional,2026-05-30,Groceries,Beverage Pack,3,10000,0.15,25500.0,1000,Cash on Delivery,Instagram,Cancelled,Returned,10.0,4.0,Yes
CUST03592,ORD003592,PRD0012,2348055259847,Customer 3592,Female,18-25,Enugu,South East,Business,2024-09-04,Electronics,Wireless Earbuds,3,3500,0.0,10500.0,1000,Wallet,Website,Completed,In Transit,,,yes
CUST03593,ORD003593,PRD0027,2348066945654,Customer 3593,FEMALE,,Ibadan,South West,Premium,2026-02-16,Groceries,Cooking Oil,1,7500,0.05,7125.0,1000,Bank Transfer,Website,Cancelled,In Transit,9.0,5.0,
CUST03594,ORD003594,PRD0005,2348092906912,Customer 3594,,60+,Lagos,South West,,2024-06-14,Groceries,Beverage Pack,5,15000,0.15,63750.0,2500,bank transfer,website,Completed,In Transit,2.0,,No
CUST03595,ORD003595,PRD0028,2348091765883,Customer 3595,,26-35,Benin City,South South,Regular,2026-04-29,Beauty,Perfume,4,7500,0.0,30000.0,0,Bank Transfer,Marketplace,Completed,,13.0,5.0,Yes
CUST03596,ORD003596,PRD0014,2348099315174,Customer 3596,Male,18-25,Kano,North West,,2024-10-18,Groceries,Rice,4,75000,0.15,255000.0,2500,Bank Transfer,website,Returned,Delivered,,3.0,No
CUST03597,ORD003597,PRD0019,2348087339437,Customer 3597,M,26-35,Benin City,South South,Regular,2024-01-18,Electronics,Smartphone,1,15000,0.2,12000.0,1500,bank transfer,Instagram,completed,delivered,10.0,4.0,
CUST03598,ORD003598,PRD0027,2348056017738,Customer 3598,FEMALE,36-45,Ibadan,South West,Business,2025-04-23,Fashion,Shirt,3,10000,0.1,27000.0,3500,CARD,Marketplace,Completed,In Transit,,4.0,
CUST03599,ORD003599,PRD0027,2348067706988,Customer 3599,Male,26-35,Abuja,North Central,Occasional,2024-12-21,Electronics,Laptop,3,25000,0.2,60000.0,3500,USSD,Instagram,,delivered,3.0,,NO
CUST03600,ORD003600,PRD0001,2348063379315, Customer 3600 ,M,46-60,Ibadan,South West,Premium,2025-02-18,Home & Kitchen,Vacuum Cleaner,1,40000,0.1,36000.0,1000,Cash on Delivery,Store,Pending,Delivered,12.0,5.0,
CUST03601,ORD003601,PRD0023,2348079496430,Customer 3601,,,Kaduna,North West,,2025-09-26,Sports,Gym Bag,1,15000,0.1,13500.0,0,Wallet,Marketplace,pending,Delayed,1.0,5.0,yes
CUST03602,ORD003602,PRD0013,2348049095841,Customer 3602,Male,26-35,Kaduna,North West,Premium,2025-10-30,Home & Kitchen,Cookware Set,3,75000,0.0,225000.0,1500,Cash on Delivery,Instagram,,In Transit,,4.0,Yes
CUST03603,ORD003603,PRD0005,2348091375656,Customer 3603,Female,36-45,Kano,North West,Regular,2026-04-14,Electronics,Wireless Earbuds,3,75000,0.0,225000.0,1500,,Mobile App,pending,Delivered,3.0,,NO
CUST03604,ORD003604,PRD0009,2348050179230,Customer 3604,,46-60,Ibadan,South West,Regular,2024-01-05,Beauty,Hair Dryer,1,15000,0.2,12000.0,0,Wallet,Marketplace,Completed,DELIVERED,6.0,5.0,Yes
CUST03605,ORD003605,PRD0025,2348047947877,Customer 3605,male,18-25,Kano,North West,Premium,2024-02-07,Groceries,Cooking Oil,2,5000,0.2,8000.0,0,CARD,Instagram,Cancelled,delivered,5.0,4.0,yes
CUST03606,ORD003606,PRD0004,2348029186018,Customer 3606,Female,36-45,Ibadan,South West,Business,2026-06-10,Sports,Gym Bag,2,5000,0.2,8000.0,0,Card,Mobile App,COMPLETED,Delayed,5.0,5.0,No
CUST03607,ORD003607,PRD0021,2348064479443,Customer 3607,MALE,60+,Kano,North West,Regular,2024-04-07,Fashion,Handbag,2,25000,0.2,40000.0,3500,Bank Transfer,Marketplace,cancelled,In Transit,5.0,5.0,NO
CUST03608,ORD003608,PRD0025,2348044367857,Customer 3608, f ,26-35,Port Harcourt,South South,Occasional,2024-03-15,Groceries,Cooking Oil,1,25000,0.2,20000.0,2500,,Store,Completed,delivered,7.0,4.0,Yes
CUST03609,ORD003609,PRD0015,2348020498462,Customer 3609,F,60+,Kaduna,North West,Business,2024-02-11,Fashion,Sneakers,5,7500,0.1,33750.0,2500,Bank Transfer,,completed,Delivered,10.0,5.0,No
CUST03610,ORD003610,PRD0017,2348034409616,Customer 3610,,60+,Kaduna,North West,Occasional,2025-01-10,Fashion,Jeans,1,7500,0.05,7125.0,2500,,Website,,delivered,11.0,1.0,yes
CUST03611,ORD003611,PRD0002,2348016346989,Customer 3611,Male,46-60,Lagos,South West,Premium,2025-05-18,Beauty,Hair Dryer,3,75000,0.1,202500.0,0,CARD,Mobile App,Cancelled,DELIVERED,1.0,5.0,Yes
CUST03612,ORD003612,PRD0009,2348054805536,Customer 3612,Female,,Ibadan,South West,premium ,2024-12-28,Beauty,Skincare Set,3,15000,0.2,36000.0,0,Cash on Delivery,Website,completed,Returned,11.0,,yes
CUST03613,ORD003613,PRD0008,2348074643456,Customer 3613,Male,36-45,Enugu,South East,Regular,2024-01-16,Beauty,Perfume,2,5000,0.15,8500.0,1000,Bank Transfer,Website,Cancelled,Delayed,14.0,5.0,No
CUST03614,ORD003614,PRD0005,2348091614799,Customer 3614,Female,36-45,Kaduna,North West,Occasional,2024-06-28,Electronics,Smartphone,5,3500,0.1,15750.0,3500,CARD,Mobile App,Cancelled,DELIVERED,12.0,4.0,NO
CUST03615,ORD003615,PRD0016,2348062028057,Customer 3615,Female,18-25,Abuja,North Central,Occasional,2026-03-24,Beauty,Skincare Set,3,25000,0.05,71250.0,1000,Bank Transfer,Instagram,Cancelled,DELIVERED,8.0,4.0,
CUST03616,ORD003616,PRD0016,2348032360353,Customer 3616,MALE,18-25,Port Harcourt,South South,Occasional,2026-06-27,Home & Kitchen,Air Fryer,5,120000,0.1,540000.0,2500,bank transfer,Website,,Delivered,8.0,3.0,No
CUST03617,ORD003617,PRD0030,2348061659522,Customer 3617,Female,36-45,Abuja,North Central,Business,2024-06-29,Beauty,Makeup Kit,3,7500,0.05,21375.0,1500,Bank Transfer,,Completed,Delivered,,5.0,NO
CUST03618,ORD003618,PRD0006,2348076476472,Customer 3618,Female,18-25,Abuja,North Central,Regular,2026-03-19,Home & Kitchen,Vacuum Cleaner,2,7500,0.05,14250.0,3500,Card,website,completed,,11.0,3.0,No
CUST03619,ORD003619,PRD0016,2348036558983,Customer 3619,,46-60,Abuja,North Central,Premium,2025-10-11,Groceries,Beverage Pack,4,5000,0.0,20000.0,1000,USSD,Store,Pending,In Transit,6.0,,Yes
CUST03620,ORD003620,PRD0011,2348035509149,Customer 3620,F,26-35,Abuja,North Central,Business,2024-09-05,Electronics,Smart TV,5,75000,0.2,300000.0,3500,USSD,Website,,Returned,4.0,4.0,No
CUST03621,ORD003621,PRD0016,2348043446813,Customer 3621,F,60+,Kano,North West,Regular,2024-04-01,Groceries,Cooking Oil,2,40000,0.0,80000.0,0,USSD,Store,Completed,Delivered,14.0,1.0,
CUST03622,ORD003622,PRD0005,2348018185328,Customer 3622,,60+,Ibadan,South West,Occasional,2024-07-16,Electronics,Smart TV,1,25000,0.2,20000.0,0,Bank Transfer,Instagram,Cancelled,Delivered,1.0,5.0,Yes
CUST03623,ORD003623,PRD0030,2348066755755,Customer 3623, m ,60+,Lagos,South West,,2025-02-02,Fashion,Sneakers,2,40000,0.1,72000.0,1000,Wallet,Website,Pending,In Transit,1.0,,
CUST03624,ORD003624,PRD0019,2348085811880,Customer 3624,MALE,26-35,Kaduna,North West,Occasional,2024-02-05,Beauty,Makeup Kit,3,75000,0.1,202500.0,1500,,Mobile App,cancelled,Returned,4.0,5.0,Yes
CUST03625,ORD003625,PRD0029,2348075796310, Customer 3625 ,MALE,18-25,Port Harcourt,South South,Regular,2025-09-16,Beauty,Hair Dryer,1,15000,0.15,12750.0,1500,CARD,Mobile App,Completed,Delivered,10.0,4.0,No
CUST03626,ORD003626,PRD0005,2348078460311,Customer 3626,female,18-25,Enugu,South East,Occasional,2024-09-25,Electronics,Wireless Earbuds,5,7500,0.15,31875.0,1500,Card,Store,Completed,Returned,2.0,3.0,No
CUST03627,ORD003627,PRD0019,2348016412124,Customer 3627,Female,,Abuja,North Central,Occasional,2024-05-12,Beauty,Perfume,3,7500,0.0,22500.0,2500,Card,Mobile App,,In Transit,8.0,,
CUST03628,ORD003628,PRD0009,2348033809429,Customer 3628,F,,Lagos,South West,Regular,2025-10-09,Sports,Running Shoes,2,75000,0.05,142500.0,0,Bank Transfer,website,,Delivered,10.0,3.0,yes
CUST03629,ORD003629,PRD0019,2348067117920,Customer 3629,,26-35,Abuja,North Central,Regular,2025-11-18,Fashion,Sneakers,3,40000,0.05,114000.0,2500,Wallet,mobile app,Pending,Returned,7.0,5.0,yes
CUST03630,ORD003630,PRD0018,2348036961821,Customer 3630, m ,46-60,Lagos,South West,Business,2024-05-08,Sports,Football,1,7500,0.05,7125.0,0,bank transfer,Instagram,Pending,,11.0,,No
CUST03631,ORD003631,PRD0017,2348058049282,Customer 3631,Female,60+,Kaduna,North West,Regular,2025-04-26,Electronics,Smartphone,1,7500,0.0,7500.0,2500,Bank Transfer,Mobile App,Completed,DELIVERED,8.0,5.0,NO
CUST03632,ORD003632,PRD0017,2348079716939,Customer 3632,Male,26-35,Abuja,North Central,Regular,2024-11-04,Fashion,Sneakers,1,7500,0.0,7500.0,1000,bank transfer,Marketplace,COMPLETED,Delivered,3.0,5.0,No
CUST03633,ORD003633,PRD0027,2348086434959,Customer 3633,M,36-45,Enugu,South East,Regular,2024-09-27,Sports,Football,5,25000,0.1,112500.0,3500,,Mobile App,Cancelled,In Transit,,5.0,No
CUST03634,ORD003634,PRD0017,2348062618933,Customer 3634,Male,60+,Enugu,South East,Regular,2024-03-06,Beauty,Hair Dryer,1,40000,0.1,36000.0,2500,USSD,Website,Pending,Delivered,5.0,,NO
CUST03635,ORD003635,PRD0020,2348054293015,Customer 3635,Female,26-35,Abuja,North Central,Occasional,2026-05-24,Fashion,Handbag,2,10000,0.0,20000.0,0,Cash on Delivery,Website,Completed,,12.0,4.0,No
CUST03636,ORD003636,PRD0005,2348048183129,Customer 3636,Female,60+,Abuja,North Central,premium ,2024-06-10,Electronics,Wireless Earbuds,2,7500,0.15,12750.0,3500,Card,Website,,,4.0,3.0,
CUST03637,ORD003637,PRD0013,2348071731131,Customer 3637,F,26-35,Kaduna,North West,Occasional,2024-05-28,Groceries,Beverage Pack,3,10000,0.05,28500.0,1500,Cash on Delivery,Marketplace,Completed,,8.0,4.0,NO
CUST03638,ORD003638,PRD0011,2348060132097,Customer 3638,Female,60+,Kano,North West,Occasional,2024-11-04,Home & Kitchen,Blender,5,25000,0.05,118750.0,1000,Card,Website,pending,DELIVERED,10.0,4.0,NO
CUST03639,ORD003639,PRD0008,2348082748637,Customer 3639,,18-25,Lagos,South West,Regular,2025-12-06,Fashion,Jeans,3,25000,0.15,63750.0,1000,bank transfer,Website,Completed,Delayed,9.0,4.0,No
CUST03640,ORD003640,PRD0011,2348087792693,Customer 3640,,36-45,Port Harcourt,South South,Premium,2024-07-04,Fashion,Shirt,4,10000,0.0,40000.0,1000,bank transfer,,Completed,Delivered,6.0,,
CUST03641,ORD003641,PRD0026,2348039145179,Customer 3641,,,Kano,North West,Business,2026-05-06,Fashion,Shirt,1,7500,0.0,7500.0,1000,Bank Transfer,website,completed,,11.0,5.0,No
CUST03642,ORD003642,PRD0021,2348066702017,Customer 3642,Male,26-35,Ibadan,South West,,2024-06-20,Home & Kitchen,Air Fryer,3,25000,0.1,67500.0,2500,Cash on Delivery,Marketplace,completed,Delayed,6.0,3.0,Yes
CUST03643,ORD003643,PRD0019,2348048901993,Customer 3643,MALE,18-25,Kaduna,North West,Premium,2025-01-08,Fashion,Shirt,5,15000,0.0,75000.0,1000,Card,Instagram,Cancelled,In Transit,11.0,5.0,Yes
CUST03644,ORD003644,PRD0003,2348031288565,Customer 3644,,26-35,Enugu,South East,Business,2025-06-05,Beauty,Hair Dryer,3,7500,0.1,20250.0,1500,Card,Marketplace,Cancelled,,2.0,,
CUST03645,ORD003645,PRD0024,2348081179137,Customer 3645,Female,26-35,Kaduna,North West,Premium,2024-09-04,Electronics,Wireless Earbuds,1,3500,0.2,2800.0,3500,,Instagram,Pending,delivered,10.0,4.0,No
CUST03646,ORD003646,PRD0017,2348059891749,Customer 3646,Male,18-25,Kaduna,North West,Premium,2026-02-22,Sports,Yoga Mat,5,15000,0.1,67500.0,1500,USSD,Website,completed,Delayed,1.0,4.0,No
CUST03647,ORD003647,PRD0029,2348090597507,Customer 3647,Male,36-45,Ibadan,South West,Business,2025-03-13,Home & Kitchen,Air Fryer,3,75000,0.1,202500.0,1500,bank transfer,Website,completed,In Transit,12.0,4.0,Yes
CUST03648,ORD003648,PRD0023,2348030984241,Customer 3648,,36-45,Abuja,North Central,,2024-05-14,Sports,Yoga Mat,2,3500,0.1,6300.0,1000,Card,,COMPLETED,In Transit,5.0,5.0,No
CUST03649,ORD003649,PRD0018,2348099487626,Customer 3649,female,60+,Abuja,North Central,Occasional,2025-01-21,Beauty,Makeup Kit,3,40000,0.05,114000.0,0,Cash on Delivery,Store,completed,In Transit,14.0,3.0,
CUST03650,ORD003650,PRD0017,2348038204704, Customer 3650 ,FEMALE,,Kaduna,North West,Occasional,2024-01-16,Beauty,Hair Dryer,5,15000,0.1,67500.0,2500,,Website,completed,Delayed,2.0,4.0,Yes
CUST03651,ORD003651,PRD0006,2348027457330,Customer 3651,Male,26-35,Abuja,North Central,premium ,2025-07-17,Beauty,Makeup Kit,3,15000,0.1,40500.0,1500,USSD,Mobile App,Completed,,5.0,5.0,yes
CUST03652,ORD003652,PRD0030,2348085919578,Customer 3652,MALE,,Port Harcourt,South South,,2026-04-30,Beauty,Skincare Set,2,25000,0.15,42500.0,0,Bank Transfer,Mobile App,Pending,DELIVERED,4.0,3.0,
CUST03653,ORD003653,PRD0003,2348078713770,Customer 3653,MALE,46-60,Enugu,South East,Business,2024-06-01,Home & Kitchen,Air Fryer,4,75000,0.1,270000.0,1500,Card,Website,cancelled,DELIVERED,11.0,,yes
CUST03654,ORD003654,PRD0014,2348096010353,Customer 3654,M,,Kaduna,North West,Premium,2025-06-24,Sports,Running Shoes,3,7500,0.1,20250.0,1500,Cash on Delivery,Website,completed,,2.0,4.0,
CUST03655,ORD003655,PRD0019,2348049203753,Customer 3655,Female,36-45,Ibadan,South West,REGULAR,2025-04-08,Electronics,Laptop,4,3500,0.15,11900.0,1000,Card,Instagram,COMPLETED,Delayed,3.0,5.0,Yes
CUST03656,ORD003656,PRD0001,2348084921562,Customer 3656,Male,46-60,Kaduna,North West,Occasional,2024-01-22,Fashion,Shirt,5,15000,0.1,67500.0,2500,bank transfer,Website,cancelled,DELIVERED,9.0,5.0,
CUST03657,ORD003657,PRD0012,2348080056723,Customer 3657,,,Port Harcourt,South South,,2024-04-01,Groceries,Rice,1,75000,0.05,71250.0,2500,Card,Instagram,Returned,In Transit,7.0,5.0,NO
CUST03658,ORD003658,PRD0004,2348033737347,Customer 3658,Male,46-60,Lagos,South West,Business,2025-05-21,Home & Kitchen,Air Fryer,3,7500,0.0,22500.0,1000,Bank Transfer,Store,,Delayed,2.0,4.0,No
CUST03659,ORD003659,PRD0005,2348080457022,Customer 3659,M,,Kano,North West,premium ,2025-06-17,Home & Kitchen,Vacuum Cleaner,1,3500,0.1,3150.0,0,USSD,Store,Completed,DELIVERED,2.0,4.0,No
CUST03660,ORD003660,PRD0021,2348083170295,Customer 3660,F,46-60,Ibadan,South West,Business,2025-08-14,Groceries,Rice,1,120000,0.2,96000.0,3500,Card,Website,Cancelled,delivered,13.0,5.0,yes
CUST03661,ORD003661,PRD0020,2348033427397,Customer 3661,,46-60,Kano,North West,Premium,2024-05-11,Fashion,Sneakers,2,25000,0.05,47500.0,0,Wallet,Mobile App,Completed,In Transit,,1.0,No
CUST03662,ORD003662,PRD0030,2348051349736,Customer 3662,male,,Lagos,South West,Business,2024-09-29,Electronics,Smartphone,3,7500,0.05,21375.0,1000,Card,Mobile App,COMPLETED,Delivered,10.0,3.0,NO
CUST03663,ORD003663,PRD0009,2348053424269,Customer 3663,female,26-35,Enugu,South East,Regular,2024-09-27,Electronics,Wireless Earbuds,4,25000,0.1,90000.0,3500,USSD,Mobile App,pending,Delivered,6.0,4.0,NO
CUST03664,ORD003664,PRD0025,2348099312426,Customer 3664,Male,18-25,Kano,North West,Premium,2026-01-30,Beauty,Perfume,3,10000,0.2,24000.0,2500,Cash on Delivery,Marketplace,COMPLETED,,6.0,4.0,No
CUST03665,ORD003665,PRD0021,2348012204287,Customer 3665,Male,18-25,Port Harcourt,South South,Occasional,2026-08-03,Sports,Yoga Mat,4,15000,0.1,54000.0,3500,Card,Website,cancelled,DELIVERED,11.0,5.0,
CUST03666,ORD003666,PRD0024,2348087523089,Customer 3666,,36-45,Port Harcourt,South South,Regular,2025-11-03,Sports,Running Shoes,2,10000,0.1,18000.0,0,,Website,Returned,Delivered,1.0,2.0,yes
CUST03667,ORD003667,PRD0004,2348078253950,Customer 3667,FEMALE,36-45,Enugu,South East,Regular,2024-12-15,Sports,Yoga Mat,3,10000,0.05,28500.0,2500,Cash on Delivery,Mobile App,Completed,delivered,10.0,4.0,Yes
CUST03668,ORD003668,PRD0029,2348042752884,Customer 3668,Male,,Abuja,North Central,Regular,2026-03-09,Groceries,Rice,3,10000,0.0,30000.0,1500,Wallet,Store,,delivered,3.0,4.0,No
CUST03669,ORD003669,PRD0018,2348046988131,Customer 3669,,,Ibadan,South West,Business,2025-10-07,Beauty,Hair Dryer,5,75000,0.0,375000.0,2500,USSD,Store,Completed,Delivered,1.0,,
CUST03670,ORD003670,PRD0022,2348093092098,Customer 3670,female,18-25,Lagos,South West,premium ,2026-03-19,Groceries,Cooking Oil,5,40000,0.15,170000.0,2500,Bank Transfer,Mobile App,,Delivered,8.0,2.0,No
CUST03671,ORD003671,PRD0019,2348012416995,Customer 3671,Male,46-60,Ibadan,South West,Business,2025-06-11,Fashion,Jeans,1,3500,0.2,2800.0,1500,bank transfer,Store,Cancelled,Delivered,8.0,4.0,No
CUST03672,ORD003672,PRD0021,2348061378952,Customer 3672,M,18-25,Kaduna,North West,Regular,2025-11-04,Electronics,Wireless Earbuds,1,25000,0.2,20000.0,1000,Bank Transfer,Website,Pending,,1.0,4.0,NO
CUST03673,ORD003673,PRD0029,2348047901007,Customer 3673,Female,60+,Benin City,South South,Occasional,2024-02-25,Groceries,Rice,4,7500,0.1,27000.0,0,Bank Transfer,Marketplace,Cancelled,Delayed,9.0,5.0,NO
CUST03674,ORD003674,PRD0007,2348052076657,Customer 3674,Male,36-45,Kaduna,North West,Premium,2025-07-29,Electronics,Smart TV,5,7500,0.15,31875.0,0,,Website,Completed,Returned,11.0,4.0,yes
CUST03675,ORD003675,PRD0030,2348048262359, Customer 3675 ,Male,36-45,Lagos,South West,Premium,2025-07-09,Sports,Football,4,25000,0.1,90000.0,2500,USSD,Marketplace,,,1.0,3.0,
CUST03676,ORD003676,PRD0008,2348038444127,Customer 3676,F,18-25,Port Harcourt,South South,Regular,2026-08-10,Groceries,Beverage Pack,1,15000,0.05,14250.0,3500,Bank Transfer,,cancelled,,8.0,5.0,NO
CUST03677,ORD003677,PRD0006,2348019772613,Customer 3677,Male,26-35,Abuja,North Central,Regular,2025-06-19,Sports,Gym Bag,3,120000,0.1,324000.0,1000,bank transfer,,Returned,DELIVERED,10.0,5.0,No
CUST03678,ORD003678,PRD0015,2348049833633,Customer 3678,Female,,Benin City,South South,,2026-07-09,Home & Kitchen,Air Fryer,5,3500,0.05,16625.0,3500,,Marketplace,COMPLETED,,8.0,2.0,Yes
CUST03679,ORD003679,PRD0003,2348039217074,Customer 3679,,36-45,Enugu,South East,Business,2024-04-10,Groceries,Beverage Pack,4,3500,0.1,12600.0,1000,Cash on Delivery,Website,cancelled,Delayed,6.0,4.0,NO
CUST03680,ORD003680,PRD0013,2348095530425,Customer 3680,FEMALE,60+,Kano,North West,premium ,2025-08-03,Sports,Gym Bag,5,5000,0.05,23750.0,3500,USSD,Mobile App,Completed,In Transit,9.0,4.0,
CUST03681,ORD003681,PRD0018,2348015956523,Customer 3681,male,,Kano,North West,Regular,2026-01-09,Electronics,Laptop,2,10000,0.1,18000.0,1500,Bank Transfer,Instagram,COMPLETED,Delayed,12.0,4.0,NO
CUST03682,ORD003682,PRD0010,2348059777338,Customer 3682, m ,26-35,Port Harcourt,South South,,2024-02-11,Sports,Football,5,5000,0.05,23750.0,1500,Card,Store,Completed,Delivered,13.0,4.0,Yes
CUST03683,ORD003683,PRD0014,2348026763462,Customer 3683,,36-45,Lagos,South West,Regular,2025-01-06,Groceries,Beverage Pack,3,40000,0.05,114000.0,1500,CARD,Website,completed,Delayed,14.0,2.0,Yes
CUST03684,ORD003684,PRD0002,2348010907468,Customer 3684, m ,36-45,Port Harcourt,South South,Regular,2024-02-06,Fashion,Jeans,1,120000,0.05,114000.0,0,Bank Transfer,Instagram,,,3.0,4.0,No
CUST03685,ORD003685,PRD0020,2348034231436,Customer 3685, m ,26-35,Kano,North West,Occasional,2024-09-08,Electronics,Smart TV,1,120000,0.2,96000.0,1500,USSD,Website,,Delayed,6.0,3.0,
CUST03686,ORD003686,PRD0028,2348092667480,Customer 3686,F,,Abuja,North Central,Occasional,2024-04-12,Fashion,Sneakers,4,10000,0.05,38000.0,1000,Bank Transfer,Website,Cancelled,delivered,4.0,5.0,NO
CUST03687,ORD003687,PRD0006,2348026657062,Customer 3687,Female,46-60,Lagos,South West,Occasional,2025-10-20,Sports,Running Shoes,3,7500,0.15,19125.0,1500,USSD,Marketplace,cancelled,Delivered,,5.0,No
CUST03688,ORD003688,PRD0028,2348070617138,Customer 3688,Female,36-45,Kano,North West,Premium,2024-08-06,Fashion,Shirt,5,40000,0.15,170000.0,0,Wallet,Store,COMPLETED,DELIVERED,12.0,,yes
CUST03689,ORD003689,PRD0007,2348091401977,Customer 3689,Female,60+,Kaduna,North West,Premium,2025-03-11,Electronics,Laptop,4,7500,0.1,27000.0,2500,Wallet,Mobile App,cancelled,,14.0,,No
CUST03690,ORD003690,PRD0004,2348054951777,Customer 3690,,26-35,Abuja,North Central,Premium,2024-03-04,Electronics,Laptop,1,7500,0.2,6000.0,2500,CARD,Mobile App,Pending,,3.0,4.0,
CUST03691,ORD003691,PRD0006,2348025741979,Customer 3691,Male,36-45,Ibadan,South West,Premium,2024-02-29,Sports,Football,1,75000,0.15,63750.0,1000,Bank Transfer,,,Delivered,5.0,4.0,No
CUST03692,ORD003692,PRD0028,2348072039176,Customer 3692,Male,60+,Ibadan,South West,premium ,2025-06-22,Fashion,Shirt,2,40000,0.15,68000.0,1000,USSD,Mobile App,COMPLETED,Delivered,1.0,3.0,Yes
CUST03693,ORD003693,PRD0004,2348041804081,Customer 3693,,26-35,Kaduna,North West,Regular,2024-08-16,Sports,Running Shoes,4,120000,0.2,384000.0,2500,Wallet,Website,Pending,,10.0,5.0,
CUST03694,ORD003694,PRD0021,2348030931553,Customer 3694,MALE,,Ibadan,South West,Business,2025-10-29,Sports,Gym Bag,2,5000,0.15,8500.0,1500,Card,website,Completed,In Transit,8.0,4.0,No
CUST03695,ORD003695,PRD0023,2348073379311,Customer 3695,Female,26-35,Lagos,South West,Occasional,2024-11-22,Groceries,Cereal,4,25000,0.05,95000.0,1500,,Marketplace,pending,delivered,10.0,3.0,Yes
CUST03696,ORD003696,PRD0007,2348036888473,Customer 3696,Male,,Lagos,South West,Occasional,2025-07-12,Electronics,Wireless Earbuds,4,25000,0.1,90000.0,2500,Bank Transfer,Instagram,Cancelled,,12.0,4.0,
CUST03697,ORD003697,PRD0023,2348029132890,Customer 3697,Female,,Kano,North West,Occasional,2025-06-04,Sports,Gym Bag,2,5000,0.05,9500.0,3500,USSD,website,Pending,Returned,13.0,,No
CUST03698,ORD003698,PRD0026,2348061569962,Customer 3698,Female,46-60,Benin City,South South,Regular,2024-02-25,Sports,Running Shoes,1,3500,0.0,3500.0,3500,,Website,Completed,Delivered,8.0,2.0,
CUST03699,ORD003699,PRD0013,2348044156051,Customer 3699,Female,36-45,Port Harcourt,South South,Premium,2026-08-27,Electronics,Wireless Earbuds,2,40000,0.2,64000.0,1500,Card,Website,Returned,,11.0,2.0,yes
CUST03700,ORD003700,PRD0030,2348052167695, Customer 3700 ,M,26-35,Abuja,North Central,Occasional,2025-01-22,Sports,Yoga Mat,4,120000,0.2,384000.0,0,USSD,Instagram,completed,,14.0,1.0,Yes
CUST03701,ORD003701,PRD0012,2348040483405,Customer 3701,F,60+,Kaduna,North West,premium ,2024-01-01,Groceries,Cereal,2,10000,0.2,16000.0,1000,,Website,Cancelled,Delivered,5.0,4.0,
CUST03702,ORD003702,PRD0026,2348016590250,Customer 3702,,26-35,Port Harcourt,South South,Occasional,2025-01-26,Electronics,Laptop,5,7500,0.15,31875.0,1500,Cash on Delivery,website,COMPLETED,,1.0,4.0,Yes
CUST03703,ORD003703,PRD0024,2348066398094,Customer 3703, f ,60+,Kaduna,North West,Business,2024-05-18,Electronics,Smart TV,1,3500,0.05,3325.0,1000,Card,Mobile App,Cancelled,In Transit,4.0,,Yes
CUST03704,ORD003704,PRD0009,2348074123413,Customer 3704,Male,46-60,Abuja,North Central,,2026-05-26,Electronics,Smartphone,5,3500,0.05,16625.0,0,Cash on Delivery,Mobile App,,In Transit,5.0,4.0,NO
CUST03705,ORD003705,PRD0020,2348042389825,Customer 3705,Female,60+,Enugu,South East,Business,2025-03-20,Groceries,Beverage Pack,4,10000,0.05,38000.0,1500,bank transfer,Store,Cancelled,Delivered,7.0,5.0,No
CUST03706,ORD003706,PRD0009,2348061047819,Customer 3706,M,60+,Ibadan,South West,Regular,2024-08-18,Groceries,Cereal,3,120000,0.1,324000.0,0,Bank Transfer,Store,COMPLETED,Delayed,5.0,4.0,No
CUST03707,ORD003707,PRD0021,2348070905479,Customer 3707, m ,46-60,Enugu,South East,Regular,2025-04-22,Electronics,Smart TV,4,40000,0.0,160000.0,1000,Bank Transfer,Website,cancelled,Delayed,11.0,4.0,yes
CUST03708,ORD003708,PRD0005,2348069947519,Customer 3708,Male,60+,Kano,North West,,2025-08-04,Home & Kitchen,Vacuum Cleaner,2,40000,0.1,72000.0,0,Wallet,Store,pending,,9.0,5.0,
CUST03709,ORD003709,PRD0004,2348026343282,Customer 3709,Female,46-60,Kaduna,North West,premium ,2025-08-12,Sports,Gym Bag,2,5000,0.2,8000.0,1000,USSD,Marketplace,Completed,Delivered,14.0,,No
CUST03710,ORD003710,PRD0015,2348097074137,Customer 3710,F,26-35,Ibadan,South West,Regular,2024-04-12,Sports,Running Shoes,1,120000,0.2,96000.0,1500,Wallet,website,Pending,,3.0,3.0,No
CUST03711,ORD003711,PRD0003,2348011898379,Customer 3711,F,46-60,Lagos,South West,Regular,2024-08-25,Beauty,Hair Dryer,5,40000,0.2,160000.0,3500,Wallet,Website,COMPLETED,In Transit,9.0,4.0,NO
CUST03712,ORD003712,PRD0013,2348094771552,Customer 3712,Male,46-60,Ibadan,South West,Regular,2026-07-20,Groceries,Cereal,1,15000,0.15,12750.0,2500,CARD,Website,cancelled,Delivered,11.0,2.0,Yes
CUST03713,ORD003713,PRD0006,2348012707377,Customer 3713,Male,36-45,Kano,North West,Regular,2024-08-31,Groceries,Cereal,5,10000,0.2,40000.0,1000,Bank Transfer,,completed,Delayed,7.0,4.0,No
CUST03714,ORD003714,PRD0008,2348012356759,Customer 3714,Male,,Lagos,South West,premium ,2025-08-17,Electronics,Smartphone,5,75000,0.1,337500.0,1000,Card,Store,Cancelled,,4.0,,NO
CUST03715,ORD003715,PRD0004,2348054080977,Customer 3715,Male,,Port Harcourt,South South,Regular,2024-08-03,Home & Kitchen,Air Fryer,4,25000,0.15,85000.0,2500,Card,Mobile App,Returned,,11.0,1.0,
CUST03716,ORD003716,PRD0025,2348011581593,Customer 3716,Male,60+,Benin City,South South,Premium,2025-06-28,Home & Kitchen,Cookware Set,3,10000,0.05,28500.0,3500,CARD,Marketplace,Completed,In Transit,9.0,5.0,Yes
CUST03717,ORD003717,PRD0009,2348039555862,Customer 3717, m ,,Kaduna,North West,Regular,2026-04-10,Home & Kitchen,Cookware Set,3,3500,0.05,9975.0,1500,Bank Transfer,Website,pending,Delivered,9.0,3.0,Yes
CUST03718,ORD003718,PRD0022,2348041219894,Customer 3718,Female,,Kano,North West,Business,2025-12-01,Beauty,Skincare Set,3,120000,0.15,306000.0,3500,,Marketplace,Pending,Delivered,10.0,5.0,yes
CUST03719,ORD003719,PRD0008,2348023298056,Customer 3719,male,36-45,Abuja,North Central,Regular,2025-08-23,Sports,Yoga Mat,3,75000,0.05,213750.0,1500,,mobile app,Completed,,4.0,5.0,Yes
CUST03720,ORD003720,PRD0020,2348080916517,Customer 3720,Male,46-60,Abuja,North Central,Occasional,2025-07-23,Beauty,Skincare Set,2,120000,0.15,204000.0,0,Bank Transfer,Website,Completed,delivered,1.0,,
CUST03721,ORD003721,PRD0025,2348090394961,Customer 3721,female,36-45,Kano,North West,,2025-12-08,Groceries,Cooking Oil,5,40000,0.05,190000.0,2500,Card,Website,completed,Delivered,4.0,,No
CUST03722,ORD003722,PRD0008,2348094570114,Customer 3722,M,36-45,Enugu,South East,Regular,2026-08-06,Home & Kitchen,Blender,3,5000,0.15,12750.0,2500,,Marketplace,Cancelled,Delayed,4.0,5.0,No
CUST03723,ORD003723,PRD0026,2348045050954,Customer 3723,,,Lagos,South West,Regular,2025-06-09,Sports,Running Shoes,4,7500,0.15,25500.0,0,Cash on Delivery,Store,pending,delivered,14.0,4.0,Yes
CUST03724,ORD003724,PRD0015,2348098357786,Customer 3724,,60+,Kaduna,North West,premium ,2024-12-03,Electronics,Laptop,5,5000,0.05,23750.0,1000,Cash on Delivery,Website,COMPLETED,Delivered,11.0,4.0,No
CUST03725,ORD003725,PRD0030,2348045001076, Customer 3725 ,Female,18-25,Kano,North West,Premium,2025-11-28,Electronics,Wireless Earbuds,3,75000,0.05,213750.0,1500,Card,Website,,Delayed,6.0,3.0,Yes
CUST03726,ORD003726,PRD0011,2348034211747,Customer 3726,,,Lagos,South West,Regular,2024-04-05,Beauty,Perfume,2,75000,0.2,120000.0,1000,Card,Store,,In Transit,13.0,3.0,Yes
CUST03727,ORD003727,PRD0029,2348022581829,Customer 3727,F,18-25,Kano,North West,Premium,2026-01-17,Fashion,Handbag,4,40000,0.0,160000.0,0,Wallet,Instagram,Cancelled,Delivered,9.0,,No
CUST03728,ORD003728,PRD0007,2348012963616,Customer 3728,male,46-60,Abuja,North Central,Business,2024-05-13,Fashion,Jeans,4,25000,0.15,85000.0,2500,CARD,Marketplace,Completed,In Transit,,,Yes
CUST03729,ORD003729,PRD0004,2348094313735,Customer 3729,F,36-45,Benin City,South South,Business,2025-12-09,Home & Kitchen,Cookware Set,4,40000,0.2,128000.0,1500,Cash on Delivery,Website,Pending,,8.0,5.0,
CUST03730,ORD003730,PRD0006,2348027527827,Customer 3730,female,,Ibadan,South West,Regular,2025-07-17,Home & Kitchen,Air Fryer,1,75000,0.1,67500.0,1000,bank transfer,Marketplace,,delivered,9.0,5.0,
CUST03731,ORD003731,PRD0010,2348034171640,Customer 3731,Male,60+,Ibadan,South West,Regular,2024-06-29,Fashion,Handbag,5,120000,0.15,510000.0,0,Bank Transfer,Website,,In Transit,2.0,,yes
CUST03732,ORD003732,PRD0028,2348051732584,Customer 3732,M,60+,Lagos,South West,premium ,2024-05-18,Beauty,Hair Dryer,5,10000,0.2,40000.0,1500,Cash on Delivery,website,,Delayed,11.0,2.0,No
CUST03733,ORD003733,PRD0010,2348037766414,Customer 3733,F,46-60,Benin City,South South,Regular,2025-11-02,Sports,Yoga Mat,4,120000,0.2,384000.0,1000,Cash on Delivery,Mobile App,Pending,In Transit,13.0,2.0,No
CUST03734,ORD003734,PRD0026,2348041818430,Customer 3734,Female,,Abuja,North Central,Business,2024-02-04,Electronics,Laptop,3,5000,0.15,12750.0,0,Bank Transfer,,cancelled,In Transit,1.0,2.0,NO
CUST03735,ORD003735,PRD0015,2348054473386,Customer 3735,Female,36-45,Lagos,South West,,2026-08-06,Sports,Football,4,40000,0.0,160000.0,0,Card,Instagram,Returned,In Transit,11.0,2.0,yes
CUST03736,ORD003736,PRD0027,2348032914741,Customer 3736,Female,26-35,Benin City,South South,Regular,2025-04-02,Electronics,Smart TV,2,120000,0.2,192000.0,1500,CARD,,Completed,Delayed,8.0,2.0,Yes
CUST03737,ORD003737,PRD0016,2348073273941,Customer 3737,Male,18-25,Benin City,South South,Regular,2026-03-09,Electronics,Wireless Earbuds,2,5000,0.1,9000.0,0,Cash on Delivery,Store,cancelled,Returned,,1.0,
CUST03738,ORD003738,PRD0018,2348036490112,Customer 3738,,26-35,Abuja,North Central,Premium,2024-04-17,Sports,Football,1,10000,0.15,8500.0,1500,Card,Store,,,,4.0,NO
CUST03739,ORD003739,PRD0015,2348099299086,Customer 3739,Female,26-35,Kaduna,North West,premium ,2025-03-05,Sports,Gym Bag,2,5000,0.05,9500.0,1500,Bank Transfer,Mobile App,,Delivered,6.0,2.0,NO
CUST03740,ORD003740,PRD0011,2348068766970,Customer 3740,Male,60+,Port Harcourt,South South,Regular,2024-11-25,Home & Kitchen,Vacuum Cleaner,4,25000,0.15,85000.0,3500,Card,Marketplace,COMPLETED,,7.0,4.0,
CUST03741,ORD003741,PRD0004,2348051968958,Customer 3741,Female,36-45,Enugu,South East,Business,2024-10-04,Home & Kitchen,Blender,4,40000,0.2,128000.0,2500,USSD,Website,Completed,,5.0,3.0,Yes
CUST03742,ORD003742,PRD0010,2348083430407,Customer 3742,Female,26-35,Port Harcourt,South South,Occasional,2025-09-13,Electronics,Smart TV,5,15000,0.0,75000.0,1000,USSD,Website,Pending,Delivered,12.0,3.0,yes
CUST03743,ORD003743,PRD0022,2348056198041,Customer 3743,Female,60+,Port Harcourt,South South,Regular,2026-02-20,Sports,Football,5,25000,0.05,118750.0,1000,,Store,pending,Delayed,14.0,,Yes
CUST03744,ORD003744,PRD0029,2348010488465,Customer 3744,Female,46-60,Benin City,South South,premium ,2024-06-17,Beauty,Makeup Kit,1,3500,0.1,3150.0,0,CARD,,Cancelled,Returned,13.0,4.0,
CUST03745,ORD003745,PRD0012,2348057046126,Customer 3745,F,60+,Ibadan,South West,Occasional,2026-07-22,Beauty,Perfume,1,120000,0.2,96000.0,1000,Bank Transfer,Marketplace,Completed,Returned,11.0,3.0,Yes
CUST03746,ORD003746,PRD0006,2348077797684,Customer 3746,Male,26-35,Kano,North West,Premium,2026-06-09,Groceries,Beverage Pack,4,25000,0.1,90000.0,3500,Wallet,website,Completed,Returned,2.0,4.0,
CUST03747,ORD003747,PRD0020,2348039417115,Customer 3747,Female,,Enugu,South East,Regular,2026-07-31,Fashion,Handbag,3,7500,0.0,22500.0,0,Wallet,Marketplace,Completed,Delivered,,1.0,Yes
CUST03748,ORD003748,PRD0014,2348014791109,Customer 3748,male,26-35,Abuja,North Central,Regular,2024-07-28,Home & Kitchen,Cookware Set,2,120000,0.1,216000.0,0,Card,Website,COMPLETED,delivered,14.0,4.0,No
CUST03749,ORD003749,PRD0003,2348041797231,Customer 3749,Female,26-35,Port Harcourt,South South,Premium,2025-05-12,Sports,Gym Bag,5,10000,0.15,42500.0,2500,Wallet,Instagram,Completed,Delayed,11.0,5.0,No
CUST03750,ORD003750,PRD0009,2348040353136, Customer 3750 ,Male,36-45,Kaduna,North West,Regular,2024-05-12,Fashion,Jeans,5,120000,0.0,600000.0,1500,CARD,Website,Cancelled,In Transit,7.0,5.0,
CUST03751,ORD003751,PRD0021,2348048376513,Customer 3751,,26-35,Enugu,South East,Regular,2025-08-19,Groceries,Cooking Oil,1,3500,0.05,3325.0,3500,Cash on Delivery,Mobile App,pending,DELIVERED,6.0,4.0,No
CUST03752,ORD003752,PRD0025,2348023157868,Customer 3752,Male,46-60,Lagos,South West,,2024-10-06,Sports,Yoga Mat,2,25000,0.1,45000.0,1000,Wallet,Mobile App,,Delayed,6.0,,Yes
CUST03753,ORD003753,PRD0004,2348038446522,Customer 3753,Female,18-25,Abuja,North Central,Regular,2024-06-04,Sports,Running Shoes,2,10000,0.05,19000.0,2500,Bank Transfer,Website,,Delivered,,5.0,No
CUST03754,ORD003754,PRD0007,2348021076772,Customer 3754, m ,18-25,Benin City,South South,premium ,2025-12-17,Groceries,Cooking Oil,5,3500,0.1,15750.0,1500,Card,,Completed,In Transit,10.0,4.0,Yes
CUST03755,ORD003755,PRD0030,2348018893754,Customer 3755,Female,60+,Lagos,South West,Occasional,2026-07-01,Fashion,Shirt,5,120000,0.2,480000.0,2500,USSD,website,COMPLETED,DELIVERED,13.0,4.0,No
CUST03756,ORD003756,PRD0015,2348020035079,Customer 3756, m ,,Kano,North West,Regular,2025-09-21,Beauty,Hair Dryer,2,25000,0.05,47500.0,2500,CARD,,Completed,,12.0,4.0,NO
CUST03757,ORD003757,PRD0023,2348069567597,Customer 3757,M,26-35,Enugu,South East,Occasional,2025-03-11,Groceries,Beverage Pack,5,7500,0.15,31875.0,0,Cash on Delivery,Website,Completed,Delivered,5.0,2.0,No
CUST03758,ORD003758,PRD0028,2348010827113,Customer 3758,Male,18-25,Benin City,South South,premium ,2025-03-18,Beauty,Makeup Kit,5,120000,0.1,540000.0,1500,bank transfer,Store,,Delayed,,5.0,
CUST03759,ORD003759,PRD0007,2348022555678,Customer 3759,,46-60,Kaduna,North West,Premium,2024-06-14,Fashion,Handbag,3,15000,0.2,36000.0,3500,Bank Transfer,website,Pending,Returned,5.0,,Yes
CUST03760,ORD003760,PRD0005,2348034547951,Customer 3760,F,36-45,Port Harcourt,South South,premium ,2025-05-21,Groceries,Rice,2,25000,0.05,47500.0,2500,Wallet,website,Cancelled,Returned,6.0,4.0,Yes
CUST03761,ORD003761,PRD0005,2348039872927,Customer 3761,,18-25,Benin City,South South,Premium,2026-03-03,Home & Kitchen,Air Fryer,2,5000,0.2,8000.0,1000,Card,mobile app,Completed,,14.0,3.0,NO
CUST03762,ORD003762,PRD0015,2348069851214,Customer 3762,M,46-60,Enugu,South East,Regular,2026-04-16,Sports,Football,3,75000,0.2,180000.0,1500,Card,,COMPLETED,,12.0,4.0,No
CUST03763,ORD003763,PRD0011,2348027600434,Customer 3763,Male,,Kano,North West,REGULAR,2026-04-17,Groceries,Beverage Pack,4,40000,0.0,160000.0,3500,Card,Store,,Delivered,13.0,1.0,
CUST03764,ORD003764,PRD0022,2348063344684,Customer 3764,Female,26-35,Lagos,South West,Occasional,2025-08-25,Beauty,Makeup Kit,4,7500,0.2,24000.0,0,,Marketplace,Cancelled,DELIVERED,14.0,4.0,No
CUST03765,ORD003765,PRD0024,2348025810178,Customer 3765,FEMALE,,Port Harcourt,South South,Premium,2024-09-04,Groceries,Cooking Oil,1,120000,0.1,108000.0,1000,Cash on Delivery,Marketplace,COMPLETED,,4.0,4.0,NO
CUST03766,ORD003766,PRD0022,2348039383826,Customer 3766,Male,36-45,Ibadan,South West,Regular,2024-09-11,Fashion,Shirt,5,5000,0.15,21250.0,1500,USSD,,Cancelled,,13.0,5.0,yes
CUST03767,ORD003767,PRD0013,2348028018453,Customer 3767,Male,36-45,Ibadan,South West,Business,2024-02-17,Fashion,Handbag,3,10000,0.05,28500.0,0,USSD,Website,Cancelled,Delivered,11.0,4.0,Yes
CUST03768,ORD003768,PRD0018,2348074011562,Customer 3768,Female,,Abuja,North Central,Regular,2026-01-04,Home & Kitchen,Air Fryer,1,25000,0.15,21250.0,1000,Bank Transfer,Mobile App,pending,,3.0,1.0,Yes
CUST03769,ORD003769,PRD0008,2348071287066,Customer 3769,Female,18-25,Kano,North West,Business,2026-03-10,Electronics,Smart TV,1,5000,0.1,4500.0,1500,Bank Transfer,Mobile App,cancelled,Delivered,13.0,4.0,yes
CUST03770,ORD003770,PRD0023,2348035777733,Customer 3770,,26-35,Benin City,South South,Premium,2026-01-01,Sports,Yoga Mat,1,40000,0.2,32000.0,2500,Cash on Delivery,Website,pending,delivered,11.0,4.0,No
CUST03771,ORD003771,PRD0011,2348089791018,Customer 3771,male,18-25,Benin City,South South,Occasional,2024-02-01,Beauty,Perfume,2,75000,0.15,127500.0,3500,CARD,Mobile App,,In Transit,13.0,4.0,No
CUST03772,ORD003772,PRD0019,2348047249799,Customer 3772,,36-45,Ibadan,South West,Regular,2025-06-30,Groceries,Beverage Pack,2,5000,0.0,10000.0,1500,Card,Store,Completed,Delivered,12.0,,No
CUST03773,ORD003773,PRD0001,2348064534593,Customer 3773,Male,26-35,Benin City,South South,REGULAR,2025-06-15,Beauty,Hair Dryer,1,75000,0.05,71250.0,1500,CARD,Mobile App,COMPLETED,Delivered,10.0,3.0,
CUST03774,ORD003774,PRD0003,2348030207252,Customer 3774,Male,,Ibadan,South West,Regular,2026-06-08,Beauty,Hair Dryer,4,5000,0.0,20000.0,2500,Cash on Delivery,Mobile App,completed,,9.0,3.0,No
CUST03775,ORD003775,PRD0016,2348066374512, Customer 3775 ,Female,60+,Enugu,South East,Occasional,2024-08-18,Electronics,Smartphone,4,25000,0.05,95000.0,1000,Cash on Delivery,mobile app,Cancelled,Delivered,10.0,5.0,yes
CUST03776,ORD003776,PRD0025,2348024283073,Customer 3776,MALE,,Port Harcourt,South South,,2026-04-17,Electronics,Laptop,1,5000,0.2,4000.0,0,USSD,,,Delivered,13.0,4.0,No
CUST03777,ORD003777,PRD0021,2348070835925,Customer 3777,Female,36-45,Benin City,South South,Premium,2026-02-20,Sports,Football,1,10000,0.1,9000.0,3500,Cash on Delivery,website,Completed,,5.0,5.0,yes
CUST03778,ORD003778,PRD0008,2348099048955,Customer 3778,Male,36-45,Enugu,South East,Occasional,2026-05-12,Home & Kitchen,Vacuum Cleaner,2,7500,0.1,13500.0,1500,USSD,Instagram,pending,delivered,12.0,2.0,No
CUST03779,ORD003779,PRD0006,2348020768165,Customer 3779,Female,60+,Kaduna,North West,Premium,2025-05-05,Fashion,Handbag,3,75000,0.15,191250.0,0,Bank Transfer,Website,pending,In Transit,14.0,2.0,NO
CUST03780,ORD003780,PRD0028,2348068629960,Customer 3780,,36-45,Enugu,South East,Premium,2026-02-01,Sports,Gym Bag,5,75000,0.15,318750.0,3500,bank transfer,website,Cancelled,Delivered,5.0,3.0,No
CUST03781,ORD003781,PRD0004,2348068216773,Customer 3781,F,26-35,Lagos,South West,Occasional,2024-08-01,Beauty,Hair Dryer,2,25000,0.0,50000.0,0,bank transfer,Website,,DELIVERED,8.0,5.0,Yes
CUST03782,ORD003782,PRD0023,2348021349641,Customer 3782,Female,18-25,Kano,North West,Occasional,2026-07-20,Electronics,Laptop,2,10000,0.15,17000.0,1000,Cash on Delivery,mobile app,,DELIVERED,3.0,4.0,No
CUST03783,ORD003783,PRD0017,2348049816760,Customer 3783,M,60+,Kaduna,North West,Regular,2025-05-28,Groceries,Cooking Oil,3,10000,0.1,27000.0,2500,,Store,Cancelled,Returned,3.0,4.0,Yes
CUST03784,ORD003784,PRD0030,2348042210700,Customer 3784,MALE,46-60,Lagos,South West,Regular,2024-04-12,Electronics,Smartphone,5,40000,0.05,190000.0,3500,bank transfer,Store,completed,Returned,14.0,3.0,No
CUST03785,ORD003785,PRD0013,2348042450600,Customer 3785,,26-35,Lagos,South West,Premium,2026-08-07,Home & Kitchen,Air Fryer,5,7500,0.05,35625.0,2500,,Mobile App,COMPLETED,In Transit,9.0,5.0,NO
CUST03786,ORD003786,PRD0005,2348065871707,Customer 3786,,46-60,Lagos,South West,Occasional,2024-08-22,Electronics,Smartphone,1,3500,0.15,2975.0,0,Card,Website,Cancelled,,7.0,4.0,Yes
CUST03787,ORD003787,PRD0001,2348037775368,Customer 3787,Male,,Benin City,South South,Premium,2024-01-05,Beauty,Perfume,3,7500,0.2,18000.0,2500,USSD,Instagram,Completed,In Transit,13.0,4.0,No
CUST03788,ORD003788,PRD0023,2348039888962,Customer 3788,Female,,Kaduna,North West,Regular,2026-07-23,Groceries,Cereal,1,120000,0.0,120000.0,0,Wallet,Store,Cancelled,Delayed,,,No
CUST03789,ORD003789,PRD0005,2348090658816,Customer 3789,,60+,Port Harcourt,South South,Premium,2026-01-13,Sports,Running Shoes,3,3500,0.2,8400.0,2500,Bank Transfer,Marketplace,cancelled,Delivered,6.0,5.0,No
CUST03790,ORD003790,PRD0005,2348031138186,Customer 3790,Female,36-45,Kaduna,North West,Regular,2024-07-03,Fashion,Shirt,2,5000,0.0,10000.0,2500,Cash on Delivery,mobile app,COMPLETED,delivered,5.0,2.0,
CUST03791,ORD003791,PRD0013,2348011780310,Customer 3791,Female,60+,Benin City,South South,premium ,2026-03-20,Home & Kitchen,Blender,4,25000,0.1,90000.0,0,Cash on Delivery,Website,cancelled,,,,Yes
CUST03792,ORD003792,PRD0026,2348097499673,Customer 3792,F,26-35,Kano,North West,Regular,2024-02-06,Fashion,Handbag,3,10000,0.1,27000.0,2500,bank transfer,,Pending,,12.0,4.0,No
CUST03793,ORD003793,PRD0003,2348073172319,Customer 3793,Male,,Lagos,South West,Premium,2025-08-25,Groceries,Cooking Oil,4,3500,0.1,12600.0,1000,Bank Transfer,Marketplace,Pending,Delivered,14.0,1.0,Yes
CUST03794,ORD003794,PRD0021,2348055850058,Customer 3794,FEMALE,46-60,Kano,North West,Premium,2024-06-25,Sports,Gym Bag,5,40000,0.2,160000.0,3500,Cash on Delivery,Store,Completed,,10.0,,No
CUST03795,ORD003795,PRD0022,2348021972923,Customer 3795,F,36-45,Enugu,South East,Occasional,2024-09-11,Electronics,Smart TV,3,5000,0.2,12000.0,1500,CARD,Marketplace,Cancelled,,14.0,4.0,No
CUST03796,ORD003796,PRD0001,2348053579449,Customer 3796,,60+,Ibadan,South West,Occasional,2024-11-02,Home & Kitchen,Cookware Set,5,15000,0.0,75000.0,1500,Wallet,Marketplace,cancelled,Delivered,4.0,4.0,
CUST03797,ORD003797,PRD0002,2348033517921,Customer 3797,Male,,Benin City,South South,Occasional,2025-01-31,Fashion,Jeans,3,3500,0.15,8925.0,3500,Wallet,Mobile App,COMPLETED,Delivered,2.0,3.0,Yes
CUST03798,ORD003798,PRD0015,2348090471515,Customer 3798,Male,60+,Ibadan,South West,Occasional,2024-03-17,Electronics,Smartphone,3,120000,0.05,342000.0,1500,Wallet,Store,pending,Delayed,10.0,5.0,No
CUST03799,ORD003799,PRD0016,2348035458026,Customer 3799,,,Enugu,South East,Regular,2025-10-03,Beauty,Makeup Kit,2,40000,0.0,80000.0,1500,Cash on Delivery,Mobile App,pending,,12.0,5.0,No
CUST03800,ORD003800,PRD0030,2348085100273, Customer 3800 ,male,60+,Ibadan,South West,premium ,2025-06-21,Sports,Gym Bag,2,120000,0.05,228000.0,3500,,Store,Completed,,13.0,4.0,No
CUST03801,ORD003801,PRD0014,2348072011597,Customer 3801,,26-35,Enugu,South East,Occasional,2025-01-14,Home & Kitchen,Blender,4,120000,0.1,432000.0,1000,Card,,Returned,Delivered,2.0,2.0,Yes
CUST03802,ORD003802,PRD0027,2348086713448,Customer 3802,Male,60+,Enugu,South East,,2025-12-09,Electronics,Smart TV,2,5000,0.15,8500.0,1000,Bank Transfer,Mobile App,cancelled,Delivered,12.0,4.0,yes
CUST03803,ORD003803,PRD0024,2348058714329,Customer 3803,,36-45,Ibadan,South West,Occasional,2024-12-20,Beauty,Hair Dryer,1,3500,0.2,2800.0,2500,Card,Website,Completed,In Transit,2.0,3.0,No
CUST03804,ORD003804,PRD0029,2348012444072,Customer 3804,M,36-45,Benin City,South South,Regular,2026-07-12,Fashion,Shirt,3,10000,0.05,28500.0,1000,Card,Mobile App,Cancelled,Delivered,,3.0,Yes
CUST03805,ORD003805,PRD0025,2348016593863,Customer 3805,M,46-60,Kano,North West,,2024-06-17,Electronics,Smart TV,1,25000,0.1,22500.0,0,Wallet,website,Completed,Delayed,,4.0,
CUST03806,ORD003806,PRD0029,2348035890241,Customer 3806,Female,18-25,Abuja,North Central,premium ,2024-09-26,Groceries,Cereal,1,7500,0.2,6000.0,1500,,,Completed,Delivered,12.0,5.0,NO
CUST03807,ORD003807,PRD0019,2348096510208,Customer 3807,,,Enugu,South East,Premium,2024-01-13,Home & Kitchen,Blender,3,25000,0.05,71250.0,2500,bank transfer,Mobile App,cancelled,delivered,1.0,3.0,NO
CUST03808,ORD003808,PRD0023,2348081835223,Customer 3808,Male,26-35,Ibadan,South West,Premium,2024-12-05,Beauty,Hair Dryer,2,75000,0.15,127500.0,0,Card,Mobile App,Completed,,8.0,4.0,No
CUST03809,ORD003809,PRD0001,2348028675812,Customer 3809,Male,,Kaduna,North West,Regular,2026-08-01,Electronics,Smartphone,2,75000,0.2,120000.0,2500,Card,Instagram,pending,Delivered,7.0,2.0,NO
CUST03810,ORD003810,PRD0006,2348095571614,Customer 3810,,60+,Benin City,South South,Occasional,2025-04-26,Fashion,Sneakers,3,75000,0.1,202500.0,3500,USSD,Website,COMPLETED,Returned,3.0,2.0,NO
CUST03811,ORD003811,PRD0027,2348077433288,Customer 3811,Male,,Benin City,South South,Business,2024-08-21,Groceries,Cooking Oil,2,15000,0.0,30000.0,0,Cash on Delivery,Website,Returned,In Transit,9.0,4.0,No
CUST03812,ORD003812,PRD0010,2348077967410,Customer 3812,female,60+,Kaduna,North West,REGULAR,2025-11-19,Beauty,Perfume,3,15000,0.15,38250.0,3500,Card,Mobile App,,Delayed,12.0,,No
CUST03813,ORD003813,PRD0014,2348092945659,Customer 3813, f ,36-45,Enugu,South East,premium ,2025-08-08,Electronics,Wireless Earbuds,1,7500,0.0,7500.0,1500,bank transfer,Marketplace,Pending,In Transit,5.0,5.0,NO
CUST03814,ORD003814,PRD0020,2348037601645,Customer 3814,Male,,Kano,North West,Regular,2025-07-29,Groceries,Rice,4,3500,0.2,11200.0,1000,CARD,Store,Completed,Delayed,6.0,4.0,Yes
CUST03815,ORD003815,PRD0002,2348099198855,Customer 3815,Female,46-60,Abuja,North Central,Regular,2024-09-22,Sports,Yoga Mat,4,25000,0.1,90000.0,0,Card,Website,COMPLETED,,2.0,5.0,No
CUST03816,ORD003816,PRD0013,2348090023791,Customer 3816,Female,26-35,Benin City,South South,premium ,2026-04-09,Home & Kitchen,Cookware Set,2,120000,0.05,228000.0,3500,USSD,mobile app,Pending,In Transit,11.0,5.0,
CUST03817,ORD003817,PRD0013,2348046846755,Customer 3817,FEMALE,,Abuja,North Central,Premium,2024-07-30,Home & Kitchen,Vacuum Cleaner,1,5000,0.15,4250.0,3500,Bank Transfer,Instagram,Returned,Delayed,,5.0,No
CUST03818,ORD003818,PRD0025,2348041709389,Customer 3818,,36-45,Enugu,South East,Premium,2024-06-14,Home & Kitchen,Vacuum Cleaner,2,5000,0.0,10000.0,1500,Card,Marketplace,cancelled,Delivered,3.0,5.0,No
CUST03819,ORD003819,PRD0009,2348047707673,Customer 3819,,26-35,Abuja,North Central,REGULAR,2025-03-27,Fashion,Shirt,4,3500,0.15,11900.0,3500,Cash on Delivery,Website,Pending,Delivered,12.0,4.0,Yes
CUST03820,ORD003820,PRD0002,2348043054702,Customer 3820,Female,36-45,Abuja,North Central,Business,2026-06-05,Sports,Yoga Mat,2,5000,0.15,8500.0,1500,Bank Transfer,website,Pending,,7.0,5.0,Yes
CUST03821,ORD003821,PRD0001,2348067992920,Customer 3821, f ,18-25,Benin City,South South,Premium,2025-07-03,Beauty,Makeup Kit,5,15000,0.2,60000.0,1500,,Mobile App,Completed,delivered,9.0,4.0,No
CUST03822,ORD003822,PRD0025,2348038725587,Customer 3822,MALE,46-60,Kano,North West,Regular,2025-11-20,Home & Kitchen,Blender,3,75000,0.1,202500.0,1500,,Instagram,completed,,10.0,5.0,No
CUST03823,ORD003823,PRD0020,2348094495961,Customer 3823,Male,60+,Kaduna,North West,Occasional,2024-12-31,Electronics,Smartphone,2,5000,0.05,9500.0,1500,CARD,Instagram,completed,In Transit,3.0,5.0,No
CUST03824,ORD003824,PRD0028,2348084324612,Customer 3824,,26-35,Enugu,South East,Occasional,2025-04-24,Electronics,Laptop,3,5000,0.2,12000.0,0,Wallet,,completed,In Transit,12.0,1.0,yes
CUST03825,ORD003825,PRD0024,2348042471468, Customer 3825 ,Male,36-45,Lagos,South West,Regular,2024-10-15,Electronics,Wireless Earbuds,3,75000,0.2,180000.0,1000,bank transfer,Store,Pending,Delivered,5.0,4.0,
CUST03826,ORD003826,PRD0005,2348021624878,Customer 3826,,46-60,Lagos,South West,Regular,2024-11-16,Electronics,Smartphone,2,75000,0.0,150000.0,1500,Bank Transfer,Instagram,Cancelled,,2.0,,NO
CUST03827,ORD003827,PRD0014,2348076817978,Customer 3827,Female,,Enugu,South East,Premium,2024-07-06,Home & Kitchen,Air Fryer,4,120000,0.2,384000.0,0,USSD,website,Completed,delivered,8.0,5.0,NO
CUST03828,ORD003828,PRD0007,2348046829916,Customer 3828,F,60+,Abuja,North Central,Premium,2025-06-04,Fashion,Handbag,2,5000,0.2,8000.0,1500,Bank Transfer,Marketplace,Completed,Delivered,8.0,4.0,No
CUST03829,ORD003829,PRD0014,2348085771780,Customer 3829,male,,Abuja,North Central,,2025-01-24,Home & Kitchen,Air Fryer,3,7500,0.15,19125.0,3500,USSD,Marketplace,COMPLETED,Delivered,13.0,1.0,
CUST03830,ORD003830,PRD0002,2348056134503,Customer 3830,Male,,Kaduna,North West,Regular,2024-07-13,Beauty,Makeup Kit,2,5000,0.15,8500.0,1500,Bank Transfer,Marketplace,Completed,In Transit,5.0,,NO
CUST03831,ORD003831,PRD0022,2348057717016,Customer 3831,M,46-60,Kaduna,North West,Regular,2024-10-22,Sports,Football,5,10000,0.15,42500.0,2500,USSD,Mobile App,,In Transit,14.0,5.0,
CUST03832,ORD003832,PRD0028,2348027983598,Customer 3832,,60+,Abuja,North Central,Premium,2025-05-11,Beauty,Perfume,1,5000,0.2,4000.0,1500,Card,website,completed,Returned,4.0,5.0,
CUST03833,ORD003833,PRD0006,2348021024195,Customer 3833,,46-60,Benin City,South South,Regular,2024-05-15,Electronics,Smart TV,2,120000,0.1,216000.0,1000,USSD,Mobile App,pending,Delayed,6.0,3.0,
CUST03834,ORD003834,PRD0022,2348086128868,Customer 3834, f ,46-60,Enugu,South East,Regular,2026-07-16,Fashion,Handbag,3,120000,0.15,306000.0,1000,Cash on Delivery,Marketplace,,Delayed,13.0,4.0,Yes
CUST03835,ORD003835,PRD0014,2348026112985,Customer 3835,Female,18-25,Enugu,South East,premium ,2026-04-07,Home & Kitchen,Air Fryer,5,10000,0.1,45000.0,3500,Wallet,Mobile App,Cancelled,Delivered,10.0,4.0,No
CUST03836,ORD003836,PRD0018,2348051074156,Customer 3836,Male,,Enugu,South East,Occasional,2024-08-02,Beauty,Makeup Kit,4,7500,0.15,25500.0,1500,USSD,Website,COMPLETED,Delayed,2.0,4.0,Yes
CUST03837,ORD003837,PRD0004,2348055294775,Customer 3837,Male,26-35,Kaduna,North West,Regular,2024-10-24,Electronics,Smart TV,3,5000,0.2,12000.0,3500,Bank Transfer,Mobile App,Pending,In Transit,9.0,,Yes
CUST03838,ORD003838,PRD0014,2348084885015,Customer 3838,F,18-25,Ibadan,South West,premium ,2026-08-20,Sports,Football,3,10000,0.2,24000.0,3500,CARD,Mobile App,pending,Delivered,13.0,1.0,No
CUST03839,ORD003839,PRD0027,2348014493207,Customer 3839,female,60+,Abuja,North Central,Occasional,2024-12-25,Sports,Running Shoes,4,40000,0.15,136000.0,1500,CARD,website,,DELIVERED,4.0,5.0,NO
CUST03840,ORD003840,PRD0023,2348056016391,Customer 3840,Female,36-45,Kaduna,North West,Occasional,2024-01-12,Groceries,Rice,5,3500,0.0,17500.0,1500,Bank Transfer,mobile app,COMPLETED,Delivered,12.0,,No
CUST03841,ORD003841,PRD0003,2348077191644,Customer 3841,Female,36-45,Kano,North West,Occasional,2024-10-26,Electronics,Smart TV,3,10000,0.15,25500.0,2500,Bank Transfer,Instagram,Pending,Returned,7.0,4.0,No
CUST03842,ORD003842,PRD0001,2348076266312,Customer 3842,Male,36-45,Abuja,North Central,Occasional,2024-03-29,Home & Kitchen,Air Fryer,2,75000,0.05,142500.0,0,USSD,Store,Completed,,3.0,5.0,Yes
CUST03843,ORD003843,PRD0003,2348030805460,Customer 3843,Female,26-35,Lagos,South West,Regular,2024-05-18,Sports,Football,3,5000,0.15,12750.0,2500,Bank Transfer,Store,Completed,Delivered,14.0,5.0,No
CUST03844,ORD003844,PRD0030,2348075753177,Customer 3844,male,18-25,Port Harcourt,South South,Premium,2024-05-28,Fashion,Sneakers,3,3500,0.15,8925.0,2500,Card,Marketplace,Completed,Delivered,2.0,5.0,yes
CUST03845,ORD003845,PRD0025,2348020383860,Customer 3845,male,46-60,Kaduna,North West,Occasional,2025-06-27,Sports,Yoga Mat,1,10000,0.15,8500.0,2500,USSD,Website,,delivered,,2.0,
CUST03846,ORD003846,PRD0023,2348072094014,Customer 3846,M,18-25,Kaduna,North West,premium ,2025-08-12,Beauty,Hair Dryer,5,3500,0.05,16625.0,0,Bank Transfer,Store,COMPLETED,Returned,2.0,4.0,NO
CUST03847,ORD003847,PRD0002,2348091056757,Customer 3847,FEMALE,26-35,Kano,North West,Regular,2024-07-30,Fashion,Jeans,5,10000,0.1,45000.0,3500,bank transfer,Instagram,Returned,DELIVERED,4.0,4.0,No
CUST03848,ORD003848,PRD0014,2348074776479,Customer 3848,Female,,Port Harcourt,South South,premium ,2026-08-11,Electronics,Smartphone,5,25000,0.2,100000.0,3500,,,Cancelled,Returned,5.0,4.0,Yes
CUST03849,ORD003849,PRD0014,2348030270295,Customer 3849,female,18-25,Kaduna,North West,premium ,2025-08-17,Beauty,Perfume,5,5000,0.2,20000.0,0,Card,Marketplace,Cancelled,Delivered,1.0,5.0,No
CUST03850,ORD003850,PRD0026,2348083244891, Customer 3850 ,M,18-25,Lagos,South West,Premium,2024-04-06,Electronics,Smartphone,1,40000,0.0,40000.0,1500,Card,Store,completed,Delayed,11.0,3.0,yes
CUST03851,ORD003851,PRD0012,2348023739456,Customer 3851,,36-45,Lagos,South West,premium ,2026-02-20,Groceries,Rice,1,15000,0.15,12750.0,1000,Card,Mobile App,Completed,Returned,4.0,4.0,
CUST03852,ORD003852,PRD0007,2348031863150,Customer 3852,Male,18-25,Kano,North West,Premium,2025-06-29,Beauty,Hair Dryer,2,120000,0.05,228000.0,3500,Card,Store,COMPLETED,Returned,1.0,4.0,NO
CUST03853,ORD003853,PRD0030,2348021547277,Customer 3853,Male,60+,Enugu,South East,premium ,2025-01-13,Electronics,Smartphone,2,120000,0.15,204000.0,3500,Wallet,Store,Pending,Delivered,14.0,4.0,No
CUST03854,ORD003854,PRD0021,2348093962666,Customer 3854,Male,18-25,Benin City,South South,Regular,2025-03-27,Electronics,Laptop,1,120000,0.15,102000.0,3500,Card,Store,cancelled,DELIVERED,5.0,3.0,No
CUST03855,ORD003855,PRD0022,2348023342217,Customer 3855,Male,18-25,Lagos,South West,Premium,2024-10-06,Fashion,Jeans,2,7500,0.05,14250.0,2500,USSD,Website,COMPLETED,In Transit,,5.0,No
CUST03856,ORD003856,PRD0001,2348049977852,Customer 3856,,36-45,Benin City,South South,Occasional,2024-10-28,Fashion,Handbag,5,15000,0.05,71250.0,3500,CARD,,Completed,DELIVERED,7.0,4.0,No
CUST03857,ORD003857,PRD0011,2348084085881,Customer 3857,Male,46-60,Abuja,North Central,Regular,2026-02-09,Beauty,Skincare Set,4,3500,0.1,12600.0,2500,bank transfer,Store,COMPLETED,Returned,4.0,2.0,Yes
CUST03858,ORD003858,PRD0015,2348040959148,Customer 3858,,60+,Kano,North West,Regular,2025-01-18,Beauty,Makeup Kit,4,7500,0.2,24000.0,2500,Card,Store,Cancelled,Returned,11.0,4.0,NO
CUST03859,ORD003859,PRD0027,2348080227641,Customer 3859,Male,60+,Ibadan,South West,Regular,2025-09-15,Sports,Yoga Mat,4,40000,0.0,160000.0,3500,Cash on Delivery,,Completed,,4.0,4.0,No
CUST03860,ORD003860,PRD0006,2348099682391,Customer 3860,M,46-60,Kano,North West,Regular,2026-02-18,Electronics,Smartphone,1,75000,0.15,63750.0,1000,Card,Mobile App,,Delivered,10.0,5.0,Yes
CUST03861,ORD003861,PRD0024,2348089129194,Customer 3861,Male,60+,Abuja,North Central,Occasional,2026-01-17,Groceries,Rice,2,75000,0.0,150000.0,0,Bank Transfer,mobile app,Completed,Delayed,2.0,4.0,NO
CUST03862,ORD003862,PRD0026,2348058068210,Customer 3862,F,60+,Abuja,North Central,premium ,2025-11-14,Home & Kitchen,Cookware Set,3,3500,0.2,8400.0,3500,Wallet,website,Pending,Delivered,5.0,5.0,
CUST03863,ORD003863,PRD0018,2348073334588,Customer 3863,female,36-45,Abuja,North Central,Business,2025-12-27,Home & Kitchen,Cookware Set,5,25000,0.2,100000.0,1500,bank transfer,website,Completed,Returned,1.0,3.0,No
CUST03864,ORD003864,PRD0004,2348054061956,Customer 3864,Female,,Ibadan,South West,Regular,2024-05-14,Groceries,Cooking Oil,2,120000,0.1,216000.0,3500,CARD,Store,Completed,,,,
CUST03865,ORD003865,PRD0023,2348042196596,Customer 3865,Male,26-35,Abuja,North Central,Premium,2025-01-28,Groceries,Cereal,4,120000,0.15,408000.0,0,Card,Instagram,Cancelled,In Transit,13.0,5.0,No
CUST03866,ORD003866,PRD0027,2348055478456,Customer 3866,Female,18-25,Port Harcourt,South South,Regular,2025-07-14,Groceries,Rice,5,25000,0.05,118750.0,1500,Wallet,Store,completed,delivered,6.0,2.0,
CUST03867,ORD003867,PRD0019,2348076428857,Customer 3867,Male,18-25,Lagos,South West,Business,2026-08-19,Electronics,Laptop,5,75000,0.2,300000.0,2500,Cash on Delivery,Instagram,Completed,Delivered,11.0,2.0,Yes
CUST03868,ORD003868,PRD0007,2348070772004,Customer 3868,Female,36-45,Port Harcourt,South South,Occasional,2024-05-10,Fashion,Jeans,5,75000,0.2,300000.0,1500,Cash on Delivery,Website,Completed,Delivered,2.0,4.0,
CUST03869,ORD003869,PRD0011,2348093028748,Customer 3869,,,Enugu,South East,Regular,2026-08-17,Sports,Football,2,7500,0.1,13500.0,1500,USSD,Mobile App,completed,DELIVERED,13.0,,Yes
CUST03870,ORD003870,PRD0009,2348031229329,Customer 3870,Male,26-35,Benin City,South South,premium ,2024-12-12,Home & Kitchen,Vacuum Cleaner,5,7500,0.1,33750.0,3500,Cash on Delivery,Marketplace,cancelled,,11.0,4.0,Yes
CUST03871,ORD003871,PRD0023,2348072546489,Customer 3871,,46-60,Kano,North West,Occasional,2024-02-21,Beauty,Makeup Kit,1,3500,0.05,3325.0,0,Bank Transfer,,,In Transit,14.0,2.0,Yes
CUST03872,ORD003872,PRD0022,2348082306101,Customer 3872,FEMALE,46-60,Abuja,North Central,,2026-07-08,Sports,Gym Bag,2,7500,0.1,13500.0,1000,Cash on Delivery,Instagram,Completed,In Transit,9.0,4.0,NO
CUST03873,ORD003873,PRD0025,2348086850649,Customer 3873,Male,26-35,Benin City,South South,Occasional,2025-07-23,Fashion,Jeans,2,25000,0.15,42500.0,1000,Card,Marketplace,cancelled,Returned,,3.0,Yes
CUST03874,ORD003874,PRD0018,2348093924374,Customer 3874,Female,,Ibadan,South West,Regular,2025-02-28,Fashion,Sneakers,1,3500,0.05,3325.0,0,bank transfer,Store,Pending,Returned,11.0,4.0,NO
CUST03875,ORD003875,PRD0027,2348089891375, Customer 3875 ,,18-25,Benin City,South South,Occasional,2026-07-07,Groceries,Beverage Pack,2,75000,0.15,127500.0,1500,CARD,Marketplace,Completed,Delivered,9.0,4.0,NO
CUST03876,ORD003876,PRD0026,2348038893526,Customer 3876,Male,36-45,Port Harcourt,South South,,2024-08-15,Beauty,Skincare Set,3,25000,0.15,63750.0,1500,USSD,Website,Pending,In Transit,14.0,4.0,
CUST03877,ORD003877,PRD0012,2348078242376,Customer 3877,F,36-45,Kaduna,North West,Regular,2025-05-31,Fashion,Shirt,4,75000,0.1,270000.0,2500,Bank Transfer,Marketplace,Completed,Delivered,9.0,5.0,yes
CUST03878,ORD003878,PRD0024,2348025820455,Customer 3878,M,36-45,Enugu,South East,Regular,2024-02-22,Beauty,Makeup Kit,4,15000,0.05,57000.0,3500,bank transfer,Marketplace,Cancelled,DELIVERED,8.0,5.0,
CUST03879,ORD003879,PRD0021,2348013800116,Customer 3879,male,26-35,Lagos,South West,Regular,2026-07-01,Sports,Running Shoes,1,120000,0.0,120000.0,1500,CARD,website,COMPLETED,delivered,5.0,2.0,Yes
CUST03880,ORD003880,PRD0004,2348047902166,Customer 3880,M,26-35,Benin City,South South,Premium,2024-04-15,Electronics,Smartphone,5,25000,0.0,125000.0,2500,Card,Marketplace,COMPLETED,Delivered,7.0,5.0,Yes
CUST03881,ORD003881,PRD0010,2348037855807,Customer 3881,F,46-60,Lagos,South West,Premium,2025-11-29,Home & Kitchen,Air Fryer,4,5000,0.2,16000.0,1500,Bank Transfer,,cancelled,Returned,,3.0,
CUST03882,ORD003882,PRD0012,2348058325594,Customer 3882,male,18-25,Lagos,South West,Premium,2025-03-24,Groceries,Cooking Oil,4,120000,0.15,408000.0,2500,bank transfer,Instagram,Cancelled,In Transit,14.0,4.0,yes
CUST03883,ORD003883,PRD0016,2348020090302,Customer 3883,FEMALE,26-35,Benin City,South South,,2024-02-05,Groceries,Cereal,4,75000,0.0,300000.0,1000,Card,website,,,13.0,5.0,No
CUST03884,ORD003884,PRD0004,2348028685977,Customer 3884,Female,60+,Benin City,South South,Regular,2024-02-03,Beauty,Hair Dryer,1,75000,0.1,67500.0,3500,USSD,,cancelled,,,5.0,
CUST03885,ORD003885,PRD0024,2348033263652,Customer 3885,,26-35,Enugu,South East,,2026-05-24,Home & Kitchen,Cookware Set,3,5000,0.2,12000.0,1500,USSD,Marketplace,Pending,DELIVERED,12.0,5.0,Yes
CUST03886,ORD003886,PRD0003,2348044484171,Customer 3886,Male,46-60,Lagos,South West,Regular,2026-08-27,Fashion,Shirt,4,120000,0.0,480000.0,3500,Card,,cancelled,delivered,7.0,4.0,Yes
CUST03887,ORD003887,PRD0015,2348075718823,Customer 3887,Female,36-45,Enugu,South East,Business,2024-09-02,Home & Kitchen,Air Fryer,1,5000,0.0,5000.0,1500,Card,Website,pending,In Transit,2.0,5.0,
CUST03888,ORD003888,PRD0004,2348050037986,Customer 3888,FEMALE,,Abuja,North Central,REGULAR,2024-02-26,Sports,Gym Bag,3,5000,0.15,12750.0,0,,Store,Completed,Delivered,4.0,4.0,No
CUST03889,ORD003889,PRD0020,2348068941493,Customer 3889,Female,46-60,Benin City,South South,premium ,2025-02-02,Groceries,Rice,1,120000,0.15,102000.0,1000,,mobile app,Completed,Delayed,14.0,4.0,
CUST03890,ORD003890,PRD0029,2348028419198,Customer 3890,male,46-60,Kano,North West,Premium,2025-02-03,Beauty,Skincare Set,1,5000,0.1,4500.0,2500,Card,Mobile App,Returned,In Transit,4.0,5.0,Yes
CUST03891,ORD003891,PRD0003,2348047337897,Customer 3891,F,60+,Ibadan,South West,Regular,2025-06-20,Beauty,Makeup Kit,1,25000,0.0,25000.0,3500,Cash on Delivery,Instagram,Cancelled,,12.0,3.0,NO
CUST03892,ORD003892,PRD0027,2348089974578,Customer 3892,Male,46-60,Ibadan,South West,Occasional,2026-04-18,Sports,Football,4,7500,0.2,24000.0,0,USSD,website,Completed,,9.0,4.0,yes
CUST03893,ORD003893,PRD0011,2348047509562,Customer 3893,FEMALE,60+,Benin City,South South,REGULAR,2025-10-04,Home & Kitchen,Air Fryer,2,40000,0.0,80000.0,1500,USSD,Website,Completed,Delivered,11.0,,Yes
CUST03894,ORD003894,PRD0002,2348031337669,Customer 3894,M,60+,Port Harcourt,South South,Regular,2024-01-17,Electronics,Laptop,4,40000,0.1,144000.0,2500,Card,Mobile App,Completed,delivered,4.0,,
CUST03895,ORD003895,PRD0006,2348091313240,Customer 3895,Female,46-60,Kano,North West,Occasional,2024-10-27,Groceries,Cereal,3,120000,0.1,324000.0,1500,Wallet,,Cancelled,Delivered,11.0,3.0,No
CUST03896,ORD003896,PRD0026,2348036152160,Customer 3896,Female,60+,Kano,North West,Regular,2025-02-04,Fashion,Sneakers,3,7500,0.0,22500.0,1000,Card,Store,,In Transit,9.0,3.0,No
CUST03897,ORD003897,PRD0009,2348011643126,Customer 3897,Female,60+,Abuja,North Central,Regular,2025-03-04,Electronics,Smartphone,5,3500,0.1,15750.0,0,,Store,,Delivered,13.0,3.0,Yes
CUST03898,ORD003898,PRD0009,2348017147223,Customer 3898,Male,18-25,Kano,North West,Premium,2025-05-18,Sports,Gym Bag,2,120000,0.1,216000.0,0,Card,Instagram,Cancelled,Delayed,8.0,5.0,NO
CUST03899,ORD003899,PRD0006,2348048032678,Customer 3899,Female,18-25,Kaduna,North West,Premium,2026-08-14,Electronics,Smartphone,3,25000,0.15,63750.0,0,CARD,Marketplace,COMPLETED,Delivered,5.0,5.0,yes
CUST03900,ORD003900,PRD0029,2348073080563, Customer 3900 ,Female,36-45,Benin City,South South,,2025-04-25,Beauty,Makeup Kit,3,25000,0.0,75000.0,3500,Card,,COMPLETED,Delivered,4.0,3.0,Yes
CUST03901,ORD003901,PRD0022,2348042074917,Customer 3901,F,26-35,Abuja,North Central,Occasional,2024-03-29,Fashion,Shirt,4,10000,0.0,40000.0,3500,bank transfer,Marketplace,Cancelled,In Transit,6.0,1.0,No
CUST03902,ORD003902,PRD0027,2348082483556,Customer 3902,Male,26-35,Kano,North West,Occasional,2026-06-24,Beauty,Makeup Kit,3,25000,0.2,60000.0,0,Cash on Delivery,website,Cancelled,Delayed,4.0,4.0,No
CUST03903,ORD003903,PRD0009,2348076657682,Customer 3903, m ,18-25,Ibadan,South West,,2025-06-23,Groceries,Cooking Oil,5,5000,0.2,20000.0,0,Card,Instagram,Cancelled,In Transit,8.0,3.0,
CUST03904,ORD003904,PRD0003,2348038490868,Customer 3904,Female,18-25,Kaduna,North West,premium ,2025-03-09,Electronics,Wireless Earbuds,5,15000,0.05,71250.0,1000,USSD,Website,Pending,DELIVERED,3.0,4.0,yes
CUST03905,ORD003905,PRD0011,2348024036139,Customer 3905,Female,,Port Harcourt,South South,Business,2026-06-22,Fashion,Sneakers,4,10000,0.05,38000.0,1000,Wallet,Instagram,Completed,In Transit,14.0,3.0,
CUST03906,ORD003906,PRD0003,2348049064158,Customer 3906,Male,60+,Ibadan,South West,Business,2025-11-17,Home & Kitchen,Air Fryer,2,25000,0.15,42500.0,1000,bank transfer,Website,cancelled,,1.0,1.0,No
CUST03907,ORD003907,PRD0011,2348088197526,Customer 3907,Female,36-45,Port Harcourt,South South,Premium,2025-11-03,Groceries,Beverage Pack,4,120000,0.15,408000.0,1500,Bank Transfer,Website,completed,In Transit,8.0,,Yes
CUST03908,ORD003908,PRD0009,2348064256936,Customer 3908,male,60+,Abuja,North Central,Business,2025-12-27,Groceries,Cooking Oil,3,7500,0.2,18000.0,2500,bank transfer,Instagram,pending,Delivered,8.0,4.0,
CUST03909,ORD003909,PRD0024,2348068698891,Customer 3909,Male,,Enugu,South East,Occasional,2024-12-18,Fashion,Shirt,2,75000,0.1,135000.0,1500,bank transfer,Store,Completed,Delivered,5.0,1.0,Yes
CUST03910,ORD003910,PRD0025,2348035121881,Customer 3910,,,Kaduna,North West,Regular,2025-04-16,Groceries,Cooking Oil,4,40000,0.0,160000.0,2500,Card,Store,Cancelled,DELIVERED,5.0,5.0,Yes
CUST03911,ORD003911,PRD0022,2348072543744,Customer 3911,M,26-35,Enugu,South East,Regular,2025-09-20,Home & Kitchen,Vacuum Cleaner,3,5000,0.15,12750.0,2500,Wallet,Instagram,completed,Delayed,11.0,1.0,No
CUST03912,ORD003912,PRD0023,2348072095561,Customer 3912,male,36-45,Lagos,South West,Business,2025-02-18,Groceries,Beverage Pack,2,15000,0.15,25500.0,2500,Cash on Delivery,Instagram,cancelled,In Transit,3.0,4.0,No
CUST03913,ORD003913,PRD0020,2348069660254,Customer 3913,Male,60+,Ibadan,South West,REGULAR,2025-10-16,Electronics,Laptop,2,10000,0.15,17000.0,2500,,Store,Cancelled,In Transit,10.0,2.0,
CUST03914,ORD003914,PRD0029,2348060975801,Customer 3914,MALE,60+,Ibadan,South West,,2025-05-30,Home & Kitchen,Air Fryer,5,75000,0.1,337500.0,1000,USSD,Mobile App,cancelled,,8.0,4.0,
CUST03915,ORD003915,PRD0011,2348055608738,Customer 3915,Female,18-25,Ibadan,South West,premium ,2024-07-10,Groceries,Cooking Oil,2,15000,0.1,27000.0,0,Cash on Delivery,Instagram,,In Transit,5.0,,
CUST03916,ORD003916,PRD0010,2348076954832,Customer 3916,,,Kano,North West,Occasional,2024-07-29,Groceries,Beverage Pack,2,10000,0.05,19000.0,0,Bank Transfer,Mobile App,COMPLETED,DELIVERED,12.0,4.0,Yes
CUST03917,ORD003917,PRD0027,2348070983553,Customer 3917,Female,,Kano,North West,Occasional,2024-01-24,Fashion,Shirt,5,120000,0.1,540000.0,0,bank transfer,Marketplace,Completed,DELIVERED,,3.0,No
CUST03918,ORD003918,PRD0007,2348068960767,Customer 3918, f ,36-45,Kano,North West,Occasional,2024-11-19,Beauty,Hair Dryer,4,7500,0.0,30000.0,0,Bank Transfer,mobile app,Returned,Delayed,8.0,5.0,
CUST03919,ORD003919,PRD0003,2348026563957,Customer 3919,Male,60+,Ibadan,South West,Premium,2026-03-03,Sports,Gym Bag,1,3500,0.1,3150.0,1500,USSD,,Completed,In Transit,8.0,5.0,
CUST03920,ORD003920,PRD0002,2348037074020,Customer 3920,F,36-45,Benin City,South South,Business,2025-01-20,Home & Kitchen,Vacuum Cleaner,3,10000,0.15,25500.0,0,Card,Website,completed,Delayed,3.0,5.0,NO
CUST03921,ORD003921,PRD0020,2348086646617,Customer 3921,FEMALE,18-25,Ibadan,South West,,2025-11-08,Groceries,Cereal,4,75000,0.1,270000.0,1000,Cash on Delivery,Instagram,Cancelled,In Transit,4.0,4.0,NO
CUST03922,ORD003922,PRD0023,2348039479589,Customer 3922,Male,36-45,Abuja,North Central,,2026-04-21,Groceries,Beverage Pack,3,120000,0.05,342000.0,2500,bank transfer,Website,Pending,Returned,14.0,,Yes
CUST03923,ORD003923,PRD0006,2348017588061,Customer 3923,Female,46-60,Port Harcourt,South South,Occasional,2024-01-01,Fashion,Handbag,3,5000,0.0,15000.0,0,bank transfer,Mobile App,Completed,Delivered,1.0,4.0,No
CUST03924,ORD003924,PRD0008,2348089421189,Customer 3924,Male,36-45,Abuja,North Central,Premium,2025-05-25,Groceries,Cooking Oil,1,120000,0.0,120000.0,1000,,Instagram,Cancelled,Delivered,2.0,5.0,
CUST03925,ORD003925,PRD0010,2348010556224, Customer 3925 ,FEMALE,,Enugu,South East,premium ,2026-06-13,Groceries,Cereal,3,5000,0.2,12000.0,1000,Bank Transfer,Marketplace,,Delivered,6.0,4.0,No
CUST03926,ORD003926,PRD0021,2348099245372,Customer 3926,,36-45,Kano,North West,Regular,2026-01-17,Beauty,Perfume,5,7500,0.05,35625.0,1000,bank transfer,Website,Cancelled,In Transit,14.0,,Yes
CUST03927,ORD003927,PRD0021,2348096058620,Customer 3927,,26-35,Benin City,South South,Occasional,2026-04-21,Electronics,Laptop,3,3500,0.05,9975.0,3500,CARD,Store,cancelled,Delivered,9.0,5.0,No
CUST03928,ORD003928,PRD0015,2348095170366,Customer 3928,Male,60+,Kano,North West,Occasional,2026-01-15,Sports,Gym Bag,2,25000,0.2,40000.0,0,USSD,Instagram,Completed,Delivered,10.0,4.0,No
CUST03929,ORD003929,PRD0016,2348011890380,Customer 3929,,36-45,Ibadan,South West,Premium,2026-07-29,Electronics,Smart TV,4,120000,0.0,480000.0,1500,Wallet,Store,completed,In Transit,1.0,1.0,Yes
CUST03930,ORD003930,PRD0001,2348087630555,Customer 3930,Male,60+,Kaduna,North West,Premium,2026-04-20,Fashion,Shirt,1,15000,0.0,15000.0,3500,USSD,Mobile App,Cancelled,Delivered,11.0,4.0,No
CUST03931,ORD003931,PRD0021,2348046931354,Customer 3931,Female,,Benin City,South South,Regular,2024-10-27,Home & Kitchen,Air Fryer,4,75000,0.2,240000.0,2500,Cash on Delivery,Instagram,COMPLETED,,14.0,,Yes
CUST03932,ORD003932,PRD0017,2348066683833,Customer 3932,MALE,18-25,Lagos,South West,Regular,2024-02-24,Groceries,Cooking Oil,4,10000,0.15,34000.0,1500,USSD,Website,Completed,Delayed,7.0,1.0,
CUST03933,ORD003933,PRD0019,2348072044708,Customer 3933,Female,46-60,Kaduna,North West,REGULAR,2025-12-06,Beauty,Skincare Set,5,75000,0.0,375000.0,0,bank transfer,Mobile App,completed,delivered,10.0,5.0,No
CUST03934,ORD003934,PRD0015,2348032576258,Customer 3934,Female,46-60,Port Harcourt,South South,Occasional,2024-11-05,Electronics,Smartphone,4,120000,0.15,408000.0,1500,Cash on Delivery,Website,Pending,Delivered,14.0,4.0,No
CUST03935,ORD003935,PRD0012,2348026175100,Customer 3935,Female,26-35,Abuja,North Central,Regular,2024-03-07,Home & Kitchen,Air Fryer,3,10000,0.0,30000.0,2500,Bank Transfer,Store,Completed,DELIVERED,4.0,5.0,NO
CUST03936,ORD003936,PRD0023,2348018365928,Customer 3936,Male,60+,Kano,North West,Premium,2025-10-26,Beauty,Skincare Set,3,7500,0.05,21375.0,1500,Bank Transfer,Mobile App,Completed,Delayed,,4.0,Yes
CUST03937,ORD003937,PRD0026,2348068617385,Customer 3937,,18-25,Lagos,South West,Occasional,2025-11-13,Fashion,Handbag,4,75000,0.05,285000.0,1500,bank transfer,Mobile App,COMPLETED,,,5.0,No
CUST03938,ORD003938,PRD0030,2348089512050,Customer 3938,,18-25,Lagos,South West,Occasional,2025-12-19,Home & Kitchen,Vacuum Cleaner,3,40000,0.1,108000.0,3500,Wallet,Marketplace,cancelled,DELIVERED,1.0,4.0,No
CUST03939,ORD003939,PRD0001,2348070555829,Customer 3939,M,18-25,Kano,North West,Regular,2025-12-30,Beauty,Skincare Set,4,75000,0.0,300000.0,3500,Wallet,Store,Completed,Returned,13.0,4.0,Yes
CUST03940,ORD003940,PRD0018,2348035980809,Customer 3940,Male,36-45,Port Harcourt,South South,Business,2025-10-21,Groceries,Beverage Pack,2,120000,0.15,204000.0,1500,Card,Store,COMPLETED,,8.0,5.0,
CUST03941,ORD003941,PRD0016,2348042438462,Customer 3941,FEMALE,18-25,Kano,North West,Regular,2025-07-23,Fashion,Shirt,3,10000,0.15,25500.0,1000,Wallet,,COMPLETED,In Transit,,5.0,Yes
CUST03942,ORD003942,PRD0028,2348042831333,Customer 3942,Male,36-45,Abuja,North Central,Occasional,2025-04-11,Groceries,Beverage Pack,4,5000,0.15,17000.0,3500,Cash on Delivery,Store,Cancelled,,3.0,5.0,No
CUST03943,ORD003943,PRD0003,2348015504859,Customer 3943,Male,46-60,Benin City,South South,premium ,2026-05-02,Fashion,Shirt,2,120000,0.1,216000.0,2500,USSD,Website,cancelled,In Transit,13.0,4.0,Yes
CUST03944,ORD003944,PRD0026,2348021292407,Customer 3944,M,36-45,Lagos,South West,Regular,2026-08-20,Fashion,Handbag,4,25000,0.1,90000.0,1000,CARD,website,Completed,delivered,7.0,4.0,yes
CUST03945,ORD003945,PRD0013,2348033334068,Customer 3945,F,,Port Harcourt,South South,Occasional,2025-11-15,Groceries,Beverage Pack,1,5000,0.05,4750.0,3500,Bank Transfer,Store,Pending,In Transit,4.0,4.0,No
CUST03946,ORD003946,PRD0007,2348077179303,Customer 3946,,26-35,Kaduna,North West,Regular,2025-01-14,Electronics,Smart TV,3,7500,0.1,20250.0,3500,Cash on Delivery,Mobile App,pending,Returned,4.0,5.0,NO
CUST03947,ORD003947,PRD0001,2348056253476,Customer 3947,Male,36-45,Lagos,South West,Premium,2025-01-02,Beauty,Skincare Set,1,10000,0.1,9000.0,2500,CARD,mobile app,pending,In Transit,7.0,5.0,No
CUST03948,ORD003948,PRD0030,2348038669693,Customer 3948,,,Benin City,South South,Occasional,2025-05-26,Sports,Football,5,40000,0.05,190000.0,0,Card,Website,Completed,Delayed,14.0,3.0,Yes
CUST03949,ORD003949,PRD0014,2348015511519,Customer 3949,FEMALE,60+,Port Harcourt,South South,Regular,2025-05-25,Fashion,Jeans,4,25000,0.15,85000.0,3500,Card,,Cancelled,Delivered,10.0,3.0,
CUST03950,ORD003950,PRD0015,2348092089964, Customer 3950 , m ,18-25,Kano,North West,,2026-07-11,Groceries,Rice,5,15000,0.1,67500.0,2500,Card,,cancelled,In Transit,3.0,4.0,NO
CUST03951,ORD003951,PRD0030,2348011890412,Customer 3951,,46-60,Ibadan,South West,Regular,2024-03-07,Fashion,Sneakers,3,120000,0.15,306000.0,0,USSD,website,cancelled,Returned,6.0,,No
CUST03952,ORD003952,PRD0028,2348030716684,Customer 3952,F,46-60,Kaduna,North West,Occasional,2025-03-23,Beauty,Skincare Set,5,3500,0.0,17500.0,2500,Bank Transfer,Mobile App,Completed,Delivered,5.0,2.0,No
CUST03953,ORD003953,PRD0011,2348096959295,Customer 3953,Male,26-35,Lagos,South West,,2024-09-23,Fashion,Shirt,1,7500,0.15,6375.0,0,Cash on Delivery,Marketplace,,delivered,12.0,3.0,Yes
CUST03954,ORD003954,PRD0012,2348018509338,Customer 3954,,18-25,Lagos,South West,Premium,2024-06-07,Beauty,Makeup Kit,3,15000,0.2,36000.0,0,USSD,Store,cancelled,Delivered,8.0,5.0,Yes
CUST03955,ORD003955,PRD0019,2348063945024,Customer 3955,,,Ibadan,South West,Premium,2026-08-16,Home & Kitchen,Cookware Set,5,15000,0.1,67500.0,2500,Cash on Delivery,mobile app,,In Transit,3.0,5.0,
CUST03956,ORD003956,PRD0018,2348050591319,Customer 3956,Female,26-35,Kaduna,North West,,2025-11-30,Groceries,Cereal,3,40000,0.15,102000.0,1000,Wallet,,Returned,In Transit,12.0,4.0,Yes
CUST03957,ORD003957,PRD0002,2348016734650,Customer 3957,,26-35,Ibadan,South West,premium ,2025-08-15,Groceries,Cereal,1,120000,0.05,114000.0,0,Wallet,Mobile App,COMPLETED,Delivered,10.0,4.0,NO
CUST03958,ORD003958,PRD0029,2348014628288,Customer 3958,Male,18-25,Port Harcourt,South South,Regular,2026-08-23,Home & Kitchen,Air Fryer,3,25000,0.0,75000.0,3500,Bank Transfer,Store,Completed,Delayed,10.0,5.0,
CUST03959,ORD003959,PRD0010,2348081421898,Customer 3959,female,46-60,Benin City,South South,Occasional,2026-05-27,Fashion,Sneakers,1,75000,0.15,63750.0,1000,USSD,Marketplace,,Delayed,9.0,1.0,No
CUST03960,ORD003960,PRD0015,2348081002655,Customer 3960,MALE,46-60,Port Harcourt,South South,Regular,2026-07-26,Fashion,Handbag,2,15000,0.2,24000.0,2500,Cash on Delivery,Mobile App,Returned,Delayed,10.0,5.0,No
CUST03961,ORD003961,PRD0028,2348050627674,Customer 3961,,60+,Kano,North West,premium ,2025-11-24,Fashion,Sneakers,5,75000,0.05,356250.0,1000,CARD,mobile app,Completed,Returned,9.0,5.0,No
CUST03962,ORD003962,PRD0013,2348096596421,Customer 3962,,,Port Harcourt,South South,REGULAR,2024-12-19,Beauty,Makeup Kit,3,7500,0.0,22500.0,3500,Cash on Delivery,Website,completed,delivered,12.0,4.0,NO
CUST03963,ORD003963,PRD0013,2348081898195,Customer 3963,Male,46-60,Kaduna,North West,,2026-07-30,Electronics,Smartphone,5,120000,0.15,510000.0,3500,Bank Transfer,Store,Cancelled,Delivered,14.0,,No
CUST03964,ORD003964,PRD0005,2348096530748,Customer 3964,F,46-60,Port Harcourt,South South,Premium,2024-10-04,Sports,Running Shoes,3,120000,0.2,288000.0,1500,USSD,,Cancelled,Returned,11.0,5.0,
CUST03965,ORD003965,PRD0022,2348054963531,Customer 3965,Male,60+,Abuja,North Central,Regular,2025-11-05,Beauty,Skincare Set,4,40000,0.1,144000.0,3500,Bank Transfer,Mobile App,pending,delivered,1.0,3.0,yes
CUST03966,ORD003966,PRD0004,2348015925086,Customer 3966,F,36-45,Ibadan,South West,Business,2024-05-19,Home & Kitchen,Cookware Set,1,40000,0.0,40000.0,2500,Bank Transfer,Instagram,completed,Delayed,8.0,4.0,No
CUST03967,ORD003967,PRD0021,2348056923140,Customer 3967,M,60+,Port Harcourt,South South,Premium,2026-01-13,Electronics,Wireless Earbuds,5,75000,0.2,300000.0,0,Wallet,Mobile App,pending,,11.0,2.0,NO
CUST03968,ORD003968,PRD0020,2348031827253,Customer 3968,,,Port Harcourt,South South,Occasional,2026-07-28,Home & Kitchen,Blender,3,25000,0.15,63750.0,1500,Card,Mobile App,Completed,,6.0,1.0,No
CUST03969,ORD003969,PRD0016,2348049294724,Customer 3969,Male,26-35,Port Harcourt,South South,Occasional,2025-03-24,Sports,Running Shoes,2,5000,0.05,9500.0,0,,Store,Returned,In Transit,11.0,3.0,NO
CUST03970,ORD003970,PRD0027,2348044992878,Customer 3970,FEMALE,26-35,Lagos,South West,Regular,2024-12-19,Beauty,Perfume,3,25000,0.05,71250.0,0,Bank Transfer,website,Completed,In Transit,7.0,4.0,Yes
CUST03971,ORD003971,PRD0022,2348027768213,Customer 3971,Female,18-25,Ibadan,South West,Occasional,2026-03-27,Fashion,Handbag,4,15000,0.2,48000.0,2500,Bank Transfer,Instagram,COMPLETED,,2.0,,NO
CUST03972,ORD003972,PRD0027,2348069245011,Customer 3972,Female,46-60,Benin City,South South,Premium,2026-01-03,Fashion,Sneakers,1,5000,0.2,4000.0,1000,,Store,Completed,,11.0,5.0,No
CUST03973,ORD003973,PRD0013,2348088528527,Customer 3973,Female,,Kano,North West,Regular,2024-11-06,Fashion,Sneakers,3,120000,0.1,324000.0,3500,Card,Website,,delivered,7.0,5.0,No
CUST03974,ORD003974,PRD0012,2348058159918,Customer 3974,Male,,Abuja,North Central,Regular,2026-03-30,Beauty,Skincare Set,2,5000,0.2,8000.0,0,Cash on Delivery,Instagram,Completed,,14.0,4.0,NO
CUST03975,ORD003975,PRD0022,2348057072320, Customer 3975 ,,26-35,Ibadan,South West,Premium,2024-10-17,Home & Kitchen,Vacuum Cleaner,4,3500,0.05,13300.0,1500,Card,Store,Completed,Delayed,13.0,5.0,No
CUST03976,ORD003976,PRD0007,2348087891952,Customer 3976, f ,46-60,Kano,North West,Premium,2026-06-20,Electronics,Smart TV,1,120000,0.2,96000.0,1500,Cash on Delivery,website,COMPLETED,DELIVERED,7.0,2.0,Yes
CUST03977,ORD003977,PRD0030,2348082610280,Customer 3977,,60+,Port Harcourt,South South,premium ,2026-02-19,Sports,Yoga Mat,1,3500,0.0,3500.0,1500,Card,Marketplace,cancelled,Delayed,7.0,,No
CUST03978,ORD003978,PRD0027,2348039611767,Customer 3978,Female,26-35,Abuja,North Central,,2024-07-20,Electronics,Laptop,1,10000,0.15,8500.0,1000,Bank Transfer,Instagram,,Delivered,8.0,5.0,No
CUST03979,ORD003979,PRD0014,2348075152970,Customer 3979,Female,46-60,Ibadan,South West,Premium,2025-11-02,Beauty,Makeup Kit,4,10000,0.05,38000.0,3500,Cash on Delivery,Marketplace,COMPLETED,delivered,1.0,5.0,
CUST03980,ORD003980,PRD0014,2348087654690,Customer 3980,Female,36-45,Lagos,South West,Occasional,2025-01-24,Beauty,Makeup Kit,1,7500,0.1,6750.0,2500,bank transfer,Marketplace,pending,DELIVERED,7.0,4.0,Yes
CUST03981,ORD003981,PRD0015,2348018148958,Customer 3981,MALE,18-25,Kaduna,North West,,2025-05-16,Home & Kitchen,Vacuum Cleaner,1,5000,0.1,4500.0,1500,CARD,Store,Completed,Delivered,14.0,4.0,Yes
CUST03982,ORD003982,PRD0027,2348050329953,Customer 3982,F,60+,Lagos,South West,Premium,2024-12-15,Sports,Yoga Mat,3,7500,0.1,20250.0,2500,Wallet,Mobile App,completed,Returned,10.0,4.0,No
CUST03983,ORD003983,PRD0007,2348028736137,Customer 3983,Male,60+,Enugu,South East,Premium,2024-02-20,Sports,Yoga Mat,5,120000,0.05,570000.0,3500,Bank Transfer,Website,cancelled,,4.0,,Yes
CUST03984,ORD003984,PRD0012,2348091301241,Customer 3984,Female,,Port Harcourt,South South,,2026-04-08,Home & Kitchen,Vacuum Cleaner,2,15000,0.0,30000.0,0,Wallet,Store,completed,DELIVERED,2.0,5.0,
CUST03985,ORD003985,PRD0029,2348086761098,Customer 3985,Male,,Lagos,South West,Occasional,2025-08-04,Fashion,Jeans,1,75000,0.1,67500.0,1500,Wallet,Website,Pending,In Transit,4.0,4.0,
CUST03986,ORD003986,PRD0020,2348089606506,Customer 3986,Female,60+,Lagos,South West,Regular,2024-10-03,Sports,Yoga Mat,1,7500,0.05,7125.0,1500,Cash on Delivery,Website,completed,DELIVERED,6.0,4.0,Yes
CUST03987,ORD003987,PRD0013,2348063900862,Customer 3987,female,36-45,Kano,North West,Business,2025-12-27,Sports,Football,2,25000,0.05,47500.0,0,USSD,website,cancelled,Delivered,1.0,4.0,Yes
CUST03988,ORD003988,PRD0001,2348032338879,Customer 3988,,26-35,Kaduna,North West,Premium,2025-04-22,Home & Kitchen,Cookware Set,5,25000,0.05,118750.0,3500,Cash on Delivery,Website,Pending,delivered,2.0,,
CUST03989,ORD003989,PRD0013,2348011325096,Customer 3989,F,46-60,Lagos,South West,Regular,2025-08-27,Home & Kitchen,Air Fryer,3,15000,0.2,36000.0,0,Cash on Delivery,Website,Returned,DELIVERED,9.0,4.0,yes
CUST03990,ORD003990,PRD0026,2348093165519,Customer 3990,,26-35,Enugu,South East,Premium,2024-06-13,Fashion,Sneakers,1,3500,0.05,3325.0,3500,Bank Transfer,Website,Completed,Delivered,1.0,4.0,
CUST03991,ORD003991,PRD0024,2348056706923,Customer 3991,F,36-45,Abuja,North Central,Premium,2024-05-21,Beauty,Skincare Set,4,3500,0.2,11200.0,2500,Wallet,Store,Pending,Delivered,5.0,5.0,yes
CUST03992,ORD003992,PRD0027,2348089208931,Customer 3992, m ,18-25,Ibadan,South West,REGULAR,2024-05-07,Sports,Gym Bag,5,25000,0.15,106250.0,1500,USSD,Website,COMPLETED,In Transit,1.0,5.0,
CUST03993,ORD003993,PRD0007,2348081363318,Customer 3993, m ,36-45,Abuja,North Central,Premium,2025-01-13,Electronics,Smartphone,5,120000,0.15,510000.0,0,Card,Store,pending,Delayed,1.0,4.0,Yes
CUST03994,ORD003994,PRD0029,2348055581656,Customer 3994,Male,26-35,Ibadan,South West,,2026-05-29,Sports,Yoga Mat,3,5000,0.0,15000.0,2500,Bank Transfer,mobile app,Pending,In Transit,9.0,5.0,Yes
CUST03995,ORD003995,PRD0011,2348089918887,Customer 3995,Male,46-60,Kano,North West,,2025-06-21,Fashion,Jeans,2,5000,0.2,8000.0,0,Wallet,mobile app,completed,Delivered,12.0,,No
CUST03996,ORD003996,PRD0025,2348049756286,Customer 3996,Male,26-35,Kano,North West,REGULAR,2024-07-30,Fashion,Shirt,5,120000,0.15,510000.0,3500,Card,Store,Completed,Delayed,14.0,,Yes
CUST03997,ORD003997,PRD0008,2348084916625,Customer 3997,Male,26-35,Port Harcourt,South South,Regular,2025-03-31,Beauty,Hair Dryer,5,40000,0.15,170000.0,0,Cash on Delivery,Mobile App,Cancelled,Delivered,,5.0,
CUST03998,ORD003998,PRD0022,2348082169863,Customer 3998,Male,18-25,Abuja,North Central,Premium,2026-05-12,Home & Kitchen,Cookware Set,1,120000,0.0,120000.0,3500,Bank Transfer,Store,Completed,Delayed,13.0,,
CUST03999,ORD003999,PRD0015,2348055630731,Customer 3999,M,46-60,Port Harcourt,South South,REGULAR,2024-11-26,Fashion,Sneakers,4,5000,0.2,16000.0,0,Cash on Delivery,Marketplace,pending,delivered,13.0,5.0,NO
CUST04000,ORD004000,PRD0015,2348040337284, Customer 4000 ,Male,46-60,Ibadan,South West,,2026-06-12,Electronics,Smartphone,2,5000,0.0,10000.0,2500,Cash on Delivery,mobile app,Pending,Delivered,3.0,5.0,yes
CUST04001,ORD004001,PRD0017,2348092733860,Customer 4001,female,26-35,Port Harcourt,South South,Regular,2024-06-24,Beauty,Perfume,3,7500,0.0,22500.0,3500,Cash on Delivery,Website,Cancelled,In Transit,,4.0,No
CUST04002,ORD004002,PRD0011,2348065328462,Customer 4002,Female,36-45,Kaduna,North West,Business,2024-12-01,Fashion,Sneakers,1,10000,0.1,9000.0,2500,Wallet,Store,Returned,Delivered,12.0,2.0,No
CUST04003,ORD004003,PRD0027,2348064930840,Customer 4003,,46-60,Port Harcourt,South South,Occasional,2024-11-16,Electronics,Wireless Earbuds,4,15000,0.15,51000.0,0,Bank Transfer,Website,Completed,Delayed,4.0,5.0,Yes
CUST04004,ORD004004,PRD0024,2348081157751,Customer 4004,,46-60,Ibadan,South West,Occasional,2024-11-23,Beauty,Perfume,4,7500,0.05,28500.0,1000,Card,Website,Completed,Delivered,12.0,5.0,No
CUST04005,ORD004005,PRD0020,2348076279808,Customer 4005,Male,,Lagos,South West,Premium,2026-03-13,Beauty,Hair Dryer,3,5000,0.1,13500.0,1000,USSD,Mobile App,Cancelled,Returned,9.0,4.0,No
CUST04006,ORD004006,PRD0005,2348086420764,Customer 4006,,46-60,Port Harcourt,South South,REGULAR,2024-11-26,Sports,Yoga Mat,2,7500,0.1,13500.0,1000,,website,,,5.0,5.0,yes
CUST04007,ORD004007,PRD0011,2348028524084,Customer 4007, f ,60+,Ibadan,South West,Premium,2025-02-01,Groceries,Cereal,5,120000,0.0,600000.0,3500,USSD,Marketplace,pending,Delivered,13.0,5.0,No
CUST04008,ORD004008,PRD0006,2348069782968,Customer 4008,Male,36-45,Port Harcourt,South South,Premium,2026-01-31,Beauty,Skincare Set,5,5000,0.15,21250.0,0,Bank Transfer,Marketplace,,In Transit,1.0,4.0,yes
CUST04009,ORD004009,PRD0026,2348032947166,Customer 4009,Female,36-45,Lagos,South West,REGULAR,2025-11-23,Beauty,Makeup Kit,4,15000,0.05,57000.0,2500,Card,,cancelled,delivered,3.0,5.0,Yes
CUST04010,ORD004010,PRD0002,2348051805111,Customer 4010,Male,60+,Kaduna,North West,Occasional,2026-07-28,Sports,Football,5,3500,0.0,17500.0,3500,Card,Marketplace,pending,Delayed,10.0,4.0,No
CUST04011,ORD004011,PRD0021,2348068621061,Customer 4011,F,46-60,Benin City,South South,REGULAR,2026-02-28,Home & Kitchen,Blender,2,40000,0.1,72000.0,2500,Cash on Delivery,mobile app,Completed,Delivered,8.0,5.0,No
CUST04012,ORD004012,PRD0016,2348037975303,Customer 4012,M,26-35,Kano,North West,,2025-09-28,Groceries,Rice,3,7500,0.15,19125.0,2500,USSD,mobile app,Cancelled,Delivered,13.0,5.0,
CUST04013,ORD004013,PRD0024,2348064312876,Customer 4013, f ,26-35,Kano,North West,Premium,2025-11-11,Fashion,Sneakers,2,75000,0.0,150000.0,3500,USSD,,Completed,In Transit,7.0,4.0,No
CUST04014,ORD004014,PRD0016,2348083040822,Customer 4014,male,26-35,Kaduna,North West,Regular,2024-02-21,Fashion,Jeans,5,75000,0.1,337500.0,1000,Card,Website,Cancelled,Delayed,1.0,5.0,No
CUST04015,ORD004015,PRD0023,2348082359351,Customer 4015,Female,26-35,Kaduna,North West,Premium,2025-10-24,Fashion,Shirt,3,120000,0.2,288000.0,2500,CARD,Instagram,Completed,Returned,4.0,5.0,NO
CUST04016,ORD004016,PRD0011,2348034487035,Customer 4016,Male,26-35,Lagos,South West,REGULAR,2026-02-11,Beauty,Hair Dryer,3,5000,0.1,13500.0,1000,Card,,Completed,Returned,1.0,4.0,
CUST04017,ORD004017,PRD0020,2348073529711,Customer 4017,Male,,Benin City,South South,Occasional,2024-12-19,Sports,Yoga Mat,3,3500,0.2,8400.0,3500,USSD,Instagram,Completed,,12.0,2.0,No
CUST04018,ORD004018,PRD0007,2348096290843,Customer 4018,,36-45,Kano,North West,Regular,2024-12-04,Beauty,Skincare Set,4,25000,0.15,85000.0,3500,Wallet,Marketplace,Returned,,4.0,4.0,
CUST04019,ORD004019,PRD0028,2348017550366,Customer 4019,,60+,Kaduna,North West,Regular,2025-11-19,Home & Kitchen,Vacuum Cleaner,1,3500,0.1,3150.0,1000,USSD,Marketplace,,Delivered,9.0,5.0,No
CUST04020,ORD004020,PRD0012,2348048771241,Customer 4020,male,,Benin City,South South,Regular,2025-02-18,Electronics,Smart TV,4,75000,0.15,255000.0,3500,,,completed,delivered,5.0,5.0,No
CUST04021,ORD004021,PRD0028,2348068547766,Customer 4021, f ,36-45,Enugu,South East,Premium,2024-09-23,Sports,Running Shoes,2,75000,0.1,135000.0,1500,USSD,Store,completed,Returned,5.0,4.0,No
CUST04022,ORD004022,PRD0018,2348083082630,Customer 4022,female,18-25,Benin City,South South,Business,2024-04-19,Fashion,Sneakers,5,5000,0.0,25000.0,1000,USSD,Instagram,Cancelled,In Transit,9.0,5.0,
CUST04023,ORD004023,PRD0024,2348038315502,Customer 4023,Female,,Lagos,South West,Regular,2024-10-11,Sports,Football,1,40000,0.2,32000.0,1500,Bank Transfer,Marketplace,completed,Delivered,4.0,4.0,Yes
CUST04024,ORD004024,PRD0006,2348065810125,Customer 4024,Female,60+,Benin City,South South,Regular,2026-01-06,Electronics,Wireless Earbuds,2,25000,0.2,40000.0,2500,Card,Store,cancelled,delivered,12.0,3.0,
CUST04025,ORD004025,PRD0019,2348047938024, Customer 4025 ,MALE,26-35,Kano,North West,,2024-05-20,Beauty,Skincare Set,3,7500,0.15,19125.0,0,Wallet,Instagram,Returned,,10.0,4.0,No
CUST04026,ORD004026,PRD0016,2348062780485,Customer 4026,Male,26-35,Kaduna,North West,,2025-05-05,Electronics,Laptop,5,3500,0.1,15750.0,1500,Cash on Delivery,mobile app,completed,In Transit,13.0,4.0,No
CUST04027,ORD004027,PRD0023,2348049973725,Customer 4027,Female,60+,Port Harcourt,South South,,2024-04-15,Home & Kitchen,Blender,1,5000,0.15,4250.0,1000,bank transfer,Instagram,,,12.0,5.0,yes
CUST04028,ORD004028,PRD0027,2348047610942,Customer 4028,F,26-35,Lagos,South West,premium ,2024-10-14,Groceries,Cooking Oil,2,7500,0.15,12750.0,3500,Card,mobile app,Completed,DELIVERED,2.0,2.0,Yes
CUST04029,ORD004029,PRD0001,2348087715504,Customer 4029,FEMALE,,Kaduna,North West,Regular,2025-02-20,Groceries,Cooking Oil,5,25000,0.2,100000.0,1000,Wallet,Instagram,,Delayed,12.0,5.0,NO
CUST04030,ORD004030,PRD0029,2348010423061,Customer 4030,Male,,Enugu,South East,Occasional,2025-07-14,Groceries,Rice,4,120000,0.15,408000.0,2500,,Website,,In Transit,13.0,4.0,No
CUST04031,ORD004031,PRD0009,2348059118916,Customer 4031,,36-45,Ibadan,South West,premium ,2024-06-17,Electronics,Smart TV,5,120000,0.05,570000.0,1000,Card,Mobile App,Completed,,6.0,3.0,No
CUST04032,ORD004032,PRD0024,2348076868952,Customer 4032,,26-35,Abuja,North Central,Occasional,2024-02-20,Electronics,Wireless Earbuds,3,25000,0.05,71250.0,2500,Wallet,Marketplace,Completed,Delivered,1.0,4.0,yes
CUST04033,ORD004033,PRD0020,2348097919441,Customer 4033,FEMALE,46-60,Kano,North West,premium ,2026-08-24,Electronics,Smartphone,2,10000,0.2,16000.0,3500,Cash on Delivery,Marketplace,completed,Delivered,7.0,4.0,Yes
CUST04034,ORD004034,PRD0007,2348063035079,Customer 4034, m ,36-45,Benin City,South South,Regular,2024-05-07,Groceries,Beverage Pack,5,3500,0.15,14875.0,3500,Bank Transfer,,Completed,DELIVERED,11.0,4.0,
CUST04035,ORD004035,PRD0030,2348022016557,Customer 4035,M,,Abuja,North Central,,2025-12-28,Sports,Running Shoes,3,15000,0.0,45000.0,0,,Marketplace,completed,Delivered,8.0,4.0,yes
CUST04036,ORD004036,PRD0006,2348084948065,Customer 4036,Male,26-35,Ibadan,South West,Premium,2024-01-10,Groceries,Cereal,1,3500,0.1,3150.0,3500,Cash on Delivery,Website,Cancelled,delivered,11.0,4.0,No
CUST04037,ORD004037,PRD0020,2348056005195,Customer 4037,,,Ibadan,South West,Premium,2026-07-15,Fashion,Handbag,1,10000,0.2,8000.0,1500,Cash on Delivery,,,,10.0,1.0,No
CUST04038,ORD004038,PRD0011,2348016611589,Customer 4038,Male,,Benin City,South South,premium ,2025-10-11,Home & Kitchen,Vacuum Cleaner,4,25000,0.15,85000.0,1000,Card,Instagram,Pending,Delayed,1.0,5.0,No
CUST04039,ORD004039,PRD0022,2348091665363,Customer 4039,Male,46-60,Benin City,South South,REGULAR,2025-05-03,Home & Kitchen,Blender,5,15000,0.1,67500.0,1000,Card,Mobile App,,DELIVERED,3.0,4.0,
CUST04040,ORD004040,PRD0030,2348029378978,Customer 4040,Male,,Ibadan,South West,,2024-03-29,Groceries,Cereal,2,40000,0.0,80000.0,2500,Card,Store,cancelled,delivered,9.0,5.0,yes
CUST04041,ORD004041,PRD0015,2348069758070,Customer 4041,,26-35,Ibadan,South West,Business,2025-01-17,Beauty,Perfume,5,5000,0.1,22500.0,2500,Bank Transfer,Store,,,6.0,4.0,Yes
CUST04042,ORD004042,PRD0026,2348085976854,Customer 4042,female,18-25,Ibadan,South West,Occasional,2025-12-11,Groceries,Cooking Oil,4,15000,0.15,51000.0,0,Bank Transfer,Store,Completed,Delayed,6.0,,No
CUST04043,ORD004043,PRD0005,2348051935640,Customer 4043,,46-60,Lagos,South West,,2025-05-22,Electronics,Laptop,3,7500,0.1,20250.0,1000,Wallet,Instagram,Completed,Delayed,9.0,4.0,No
CUST04044,ORD004044,PRD0020,2348072765233,Customer 4044, m ,18-25,Kano,North West,REGULAR,2024-02-09,Fashion,Handbag,3,40000,0.1,108000.0,3500,Bank Transfer,Store,Pending,Delivered,3.0,2.0,No
CUST04045,ORD004045,PRD0027,2348068233641,Customer 4045,,26-35,Lagos,South West,Occasional,2024-08-16,Groceries,Cereal,1,40000,0.15,34000.0,0,Card,Website,Completed,delivered,14.0,5.0,Yes
CUST04046,ORD004046,PRD0021,2348069025791,Customer 4046,M,18-25,Port Harcourt,South South,Occasional,2026-06-15,Fashion,Sneakers,1,40000,0.2,32000.0,1500,CARD,Store,Completed,Delivered,13.0,1.0,Yes
CUST04047,ORD004047,PRD0007,2348041611618,Customer 4047,Male,60+,Kano,North West,Premium,2024-10-03,Home & Kitchen,Vacuum Cleaner,4,120000,0.2,384000.0,0,Cash on Delivery,website,COMPLETED,Delivered,13.0,5.0,NO
CUST04048,ORD004048,PRD0014,2348079952313,Customer 4048,,46-60,Port Harcourt,South South,Occasional,2024-08-22,Sports,Gym Bag,2,75000,0.2,120000.0,0,Bank Transfer,Store,completed,delivered,12.0,5.0,NO
CUST04049,ORD004049,PRD0012,2348054845117,Customer 4049,Male,,Kaduna,North West,,2024-02-07,Beauty,Perfume,1,7500,0.0,7500.0,1500,Bank Transfer,Website,completed,Delayed,9.0,,NO
CUST04050,ORD004050,PRD0013,2348010037895, Customer 4050 ,Male,18-25,Lagos,South West,Premium,2025-04-02,Fashion,Sneakers,1,75000,0.2,60000.0,3500,CARD,Instagram,cancelled,,4.0,5.0,yes
CUST04051,ORD004051,PRD0011,2348039323917,Customer 4051,F,46-60,Enugu,South East,Regular,2026-04-28,Beauty,Makeup Kit,4,10000,0.05,38000.0,3500,USSD,Store,Completed,In Transit,1.0,5.0,yes
CUST04052,ORD004052,PRD0003,2348064676103,Customer 4052,Male,,Kano,North West,Regular,2024-08-18,Home & Kitchen,Cookware Set,5,10000,0.1,45000.0,3500,Bank Transfer,,Pending,DELIVERED,8.0,3.0,No
CUST04053,ORD004053,PRD0012,2348014746457,Customer 4053,M,36-45,Abuja,North Central,,2025-03-23,Home & Kitchen,Air Fryer,1,75000,0.0,75000.0,0,bank transfer,Instagram,Pending,delivered,13.0,3.0,
CUST04054,ORD004054,PRD0009,2348051991817,Customer 4054,Female,46-60,Lagos,South West,Regular,2025-05-16,Fashion,Shirt,5,3500,0.1,15750.0,2500,USSD,,pending,delivered,9.0,5.0,No
CUST04055,ORD004055,PRD0005,2348099389950,Customer 4055,Male,60+,Abuja,North Central,Premium,2025-09-21,Home & Kitchen,Vacuum Cleaner,4,75000,0.0,300000.0,0,Bank Transfer,,Cancelled,delivered,10.0,5.0,No
CUST04056,ORD004056,PRD0003,2348013089416,Customer 4056,Male,18-25,Benin City,South South,Occasional,2024-03-03,Groceries,Beverage Pack,4,75000,0.15,255000.0,1500,,,,Delayed,3.0,3.0,Yes
CUST04057,ORD004057,PRD0001,2348066678004,Customer 4057,Male,46-60,Benin City,South South,Premium,2025-11-04,Fashion,Shirt,5,40000,0.05,190000.0,0,USSD,Marketplace,completed,Delivered,13.0,5.0,
CUST04058,ORD004058,PRD0009,2348038967639,Customer 4058,M,,Ibadan,South West,Occasional,2026-01-11,Groceries,Cereal,1,3500,0.2,2800.0,3500,Wallet,Instagram,Returned,Delivered,2.0,2.0,No
CUST04059,ORD004059,PRD0005,2348030670201,Customer 4059,F,36-45,Ibadan,South West,Premium,2025-07-14,Home & Kitchen,Cookware Set,2,5000,0.15,8500.0,3500,USSD,website,cancelled,Delivered,3.0,2.0,Yes
CUST04060,ORD004060,PRD0019,2348034308332,Customer 4060, m ,46-60,Abuja,North Central,Premium,2025-08-31,Electronics,Wireless Earbuds,2,3500,0.0,7000.0,1500,Cash on Delivery,Mobile App,,,3.0,5.0,
CUST04061,ORD004061,PRD0020,2348095596600,Customer 4061,,,Port Harcourt,South South,Occasional,2024-07-13,Beauty,Perfume,5,10000,0.15,42500.0,3500,Cash on Delivery,Store,pending,Returned,6.0,,No
CUST04062,ORD004062,PRD0005,2348065619749,Customer 4062,Male,,Enugu,South East,Premium,2024-12-15,Home & Kitchen,Air Fryer,3,75000,0.0,225000.0,1500,bank transfer,Mobile App,Completed,delivered,12.0,4.0,NO
CUST04063,ORD004063,PRD0023,2348039234316,Customer 4063,female,36-45,Port Harcourt,South South,Regular,2025-08-29,Home & Kitchen,Cookware Set,2,3500,0.05,6650.0,0,Card,,Completed,DELIVERED,8.0,2.0,No
CUST04064,ORD004064,PRD0001,2348040777128,Customer 4064,female,26-35,Kano,North West,,2024-11-07,Fashion,Jeans,1,7500,0.05,7125.0,1000,Cash on Delivery,Store,Completed,In Transit,5.0,4.0,Yes
CUST04065,ORD004065,PRD0027,2348027365057,Customer 4065,Female,60+,Abuja,North Central,Premium,2025-10-31,Electronics,Smart TV,3,10000,0.05,28500.0,2500,Wallet,Mobile App,,,13.0,5.0,
CUST04066,ORD004066,PRD0010,2348024908185,Customer 4066,Female,,Kano,North West,Premium,2026-06-20,Fashion,Jeans,2,15000,0.0,30000.0,1500,Card,Store,pending,Delayed,5.0,5.0,Yes
CUST04067,ORD004067,PRD0018,2348062122512,Customer 4067, f ,,Enugu,South East,REGULAR,2026-07-12,Beauty,Makeup Kit,5,3500,0.15,14875.0,3500,Bank Transfer,Instagram,,,2.0,5.0,
CUST04068,ORD004068,PRD0002,2348011238310,Customer 4068,Male,46-60,Enugu,South East,premium ,2024-09-15,Electronics,Smartphone,5,10000,0.0,50000.0,1500,Bank Transfer,Marketplace,Completed,DELIVERED,3.0,4.0,No
CUST04069,ORD004069,PRD0022,2348057791483,Customer 4069,Female,18-25,Lagos,South West,Occasional,2025-07-29,Home & Kitchen,Blender,3,15000,0.1,40500.0,1500,Bank Transfer,Website,Pending,,9.0,4.0,NO
CUST04070,ORD004070,PRD0021,2348056252589,Customer 4070,Male,18-25,Abuja,North Central,Premium,2025-03-05,Home & Kitchen,Vacuum Cleaner,4,15000,0.2,48000.0,1000,Wallet,Instagram,COMPLETED,Delivered,8.0,5.0,Yes
CUST04071,ORD004071,PRD0029,2348068783180,Customer 4071,Male,18-25,Lagos,South West,premium ,2026-02-24,Sports,Running Shoes,4,120000,0.15,408000.0,2500,Bank Transfer,Website,Completed,Delayed,13.0,5.0,No
CUST04072,ORD004072,PRD0025,2348028169560,Customer 4072,female,46-60,Kano,North West,,2025-09-28,Fashion,Sneakers,4,75000,0.1,270000.0,1000,Bank Transfer,Website,Returned,,5.0,5.0,No
CUST04073,ORD004073,PRD0026,2348015854872,Customer 4073,,26-35,Kano,North West,Business,2024-05-24,Groceries,Rice,1,120000,0.15,102000.0,0,Cash on Delivery,Mobile App,cancelled,Delivered,6.0,,No
CUST04074,ORD004074,PRD0014,2348070001177,Customer 4074,,60+,Lagos,South West,Business,2025-08-09,Electronics,Laptop,1,75000,0.05,71250.0,1500,Card,Website,Cancelled,In Transit,6.0,2.0,Yes
CUST04075,ORD004075,PRD0019,2348016398534, Customer 4075 ,Male,,Kaduna,North West,Occasional,2025-12-24,Fashion,Handbag,2,25000,0.2,40000.0,1500,Card,mobile app,Cancelled,Returned,2.0,4.0,No
CUST04076,ORD004076,PRD0006,2348070327685,Customer 4076,F,26-35,Benin City,South South,Premium,2026-08-28,Sports,Football,1,10000,0.15,8500.0,0,Card,Instagram,completed,Delivered,5.0,,
CUST04077,ORD004077,PRD0026,2348027659570,Customer 4077,,60+,Kaduna,North West,premium ,2026-08-24,Sports,Yoga Mat,5,120000,0.15,510000.0,1500,CARD,Store,pending,In Transit,10.0,5.0,Yes
CUST04078,ORD004078,PRD0026,2348053887574,Customer 4078,female,36-45,Kaduna,North West,premium ,2024-01-15,Sports,Yoga Mat,2,15000,0.2,24000.0,2500,bank transfer,Website,,delivered,1.0,1.0,NO
CUST04079,ORD004079,PRD0017,2348077050833,Customer 4079,Male,18-25,Kano,North West,Premium,2025-06-07,Fashion,Sneakers,2,15000,0.1,27000.0,2500,CARD,website,Returned,In Transit,9.0,5.0,yes
CUST04080,ORD004080,PRD0013,2348046534744,Customer 4080,MALE,,Enugu,South East,Premium,2025-03-05,Fashion,Handbag,5,5000,0.2,20000.0,1000,,Store,completed,DELIVERED,13.0,1.0,No
CUST04081,ORD004081,PRD0023,2348042169526,Customer 4081,female,60+,Lagos,South West,Occasional,2024-08-24,Beauty,Perfume,1,15000,0.2,12000.0,1500,Bank Transfer,Website,,Returned,1.0,5.0,No
CUST04082,ORD004082,PRD0030,2348029467151,Customer 4082,,,Benin City,South South,Premium,2024-02-12,Sports,Gym Bag,2,40000,0.1,72000.0,0,Wallet,website,completed,,11.0,,Yes
CUST04083,ORD004083,PRD0018,2348087354672,Customer 4083,Female,26-35,Kaduna,North West,Regular,2025-12-17,Home & Kitchen,Air Fryer,5,25000,0.1,112500.0,2500,Card,Marketplace,completed,In Transit,7.0,4.0,Yes
CUST04084,ORD004084,PRD0005,2348018761089,Customer 4084,Male,26-35,Abuja,North Central,,2025-03-17,Sports,Football,3,25000,0.15,63750.0,3500,Wallet,website,cancelled,In Transit,11.0,5.0,Yes
CUST04085,ORD004085,PRD0004,2348063499938,Customer 4085, f ,36-45,Kaduna,North West,Business,2024-01-10,Beauty,Perfume,2,25000,0.1,45000.0,0,Cash on Delivery,Store,Completed,delivered,9.0,4.0,NO
CUST04086,ORD004086,PRD0003,2348025998446,Customer 4086,F,36-45,Kaduna,North West,Regular,2026-04-12,Groceries,Cooking Oil,5,75000,0.15,318750.0,0,Card,Store,Returned,delivered,2.0,1.0,
CUST04087,ORD004087,PRD0001,2348090462423,Customer 4087,Female,60+,Kano,North West,Business,2025-05-21,Beauty,Perfume,3,40000,0.05,114000.0,1000,CARD,Marketplace,pending,Delivered,8.0,5.0,No
CUST04088,ORD004088,PRD0005,2348046346968,Customer 4088,Female,,Kano,North West,Occasional,2026-05-26,Groceries,Rice,1,120000,0.2,96000.0,3500,Cash on Delivery,,,Delivered,1.0,4.0,Yes
CUST04089,ORD004089,PRD0024,2348039099516,Customer 4089,F,,Abuja,North Central,Regular,2025-02-13,Home & Kitchen,Cookware Set,3,75000,0.2,180000.0,0,Cash on Delivery,Mobile App,Cancelled,In Transit,7.0,4.0,Yes
CUST04090,ORD004090,PRD0008,2348050072982,Customer 4090,Female,36-45,Enugu,South East,Regular,2024-03-11,Sports,Gym Bag,5,10000,0.15,42500.0,1000,,Store,Pending,Delivered,8.0,3.0,
CUST04091,ORD004091,PRD0020,2348014814360,Customer 4091, m ,26-35,Lagos,South West,Regular,2025-05-10,Beauty,Makeup Kit,2,120000,0.2,192000.0,2500,Cash on Delivery,Store,COMPLETED,In Transit,5.0,3.0,
CUST04092,ORD004092,PRD0028,2348031295059,Customer 4092,,46-60,Abuja,North Central,Premium,2025-10-24,Groceries,Cereal,2,25000,0.15,42500.0,0,,Instagram,completed,In Transit,9.0,5.0,No
CUST04093,ORD004093,PRD0012,2348051309734,Customer 4093,Male,60+,Kaduna,North West,Regular,2025-07-25,Home & Kitchen,Air Fryer,3,3500,0.05,9975.0,0,Bank Transfer,,Completed,,13.0,4.0,Yes
CUST04094,ORD004094,PRD0003,2348023799961,Customer 4094,,,Kano,North West,Occasional,2025-07-27,Beauty,Skincare Set,1,75000,0.1,67500.0,1000,Bank Transfer,Store,,delivered,1.0,3.0,No
CUST04095,ORD004095,PRD0005,2348031580036,Customer 4095,Female,60+,Benin City,South South,premium ,2024-11-04,Beauty,Skincare Set,2,120000,0.15,204000.0,2500,CARD,Mobile App,cancelled,Delivered,4.0,4.0,NO
CUST04096,ORD004096,PRD0023,2348020414809,Customer 4096,Male,26-35,Kano,North West,Business,2024-07-18,Home & Kitchen,Vacuum Cleaner,5,10000,0.15,42500.0,1500,Bank Transfer,Website,Pending,delivered,6.0,5.0,Yes
CUST04097,ORD004097,PRD0004,2348032308595,Customer 4097,FEMALE,36-45,Abuja,North Central,premium ,2024-02-20,Home & Kitchen,Blender,1,3500,0.1,3150.0,1000,USSD,Website,Pending,delivered,13.0,3.0,No
CUST04098,ORD004098,PRD0002,2348023242990,Customer 4098,Female,60+,Abuja,North Central,Premium,2025-02-05,Home & Kitchen,Blender,5,3500,0.15,14875.0,1000,Cash on Delivery,Instagram,cancelled,Delivered,7.0,3.0,No
CUST04099,ORD004099,PRD0020,2348037509358,Customer 4099,Female,36-45,Ibadan,South West,REGULAR,2024-02-29,Sports,Gym Bag,3,15000,0.0,45000.0,0,Cash on Delivery,Website,Cancelled,DELIVERED,12.0,2.0,yes
CUST04100,ORD004100,PRD0022,2348032168026, Customer 4100 , m ,26-35,Kano,North West,Regular,2025-05-25,Home & Kitchen,Blender,5,15000,0.15,63750.0,1500,CARD,Website,completed,Returned,,4.0,Yes
CUST04101,ORD004101,PRD0028,2348061261931,Customer 4101,Male,18-25,Benin City,South South,REGULAR,2024-01-11,Home & Kitchen,Vacuum Cleaner,5,75000,0.2,300000.0,1000,Bank Transfer,Marketplace,completed,Returned,8.0,5.0,No
CUST04102,ORD004102,PRD0015,2348054319782,Customer 4102,Female,18-25,Kaduna,North West,Regular,2024-10-07,Home & Kitchen,Cookware Set,5,5000,0.05,23750.0,2500,Wallet,website,cancelled,Delayed,,4.0,
CUST04103,ORD004103,PRD0029,2348013831874,Customer 4103,,36-45,Kano,North West,Occasional,2026-02-08,Beauty,Skincare Set,4,7500,0.1,27000.0,1000,Wallet,Marketplace,Completed,In Transit,2.0,,Yes
CUST04104,ORD004104,PRD0012,2348063067389,Customer 4104,,18-25,Lagos,South West,Regular,2024-03-16,Groceries,Beverage Pack,4,40000,0.15,136000.0,0,Cash on Delivery,Marketplace,Completed,,5.0,4.0,Yes
CUST04105,ORD004105,PRD0016,2348068040955,Customer 4105,Female,36-45,Kaduna,North West,Business,2026-03-20,Beauty,Skincare Set,4,75000,0.2,240000.0,1000,Bank Transfer,website,cancelled,,2.0,4.0,No
CUST04106,ORD004106,PRD0024,2348074100458,Customer 4106,MALE,60+,Ibadan,South West,,2026-01-04,Groceries,Cereal,1,10000,0.15,8500.0,1500,Wallet,Website,cancelled,,10.0,3.0,No
CUST04107,ORD004107,PRD0009,2348046251064,Customer 4107,Female,18-25,Lagos,South West,Occasional,2026-03-25,Groceries,Cooking Oil,5,3500,0.05,16625.0,3500,Cash on Delivery,Website,completed,Delivered,12.0,4.0,No
CUST04108,ORD004108,PRD0020,2348079646660,Customer 4108,Male,60+,Lagos,South West,Regular,2025-03-27,Beauty,Hair Dryer,1,3500,0.05,3325.0,1500,USSD,Instagram,COMPLETED,Delayed,3.0,4.0,No
CUST04109,ORD004109,PRD0007,2348064433462,Customer 4109,Female,,Ibadan,South West,premium ,2024-05-28,Electronics,Smart TV,4,15000,0.2,48000.0,1000,Bank Transfer,Website,COMPLETED,Delivered,4.0,1.0,No
CUST04110,ORD004110,PRD0015,2348051569961,Customer 4110,F,36-45,Kaduna,North West,Premium,2025-01-10,Groceries,Beverage Pack,1,25000,0.15,21250.0,2500,Bank Transfer,Store,Pending,delivered,4.0,5.0,No
CUST04111,ORD004111,PRD0019,2348036002735,Customer 4111,Male,46-60,Port Harcourt,South South,Premium,2025-08-31,Home & Kitchen,Blender,4,25000,0.15,85000.0,3500,Bank Transfer,Store,Pending,,3.0,5.0,
CUST04112,ORD004112,PRD0026,2348071449784,Customer 4112,female,18-25,Benin City,South South,Occasional,2024-08-30,Sports,Gym Bag,2,7500,0.2,12000.0,2500,Wallet,Instagram,Completed,Delivered,14.0,4.0,Yes
CUST04113,ORD004113,PRD0020,2348077267911,Customer 4113,Female,,Benin City,South South,premium ,2025-04-04,Groceries,Rice,5,7500,0.2,30000.0,1500,Wallet,Marketplace,completed,DELIVERED,12.0,4.0,
CUST04114,ORD004114,PRD0029,2348095851700,Customer 4114,,46-60,Benin City,South South,Premium,2024-03-21,Beauty,Skincare Set,1,75000,0.2,60000.0,2500,USSD,,COMPLETED,DELIVERED,6.0,3.0,
CUST04115,ORD004115,PRD0014,2348083734457,Customer 4115,Male,36-45,Enugu,South East,,2025-05-14,Sports,Gym Bag,1,5000,0.05,4750.0,0,Wallet,Website,Completed,Delayed,14.0,3.0,NO
CUST04116,ORD004116,PRD0001,2348088548622,Customer 4116,,60+,Abuja,North Central,Premium,2024-06-24,Beauty,Hair Dryer,1,120000,0.2,96000.0,1000,Card,Mobile App,completed,Returned,5.0,5.0,Yes
CUST04117,ORD004117,PRD0024,2348017238050,Customer 4117,Female,46-60,Port Harcourt,South South,Business,2026-02-09,Fashion,Jeans,2,25000,0.15,42500.0,2500,Bank Transfer,Mobile App,cancelled,Delayed,7.0,5.0,
CUST04118,ORD004118,PRD0007,2348079880062,Customer 4118,M,26-35,Lagos,South West,Occasional,2024-08-28,Beauty,Hair Dryer,1,75000,0.2,60000.0,1500,Card,Instagram,Pending,In Transit,7.0,5.0,Yes
CUST04119,ORD004119,PRD0020,2348040343944,Customer 4119,Female,,Kaduna,North West,,2024-11-23,Electronics,Smartphone,5,75000,0.15,318750.0,1500,Wallet,mobile app,pending,,14.0,4.0,No
CUST04120,ORD004120,PRD0027,2348047327680,Customer 4120,Male,36-45,Ibadan,South West,Regular,2025-11-11,Groceries,Beverage Pack,2,10000,0.15,17000.0,2500,Cash on Delivery,Website,Cancelled,Delivered,4.0,4.0,
CUST04121,ORD004121,PRD0009,2348099768939,Customer 4121,M,46-60,Ibadan,South West,,2025-06-26,Fashion,Handbag,2,5000,0.15,8500.0,1000,,Website,completed,In Transit,8.0,5.0,
CUST04122,ORD004122,PRD0026,2348049280560,Customer 4122,,18-25,Port Harcourt,South South,REGULAR,2024-02-07,Sports,Yoga Mat,2,7500,0.05,14250.0,1500,Card,Store,Completed,delivered,8.0,4.0,NO
CUST04123,ORD004123,PRD0003,2348056562996,Customer 4123,,18-25,Benin City,South South,Occasional,2025-11-03,Groceries,Cooking Oil,5,40000,0.15,170000.0,1000,USSD,website,,Returned,1.0,5.0,No
CUST04124,ORD004124,PRD0016,2348049644513,Customer 4124,MALE,60+,Enugu,South East,Regular,2026-05-09,Beauty,Skincare Set,1,120000,0.2,96000.0,2500,,,,,5.0,1.0,
CUST04125,ORD004125,PRD0018,2348067089392, Customer 4125 ,male,36-45,Port Harcourt,South South,REGULAR,2025-12-13,Home & Kitchen,Blender,3,75000,0.15,191250.0,3500,Bank Transfer,Instagram,Pending,DELIVERED,10.0,3.0,Yes
CUST04126,ORD004126,PRD0023,2348090307361,Customer 4126, m ,26-35,Kano,North West,,2026-04-11,Electronics,Laptop,5,25000,0.15,106250.0,1000,Wallet,website,Completed,In Transit,14.0,4.0,
CUST04127,ORD004127,PRD0009,2348023990242,Customer 4127,Male,,Benin City,South South,Premium,2024-03-19,Beauty,Skincare Set,1,7500,0.0,7500.0,1500,Bank Transfer,Mobile App,cancelled,In Transit,4.0,,Yes
CUST04128,ORD004128,PRD0018,2348042515141,Customer 4128,F,,Lagos,South West,premium ,2025-02-10,Groceries,Rice,4,5000,0.1,18000.0,3500,Card,Website,COMPLETED,DELIVERED,,5.0,No
CUST04129,ORD004129,PRD0010,2348058312342,Customer 4129, m ,60+,Benin City,South South,Regular,2025-04-21,Beauty,Skincare Set,4,5000,0.0,20000.0,0,bank transfer,mobile app,Completed,delivered,8.0,4.0,No
CUST04130,ORD004130,PRD0028,2348086195485,Customer 4130,Male,,Abuja,North Central,Occasional,2024-05-17,Home & Kitchen,Blender,2,40000,0.0,80000.0,1500,CARD,Website,pending,Returned,11.0,,yes
CUST04131,ORD004131,PRD0009,2348050034200,Customer 4131,,26-35,Lagos,South West,premium ,2025-05-21,Home & Kitchen,Air Fryer,2,40000,0.15,68000.0,1500,USSD,Marketplace,Completed,Returned,3.0,2.0,No
CUST04132,ORD004132,PRD0029,2348011462057,Customer 4132,,36-45,Abuja,North Central,Occasional,2024-07-22,Beauty,Skincare Set,2,40000,0.05,76000.0,3500,bank transfer,Store,Completed,,12.0,4.0,No
CUST04133,ORD004133,PRD0012,2348010459917,Customer 4133, m ,36-45,Benin City,South South,REGULAR,2025-08-14,Beauty,Makeup Kit,5,15000,0.1,67500.0,2500,Wallet,Mobile App,COMPLETED,Returned,1.0,5.0,Yes
CUST04134,ORD004134,PRD0023,2348030514901,Customer 4134,Male,18-25,Benin City,South South,Premium,2024-08-08,Fashion,Shirt,4,25000,0.15,85000.0,0,,Instagram,Completed,delivered,2.0,5.0,No
CUST04135,ORD004135,PRD0006,2348036328344,Customer 4135,male,36-45,Ibadan,South West,premium ,2025-11-23,Fashion,Jeans,1,25000,0.0,25000.0,2500,Bank Transfer,Marketplace,completed,Delivered,8.0,3.0,NO
CUST04136,ORD004136,PRD0013,2348038697187,Customer 4136,female,26-35,Kaduna,North West,Regular,2024-11-01,Electronics,Laptop,2,7500,0.05,14250.0,1500,Cash on Delivery,,,delivered,13.0,4.0,No
CUST04137,ORD004137,PRD0004,2348015678244,Customer 4137,,60+,Kaduna,North West,Premium,2024-08-30,Groceries,Cooking Oil,3,5000,0.2,12000.0,1000,Cash on Delivery,Mobile App,Completed,Delayed,8.0,1.0,yes
CUST04138,ORD004138,PRD0016,2348029074872,Customer 4138,M,26-35,Kano,North West,REGULAR,2024-01-03,Fashion,Jeans,3,7500,0.2,18000.0,1000,Card,Website,Pending,Returned,12.0,3.0,No
CUST04139,ORD004139,PRD0004,2348091804106,Customer 4139,M,,Kaduna,North West,Regular,2025-08-02,Fashion,Jeans,5,5000,0.05,23750.0,3500,Bank Transfer,Store,Cancelled,Delivered,,4.0,
CUST04140,ORD004140,PRD0021,2348047425621,Customer 4140,MALE,46-60,Benin City,South South,Occasional,2024-09-08,Sports,Yoga Mat,2,120000,0.1,216000.0,2500,Wallet,,cancelled,,1.0,5.0,No
CUST04141,ORD004141,PRD0007,2348076719555,Customer 4141, m ,36-45,Ibadan,South West,Occasional,2026-03-12,Sports,Football,1,3500,0.05,3325.0,1500,Card,Store,completed,Delivered,11.0,4.0,NO
CUST04142,ORD004142,PRD0028,2348092686052,Customer 4142,,26-35,Lagos,South West,Premium,2024-04-10,Beauty,Perfume,4,15000,0.05,57000.0,1500,Bank Transfer,mobile app,Completed,In Transit,6.0,5.0,Yes
CUST04143,ORD004143,PRD0019,2348045451625,Customer 4143,Female,60+,Kano,North West,Regular,2025-05-03,Beauty,Skincare Set,5,10000,0.05,47500.0,2500,Bank Transfer,Store,Cancelled,Delayed,2.0,4.0,Yes
CUST04144,ORD004144,PRD0001,2348044746847,Customer 4144,MALE,,Enugu,South East,Premium,2025-09-17,Sports,Running Shoes,3,40000,0.1,108000.0,3500,Cash on Delivery,Store,Cancelled,In Transit,6.0,5.0,No
CUST04145,ORD004145,PRD0019,2348026127435,Customer 4145,Male,60+,Kano,North West,Regular,2025-03-10,Sports,Gym Bag,1,15000,0.15,12750.0,3500,Bank Transfer,Mobile App,,,6.0,1.0,
CUST04146,ORD004146,PRD0003,2348088694843,Customer 4146,M,36-45,Enugu,South East,Regular,2025-03-31,Fashion,Shirt,1,15000,0.0,15000.0,3500,Bank Transfer,Mobile App,Cancelled,Delivered,,1.0,yes
CUST04147,ORD004147,PRD0010,2348027874560,Customer 4147,Male,,Lagos,South West,Regular,2025-03-22,Electronics,Smart TV,3,120000,0.05,342000.0,1500,USSD,Website,Cancelled,In Transit,13.0,5.0,Yes
CUST04148,ORD004148,PRD0016,2348038736956,Customer 4148,Female,18-25,Lagos,South West,Business,2024-10-28,Beauty,Makeup Kit,2,3500,0.05,6650.0,0,Cash on Delivery,mobile app,Completed,delivered,11.0,4.0,NO
CUST04149,ORD004149,PRD0002,2348076862793,Customer 4149,Female,18-25,Abuja,North Central,Business,2025-11-26,Sports,Running Shoes,2,7500,0.2,12000.0,1000,USSD,Store,Returned,In Transit,7.0,3.0,
CUST04150,ORD004150,PRD0010,2348059030466, Customer 4150 ,Male,46-60,Kaduna,North West,Regular,2025-09-14,Groceries,Beverage Pack,5,3500,0.15,14875.0,3500,Wallet,Mobile App,Cancelled,Returned,,1.0,No
CUST04151,ORD004151,PRD0021,2348024701181,Customer 4151,Female,18-25,Port Harcourt,South South,Premium,2025-06-05,Sports,Running Shoes,4,3500,0.15,11900.0,3500,Card,Marketplace,Returned,Delayed,5.0,3.0,Yes
CUST04152,ORD004152,PRD0023,2348038549759,Customer 4152,Female,36-45,Abuja,North Central,Regular,2024-10-25,Home & Kitchen,Vacuum Cleaner,5,25000,0.15,106250.0,2500,,Instagram,Completed,In Transit,7.0,3.0,yes
CUST04153,ORD004153,PRD0029,2348048413992,Customer 4153,Male,18-25,Ibadan,South West,Premium,2024-11-17,Groceries,Rice,5,5000,0.05,23750.0,0,Card,Mobile App,completed,Returned,1.0,4.0,No
CUST04154,ORD004154,PRD0026,2348062673176,Customer 4154,Female,60+,Port Harcourt,South South,,2026-03-11,Fashion,Jeans,2,120000,0.15,204000.0,1500,bank transfer,Instagram,COMPLETED,Returned,2.0,1.0,Yes
CUST04155,ORD004155,PRD0009,2348010303825,Customer 4155,Female,18-25,Benin City,South South,,2024-05-06,Fashion,Sneakers,1,5000,0.0,5000.0,3500,Card,Store,Completed,,6.0,5.0,No
CUST04156,ORD004156,PRD0012,2348048364175,Customer 4156,MALE,36-45,Ibadan,South West,Premium,2024-03-28,Groceries,Rice,5,3500,0.15,14875.0,3500,Card,Marketplace,pending,delivered,1.0,4.0,
CUST04157,ORD004157,PRD0024,2348066247482,Customer 4157,Male,46-60,Port Harcourt,South South,REGULAR,2025-06-17,Sports,Gym Bag,3,5000,0.2,12000.0,1500,CARD,Instagram,completed,,6.0,4.0,yes
CUST04158,ORD004158,PRD0004,2348069828315,Customer 4158,Male,60+,Kaduna,North West,Premium,2026-01-16,Groceries,Cooking Oil,2,75000,0.1,135000.0,1000,USSD,Store,COMPLETED,Delayed,2.0,5.0,
CUST04159,ORD004159,PRD0020,2348057926288,Customer 4159,,46-60,Abuja,North Central,Premium,2025-02-14,Home & Kitchen,Cookware Set,2,3500,0.05,6650.0,1500,CARD,Marketplace,cancelled,Returned,6.0,5.0,Yes
CUST04160,ORD004160,PRD0015,2348068339478,Customer 4160,F,36-45,Benin City,South South,Premium,2024-07-19,Beauty,Hair Dryer,5,10000,0.05,47500.0,0,Bank Transfer,Store,Pending,DELIVERED,10.0,,NO
CUST04161,ORD004161,PRD0028,2348040419459,Customer 4161,Female,60+,Enugu,South East,Premium,2024-02-18,Beauty,Skincare Set,2,3500,0.15,5950.0,2500,USSD,,,Returned,1.0,3.0,No
CUST04162,ORD004162,PRD0029,2348070005536,Customer 4162,Male,26-35,Port Harcourt,South South,Premium,2024-01-26,Electronics,Laptop,4,25000,0.1,90000.0,2500,Bank Transfer,Instagram,,,12.0,4.0,No
CUST04163,ORD004163,PRD0017,2348082407548,Customer 4163,Male,18-25,Abuja,North Central,Regular,2024-12-10,Sports,Yoga Mat,5,3500,0.2,14000.0,0,Cash on Delivery,website,COMPLETED,,9.0,3.0,
CUST04164,ORD004164,PRD0005,2348047451713,Customer 4164,Female,26-35,Enugu,South East,Premium,2025-07-12,Electronics,Smartphone,3,25000,0.1,67500.0,1000,CARD,Marketplace,,delivered,,4.0,No
CUST04165,ORD004165,PRD0022,2348023112887,Customer 4165,,26-35,Abuja,North Central,Regular,2024-11-20,Groceries,Cereal,5,15000,0.1,67500.0,3500,bank transfer,Store,Completed,Delivered,11.0,4.0,
CUST04166,ORD004166,PRD0004,2348015516815,Customer 4166,female,18-25,Kano,North West,Regular,2024-01-31,Electronics,Wireless Earbuds,2,120000,0.1,216000.0,2500,Card,Mobile App,Completed,Delayed,14.0,5.0,No
CUST04167,ORD004167,PRD0006,2348081959081,Customer 4167,Male,36-45,Abuja,North Central,Occasional,2024-05-21,Fashion,Sneakers,1,10000,0.05,9500.0,0,USSD,Marketplace,Completed,,12.0,4.0,NO
CUST04168,ORD004168,PRD0018,2348049807900,Customer 4168,Male,26-35,Ibadan,South West,Regular,2024-06-17,Beauty,Makeup Kit,4,3500,0.0,14000.0,0,CARD,Website,,In Transit,12.0,3.0,No
CUST04169,ORD004169,PRD0008,2348044288112,Customer 4169,,60+,Lagos,South West,Regular,2025-06-02,Fashion,Shirt,4,5000,0.0,20000.0,1000,Bank Transfer,Mobile App,Cancelled,Returned,8.0,3.0,
CUST04170,ORD004170,PRD0014,2348012458220,Customer 4170,female,18-25,Benin City,South South,Regular,2025-04-26,Beauty,Hair Dryer,1,40000,0.0,40000.0,1000,Bank Transfer,Store,,Delayed,,4.0,
CUST04171,ORD004171,PRD0013,2348023248227,Customer 4171,Female,,Kano,North West,Occasional,2025-01-11,Beauty,Makeup Kit,2,75000,0.2,120000.0,2500,Bank Transfer,Store,Completed,In Transit,3.0,5.0,No
CUST04172,ORD004172,PRD0029,2348026457037,Customer 4172,Male,,Benin City,South South,Business,2026-08-28,Beauty,Makeup Kit,4,120000,0.0,480000.0,1000,Wallet,,,delivered,1.0,4.0,Yes
CUST04173,ORD004173,PRD0023,2348056930126,Customer 4173,F,,Kaduna,North West,premium ,2024-09-22,Groceries,Rice,4,3500,0.15,11900.0,2500,Bank Transfer,Instagram,COMPLETED,,1.0,4.0,Yes
CUST04174,ORD004174,PRD0030,2348050848252,Customer 4174,,36-45,Ibadan,South West,Business,2026-06-28,Electronics,Smartphone,1,10000,0.1,9000.0,0,Bank Transfer,Store,,Returned,2.0,4.0,No
CUST04175,ORD004175,PRD0019,2348053478458, Customer 4175 ,Female,60+,Port Harcourt,South South,REGULAR,2025-12-29,Sports,Football,1,40000,0.15,34000.0,1000,bank transfer,mobile app,,Delivered,14.0,5.0,
CUST04176,ORD004176,PRD0006,2348048539131,Customer 4176,F,46-60,Abuja,North Central,Occasional,2026-08-05,Sports,Running Shoes,5,5000,0.15,21250.0,2500,CARD,Mobile App,,Delayed,7.0,4.0,No
CUST04177,ORD004177,PRD0005,2348057135262,Customer 4177,Male,46-60,Lagos,South West,Business,2026-08-27,Home & Kitchen,Blender,2,25000,0.2,40000.0,3500,Wallet,Marketplace,Completed,Delivered,5.0,1.0,yes
CUST04178,ORD004178,PRD0015,2348050211230,Customer 4178, m ,26-35,Port Harcourt,South South,Regular,2024-09-30,Groceries,Cooking Oil,2,25000,0.1,45000.0,3500,,Store,cancelled,delivered,14.0,5.0,No
CUST04179,ORD004179,PRD0005,2348057125411,Customer 4179,F,18-25,Kaduna,North West,Business,2025-03-10,Home & Kitchen,Vacuum Cleaner,2,40000,0.05,76000.0,1500,Cash on Delivery,,Pending,Delivered,9.0,4.0,No
CUST04180,ORD004180,PRD0016,2348094280240,Customer 4180,M,18-25,Ibadan,South West,Premium,2024-06-09,Beauty,Perfume,5,7500,0.15,31875.0,2500,Bank Transfer,Marketplace,Completed,Delivered,6.0,4.0,No
CUST04181,ORD004181,PRD0010,2348068021788,Customer 4181, m ,26-35,Ibadan,South West,Business,2024-03-06,Beauty,Hair Dryer,2,40000,0.15,68000.0,1000,Card,Marketplace,Completed,DELIVERED,4.0,4.0,
CUST04182,ORD004182,PRD0023,2348038568151,Customer 4182,,26-35,Abuja,North Central,Premium,2024-09-17,Electronics,Wireless Earbuds,3,15000,0.15,38250.0,0,Card,Marketplace,Completed,Delivered,10.0,4.0,No
CUST04183,ORD004183,PRD0024,2348024682367,Customer 4183,,60+,Lagos,South West,Regular,2025-11-28,Home & Kitchen,Blender,2,120000,0.05,228000.0,1000,CARD,Website,Completed,Returned,12.0,5.0,No
CUST04184,ORD004184,PRD0002,2348044638537,Customer 4184,Male,,Abuja,North Central,,2025-12-27,Electronics,Smart TV,4,40000,0.0,160000.0,3500,Wallet,Store,cancelled,In Transit,7.0,3.0,No
CUST04185,ORD004185,PRD0001,2348074969505,Customer 4185,Male,46-60,Ibadan,South West,REGULAR,2024-09-14,Electronics,Laptop,1,5000,0.05,4750.0,0,,,COMPLETED,In Transit,7.0,1.0,No
CUST04186,ORD004186,PRD0005,2348044841208,Customer 4186,female,,Lagos,South West,Occasional,2026-08-02,Sports,Football,2,15000,0.05,28500.0,2500,Bank Transfer,Website,Completed,delivered,9.0,4.0,No
CUST04187,ORD004187,PRD0005,2348081451572,Customer 4187,,36-45,Abuja,North Central,Regular,2024-01-28,Electronics,Wireless Earbuds,4,75000,0.05,285000.0,1500,Card,Website,Cancelled,Delivered,12.0,4.0,No
CUST04188,ORD004188,PRD0021,2348092781155,Customer 4188,Male,,Kano,North West,Premium,2026-04-06,Groceries,Beverage Pack,5,75000,0.1,337500.0,1500,CARD,website,,In Transit,6.0,4.0,No
CUST04189,ORD004189,PRD0025,2348060155438,Customer 4189,F,18-25,Benin City,South South,REGULAR,2025-05-28,Groceries,Cereal,2,25000,0.15,42500.0,3500,Card,,Pending,DELIVERED,10.0,5.0,No
CUST04190,ORD004190,PRD0007,2348057990271,Customer 4190,Female,26-35,Lagos,South West,REGULAR,2024-12-13,Beauty,Hair Dryer,1,25000,0.15,21250.0,1500,Wallet,Mobile App,Returned,In Transit,3.0,5.0,Yes
CUST04191,ORD004191,PRD0022,2348056669548,Customer 4191, f ,18-25,Enugu,South East,Regular,2026-05-26,Home & Kitchen,Cookware Set,1,10000,0.2,8000.0,2500,Cash on Delivery,Store,Cancelled,Delayed,1.0,5.0,
CUST04192,ORD004192,PRD0024,2348098463359,Customer 4192,Male,60+,Lagos,South West,Occasional,2024-05-04,Home & Kitchen,Cookware Set,2,3500,0.15,5950.0,0,CARD,Marketplace,Pending,Delivered,13.0,4.0,No
CUST04193,ORD004193,PRD0014,2348096276305,Customer 4193,F,26-35,Port Harcourt,South South,,2025-01-09,Fashion,Handbag,4,40000,0.0,160000.0,1500,Cash on Delivery,Store,Completed,Delayed,13.0,5.0,NO
CUST04194,ORD004194,PRD0017,2348011127438,Customer 4194,,26-35,Kaduna,North West,Regular,2025-01-26,Sports,Yoga Mat,5,120000,0.05,570000.0,3500,Card,Mobile App,Completed,Delivered,3.0,5.0,Yes
CUST04195,ORD004195,PRD0006,2348097036666,Customer 4195,,46-60,Abuja,North Central,Occasional,2025-06-10,Beauty,Skincare Set,5,10000,0.15,42500.0,0,Bank Transfer,Store,Pending,Returned,1.0,4.0,yes
CUST04196,ORD004196,PRD0010,2348064364128,Customer 4196,,36-45,Kano,North West,Premium,2025-03-04,Groceries,Cereal,4,40000,0.05,152000.0,2500,Bank Transfer,Store,,DELIVERED,7.0,4.0,No
CUST04197,ORD004197,PRD0017,2348034009600,Customer 4197,male,46-60,Port Harcourt,South South,Premium,2025-05-15,Electronics,Laptop,4,40000,0.0,160000.0,1000,Cash on Delivery,Website,Completed,,8.0,4.0,NO
CUST04198,ORD004198,PRD0019,2348099950501,Customer 4198,F,60+,Kaduna,North West,Occasional,2025-09-12,Fashion,Handbag,1,10000,0.15,8500.0,3500,Card,Instagram,COMPLETED,,5.0,5.0,No
CUST04199,ORD004199,PRD0004,2348039160176,Customer 4199,Female,,Port Harcourt,South South,Premium,2024-02-18,Electronics,Smartphone,1,7500,0.15,6375.0,3500,Card,Mobile App,COMPLETED,,,4.0,No
CUST04200,ORD004200,PRD0006,2348036222943, Customer 4200 ,Male,,Enugu,South East,Regular,2024-12-21,Beauty,Makeup Kit,3,3500,0.15,8925.0,3500,,Marketplace,Completed,Returned,7.0,4.0,No
CUST04201,ORD004201,PRD0030,2348058279826,Customer 4201,Female,36-45,Lagos,South West,,2025-03-19,Fashion,Jeans,3,10000,0.1,27000.0,1500,USSD,Mobile App,completed,Delivered,10.0,3.0,
CUST04202,ORD004202,PRD0013,2348024296576,Customer 4202,Male,,Ibadan,South West,,2024-05-04,Groceries,Cereal,2,15000,0.0,30000.0,3500,USSD,,,Delivered,6.0,4.0,NO
CUST04203,ORD004203,PRD0017,2348092803782,Customer 4203,MALE,60+,Port Harcourt,South South,Occasional,2024-05-19,Groceries,Rice,5,3500,0.0,17500.0,2500,,Store,pending,In Transit,3.0,1.0,
CUST04204,ORD004204,PRD0030,2348017717663,Customer 4204,Male,36-45,Kaduna,North West,premium ,2024-09-06,Groceries,Cereal,2,7500,0.05,14250.0,1500,,Store,Returned,Delivered,12.0,5.0,No
CUST04205,ORD004205,PRD0009,2348052518463,Customer 4205,,36-45,Lagos,South West,premium ,2025-12-15,Sports,Football,3,75000,0.2,180000.0,1500,,Marketplace,Returned,Delivered,4.0,5.0,
CUST04206,ORD004206,PRD0019,2348040666019,Customer 4206,Male,46-60,Port Harcourt,South South,,2026-03-03,Home & Kitchen,Cookware Set,2,25000,0.1,45000.0,2500,bank transfer,Instagram,COMPLETED,In Transit,7.0,3.0,Yes
CUST04207,ORD004207,PRD0028,2348057686675,Customer 4207,Female,26-35,Abuja,North Central,premium ,2025-01-06,Beauty,Makeup Kit,2,120000,0.05,228000.0,2500,Card,Store,cancelled,Delivered,9.0,4.0,NO
CUST04208,ORD004208,PRD0010,2348057043205,Customer 4208,,26-35,Kaduna,North West,Premium,2025-06-18,Fashion,Jeans,2,120000,0.1,216000.0,0,Bank Transfer,Instagram,cancelled,,13.0,4.0,
CUST04209,ORD004209,PRD0025,2348011488238,Customer 4209,Male,26-35,Ibadan,South West,Business,2024-04-26,Sports,Yoga Mat,4,25000,0.2,80000.0,3500,Bank Transfer,mobile app,,In Transit,6.0,1.0,Yes
CUST04210,ORD004210,PRD0016,2348075645620,Customer 4210, m ,36-45,Lagos,South West,Premium,2025-03-17,Sports,Yoga Mat,1,7500,0.05,7125.0,2500,Bank Transfer,Marketplace,pending,Delayed,3.0,3.0,No
CUST04211,ORD004211,PRD0001,2348071303090,Customer 4211,FEMALE,46-60,Lagos,South West,Premium,2025-12-19,Sports,Running Shoes,4,3500,0.1,12600.0,1000,CARD,,cancelled,delivered,,5.0,Yes
CUST04212,ORD004212,PRD0011,2348054572231,Customer 4212,Male,36-45,Kaduna,North West,Regular,2024-04-08,Home & Kitchen,Vacuum Cleaner,1,25000,0.1,22500.0,1000,bank transfer,Mobile App,completed,,6.0,1.0,
CUST04213,ORD004213,PRD0024,2348010761610,Customer 4213,FEMALE,60+,Port Harcourt,South South,Premium,2024-11-10,Home & Kitchen,Cookware Set,1,3500,0.0,3500.0,3500,Cash on Delivery,,,Delivered,3.0,,No
CUST04214,ORD004214,PRD0024,2348098466709,Customer 4214,Female,18-25,Kaduna,North West,Premium,2026-01-29,Home & Kitchen,Cookware Set,1,5000,0.1,4500.0,3500,Wallet,Store,completed,Delayed,7.0,4.0,Yes
CUST04215,ORD004215,PRD0030,2348097692391,Customer 4215,M,18-25,Kaduna,North West,Regular,2025-10-12,Sports,Yoga Mat,1,10000,0.2,8000.0,0,,Mobile App,Pending,In Transit,13.0,,Yes
CUST04216,ORD004216,PRD0013,2348045616457,Customer 4216,,,Ibadan,South West,,2025-09-06,Sports,Gym Bag,1,10000,0.05,9500.0,1000,Bank Transfer,Store,Completed,DELIVERED,5.0,2.0,Yes
CUST04217,ORD004217,PRD0025,2348044767667,Customer 4217,Male,26-35,Abuja,North Central,Regular,2025-08-25,Sports,Football,3,15000,0.1,40500.0,3500,Cash on Delivery,,,In Transit,11.0,4.0,No
CUST04218,ORD004218,PRD0029,2348099421338,Customer 4218,Male,26-35,Ibadan,South West,Premium,2025-01-24,Groceries,Cereal,3,120000,0.1,324000.0,1500,Card,Store,Completed,delivered,14.0,5.0,No
CUST04219,ORD004219,PRD0022,2348023546664,Customer 4219,Male,46-60,Ibadan,South West,Regular,2024-05-09,Electronics,Wireless Earbuds,2,10000,0.05,19000.0,2500,USSD,,Cancelled,Delivered,,4.0,Yes
CUST04220,ORD004220,PRD0003,2348043192512,Customer 4220,,,Kaduna,North West,Occasional,2026-01-13,Electronics,Smartphone,5,3500,0.15,14875.0,1500,Bank Transfer,,cancelled,Returned,4.0,5.0,No
CUST04221,ORD004221,PRD0011,2348088144987,Customer 4221,Female,18-25,Benin City,South South,Premium,2024-09-06,Fashion,Jeans,3,120000,0.05,342000.0,1500,,Marketplace,Cancelled,Delivered,9.0,5.0,Yes
CUST04222,ORD004222,PRD0016,2348025528416,Customer 4222,Male,,Enugu,South East,Occasional,2025-10-19,Electronics,Laptop,4,7500,0.1,27000.0,1000,Card,Website,COMPLETED,Delayed,1.0,3.0,
CUST04223,ORD004223,PRD0014,2348098020504,Customer 4223,Female,18-25,Kaduna,North West,REGULAR,2025-07-18,Electronics,Smartphone,1,5000,0.0,5000.0,0,CARD,Marketplace,COMPLETED,Delivered,8.0,5.0,Yes
CUST04224,ORD004224,PRD0009,2348035693704,Customer 4224,M,36-45,Benin City,South South,Regular,2024-12-12,Groceries,Cereal,2,40000,0.1,72000.0,1000,Wallet,Instagram,Completed,Delivered,4.0,,NO
CUST04225,ORD004225,PRD0011,2348092386951, Customer 4225 ,,60+,Lagos,South West,Occasional,2025-06-18,Sports,Football,4,120000,0.2,384000.0,3500,Wallet,Marketplace,Cancelled,,9.0,5.0,Yes
CUST04226,ORD004226,PRD0022,2348077522838,Customer 4226,male,46-60,Abuja,North Central,Premium,2026-05-23,Sports,Gym Bag,5,7500,0.05,35625.0,2500,Cash on Delivery,Mobile App,,Returned,7.0,4.0,Yes
CUST04227,ORD004227,PRD0009,2348028194944,Customer 4227,M,,Abuja,North Central,,2025-05-08,Sports,Running Shoes,5,75000,0.1,337500.0,2500,Card,Store,COMPLETED,Returned,13.0,4.0,Yes
CUST04228,ORD004228,PRD0025,2348011506819,Customer 4228,Male,,Kano,North West,Business,2025-02-12,Electronics,Smartphone,1,75000,0.05,71250.0,3500,Cash on Delivery,Mobile App,completed,Delayed,5.0,1.0,yes
CUST04229,ORD004229,PRD0022,2348085588190,Customer 4229,Female,26-35,Ibadan,South West,premium ,2024-03-13,Groceries,Rice,1,120000,0.0,120000.0,1000,USSD,Store,Completed,Returned,12.0,5.0,Yes
CUST04230,ORD004230,PRD0015,2348085160167,Customer 4230,,60+,Enugu,South East,Occasional,2024-04-01,Groceries,Beverage Pack,1,7500,0.1,6750.0,1000,Cash on Delivery,Website,COMPLETED,delivered,4.0,1.0,
CUST04231,ORD004231,PRD0003,2348095033891,Customer 4231,,26-35,Kaduna,North West,Regular,2025-08-18,Sports,Running Shoes,3,5000,0.1,13500.0,0,USSD,Mobile App,cancelled,Delayed,8.0,4.0,
CUST04232,ORD004232,PRD0011,2348013019061,Customer 4232,Male,18-25,Ibadan,South West,,2026-07-27,Electronics,Laptop,5,25000,0.1,112500.0,0,Card,Website,Returned,delivered,3.0,5.0,Yes
CUST04233,ORD004233,PRD0021,2348064256374,Customer 4233,,60+,Ibadan,South West,,2024-02-13,Sports,Gym Bag,4,40000,0.05,152000.0,3500,Wallet,Store,Cancelled,Returned,13.0,2.0,NO
CUST04234,ORD004234,PRD0023,2348092074639,Customer 4234,M,36-45,Abuja,North Central,,2025-08-08,Sports,Yoga Mat,2,5000,0.0,10000.0,3500,Wallet,website,cancelled,Delayed,,5.0,No
CUST04235,ORD004235,PRD0007,2348032888380,Customer 4235, m ,26-35,Kaduna,North West,Business,2026-01-14,Sports,Gym Bag,4,10000,0.0,40000.0,0,Cash on Delivery,Website,completed,delivered,4.0,2.0,
CUST04236,ORD004236,PRD0008,2348049446716,Customer 4236,M,36-45,Enugu,South East,Regular,2025-01-06,Electronics,Wireless Earbuds,1,15000,0.15,12750.0,3500,Bank Transfer,Marketplace,Cancelled,In Transit,10.0,3.0,NO
CUST04237,ORD004237,PRD0022,2348073754002,Customer 4237,FEMALE,36-45,Benin City,South South,Premium,2026-02-09,Fashion,Jeans,4,5000,0.2,16000.0,1500,Bank Transfer,,Completed,Delayed,8.0,2.0,
CUST04238,ORD004238,PRD0009,2348028738035,Customer 4238,Male,26-35,Kano,North West,Business,2025-11-13,Fashion,Handbag,4,15000,0.1,54000.0,0,CARD,Instagram,Completed,,6.0,5.0,No
CUST04239,ORD004239,PRD0004,2348047078401,Customer 4239,Male,26-35,Ibadan,South West,Occasional,2024-09-16,Home & Kitchen,Blender,2,5000,0.05,9500.0,1500,Bank Transfer,Mobile App,,In Transit,3.0,4.0,Yes
CUST04240,ORD004240,PRD0017,2348035514679,Customer 4240,F,46-60,Kano,North West,Premium,2026-07-08,Home & Kitchen,Cookware Set,4,75000,0.15,255000.0,3500,Cash on Delivery,Mobile App,completed,Delivered,13.0,5.0,No
CUST04241,ORD004241,PRD0015,2348075248541,Customer 4241,,,Kano,North West,Regular,2025-12-29,Fashion,Shirt,3,40000,0.0,120000.0,1000,Cash on Delivery,Website,completed,In Transit,11.0,2.0,
CUST04242,ORD004242,PRD0001,2348067653875,Customer 4242, f ,,Enugu,South East,Occasional,2026-08-29,Beauty,Makeup Kit,2,5000,0.1,9000.0,1500,Bank Transfer,Store,Pending,Delivered,2.0,,Yes
CUST04243,ORD004243,PRD0016,2348077947438,Customer 4243,male,18-25,Lagos,South West,Premium,2026-08-04,Electronics,Smart TV,2,40000,0.0,80000.0,0,Cash on Delivery,mobile app,,Delivered,9.0,5.0,NO
CUST04244,ORD004244,PRD0015,2348022436303,Customer 4244,Male,60+,Abuja,North Central,Premium,2025-04-09,Sports,Yoga Mat,3,10000,0.15,25500.0,3500,USSD,Instagram,completed,,11.0,5.0,No
CUST04245,ORD004245,PRD0003,2348058174085,Customer 4245,MALE,,Lagos,South West,Regular,2026-08-14,Electronics,Wireless Earbuds,1,10000,0.2,8000.0,3500,USSD,website,completed,Delivered,13.0,5.0,yes
CUST04246,ORD004246,PRD0008,2348069084456,Customer 4246,MALE,18-25,Kano,North West,Premium,2025-10-06,Home & Kitchen,Cookware Set,4,25000,0.1,90000.0,0,bank transfer,Website,Cancelled,DELIVERED,11.0,4.0,
CUST04247,ORD004247,PRD0011,2348092754091,Customer 4247,F,,Enugu,South East,Regular,2025-08-03,Home & Kitchen,Blender,5,75000,0.05,356250.0,2500,CARD,Mobile App,,delivered,3.0,4.0,Yes
CUST04248,ORD004248,PRD0014,2348052427109,Customer 4248, f ,46-60,Abuja,North Central,Regular,2024-07-30,Electronics,Wireless Earbuds,1,10000,0.15,8500.0,2500,bank transfer,Website,COMPLETED,Delayed,7.0,5.0,NO
CUST04249,ORD004249,PRD0004,2348030271289,Customer 4249,Male,46-60,Kaduna,North West,Premium,2026-01-08,Sports,Yoga Mat,3,25000,0.1,67500.0,3500,bank transfer,mobile app,Completed,DELIVERED,1.0,4.0,Yes
CUST04250,ORD004250,PRD0018,2348021192725, Customer 4250 ,Male,36-45,Port Harcourt,South South,premium ,2025-03-29,Home & Kitchen,Vacuum Cleaner,5,75000,0.2,300000.0,1000,Card,Website,,Delivered,9.0,5.0,Yes
CUST04251,ORD004251,PRD0028,2348061539297,Customer 4251,Female,18-25,Abuja,North Central,Regular,2025-04-01,Electronics,Smartphone,4,40000,0.05,152000.0,2500,bank transfer,Website,cancelled,Delayed,7.0,3.0,No
CUST04252,ORD004252,PRD0008,2348027744042,Customer 4252,Male,46-60,Abuja,North Central,Regular,2025-02-17,Electronics,Laptop,4,40000,0.15,136000.0,1500,,Store,completed,Delayed,14.0,4.0,Yes
CUST04253,ORD004253,PRD0021,2348063354963,Customer 4253,,18-25,Enugu,South East,Business,2025-09-30,Beauty,Makeup Kit,1,7500,0.2,6000.0,2500,Card,Store,pending,In Transit,13.0,2.0,Yes
CUST04254,ORD004254,PRD0028,2348054687104,Customer 4254,Female,,Enugu,South East,Regular,2024-06-06,Home & Kitchen,Cookware Set,1,25000,0.0,25000.0,1500,Card,Instagram,Completed,Returned,13.0,5.0,No
CUST04255,ORD004255,PRD0012,2348032643649,Customer 4255,Male,26-35,Kano,North West,Occasional,2025-11-10,Sports,Gym Bag,3,10000,0.15,25500.0,0,Cash on Delivery,,Completed,Delivered,6.0,2.0,yes
CUST04256,ORD004256,PRD0024,2348012841554,Customer 4256,female,46-60,Lagos,South West,REGULAR,2024-06-20,Fashion,Jeans,2,5000,0.15,8500.0,1500,Card,Marketplace,Cancelled,In Transit,9.0,4.0,Yes
CUST04257,ORD004257,PRD0006,2348072710882,Customer 4257,,36-45,Enugu,South East,premium ,2024-10-15,Home & Kitchen,Vacuum Cleaner,5,15000,0.2,60000.0,0,Bank Transfer,Marketplace,Completed,Delivered,7.0,5.0,No
CUST04258,ORD004258,PRD0004,2348071046172,Customer 4258, m ,46-60,Ibadan,South West,Regular,2025-02-28,Beauty,Hair Dryer,1,5000,0.0,5000.0,2500,Bank Transfer,Mobile App,cancelled,,2.0,5.0,No
CUST04259,ORD004259,PRD0013,2348025472460,Customer 4259,female,36-45,Kano,North West,Premium,2024-08-24,Groceries,Cooking Oil,1,40000,0.0,40000.0,1500,Wallet,Marketplace,Completed,Returned,9.0,1.0,Yes
CUST04260,ORD004260,PRD0029,2348091291661,Customer 4260,Female,26-35,Port Harcourt,South South,,2024-03-09,Groceries,Beverage Pack,2,10000,0.15,17000.0,1500,Cash on Delivery,website,Cancelled,In Transit,7.0,1.0,Yes
CUST04261,ORD004261,PRD0012,2348032612277,Customer 4261,female,46-60,Lagos,South West,Business,2025-11-18,Beauty,Hair Dryer,2,40000,0.0,80000.0,2500,Bank Transfer,Website,,,9.0,4.0,Yes
CUST04262,ORD004262,PRD0020,2348054176663,Customer 4262,Male,18-25,Benin City,South South,Occasional,2024-10-23,Electronics,Wireless Earbuds,4,120000,0.1,432000.0,3500,Cash on Delivery,Instagram,Completed,Delivered,12.0,4.0,NO
CUST04263,ORD004263,PRD0014,2348053423552,Customer 4263,Female,26-35,Abuja,North Central,Regular,2026-06-27,Home & Kitchen,Cookware Set,1,5000,0.2,4000.0,1000,,Marketplace,Cancelled,Delivered,11.0,5.0,
CUST04264,ORD004264,PRD0022,2348037718422,Customer 4264,Male,26-35,Abuja,North Central,,2024-11-11,Beauty,Hair Dryer,2,25000,0.15,42500.0,2500,Card,Instagram,Returned,Delivered,3.0,2.0,
CUST04265,ORD004265,PRD0021,2348090747406,Customer 4265,,26-35,Benin City,South South,Regular,2024-11-04,Fashion,Sneakers,3,40000,0.0,120000.0,0,Card,Mobile App,COMPLETED,Delivered,,4.0,yes
CUST04266,ORD004266,PRD0022,2348085966422,Customer 4266,F,36-45,Port Harcourt,South South,REGULAR,2024-11-02,Fashion,Shirt,3,5000,0.1,13500.0,0,USSD,,completed,DELIVERED,1.0,5.0,No
CUST04267,ORD004267,PRD0020,2348058689295,Customer 4267,M,46-60,Abuja,North Central,Occasional,2024-10-24,Sports,Gym Bag,3,40000,0.15,102000.0,1500,Bank Transfer,website,completed,Delayed,5.0,5.0,No
CUST04268,ORD004268,PRD0007,2348029633923,Customer 4268,Male,46-60,Port Harcourt,South South,Occasional,2026-05-03,Beauty,Hair Dryer,2,75000,0.15,127500.0,0,Bank Transfer,Website,Pending,Delayed,7.0,4.0,Yes
CUST04269,ORD004269,PRD0026,2348010807203,Customer 4269,Male,18-25,Enugu,South East,REGULAR,2024-07-16,Beauty,Perfume,4,75000,0.05,285000.0,1000,Card,Mobile App,cancelled,Returned,4.0,4.0,NO
CUST04270,ORD004270,PRD0014,2348085792023,Customer 4270,,36-45,Lagos,South West,Regular,2025-03-27,Sports,Running Shoes,1,10000,0.05,9500.0,1500,Wallet,Instagram,cancelled,,13.0,5.0,
CUST04271,ORD004271,PRD0001,2348075306061,Customer 4271,M,46-60,Port Harcourt,South South,premium ,2026-06-29,Fashion,Handbag,1,5000,0.1,4500.0,0,USSD,Instagram,,Delayed,9.0,3.0,Yes
CUST04272,ORD004272,PRD0017,2348065569040,Customer 4272,,60+,Abuja,North Central,Occasional,2024-09-19,Electronics,Wireless Earbuds,4,25000,0.15,85000.0,3500,Wallet,Marketplace,,Delivered,11.0,4.0,
CUST04273,ORD004273,PRD0022,2348093367971,Customer 4273,M,26-35,Benin City,South South,Regular,2025-04-16,Groceries,Rice,4,75000,0.15,255000.0,3500,Card,Instagram,Pending,Delayed,8.0,2.0,
CUST04274,ORD004274,PRD0008,2348029812952,Customer 4274,,26-35,Enugu,South East,Premium,2025-12-14,Electronics,Wireless Earbuds,1,75000,0.0,75000.0,2500,Card,Website,completed,Delivered,9.0,1.0,Yes
CUST04275,ORD004275,PRD0016,2348087945460, Customer 4275 ,Male,26-35,Lagos,South West,Premium,2024-08-26,Beauty,Skincare Set,1,7500,0.2,6000.0,3500,Card,Store,Completed,delivered,10.0,5.0,Yes
CUST04276,ORD004276,PRD0014,2348090567077,Customer 4276,male,,Kaduna,North West,Business,2026-05-14,Beauty,Perfume,1,40000,0.15,34000.0,1500,Bank Transfer,website,completed,DELIVERED,3.0,4.0,Yes
CUST04277,ORD004277,PRD0020,2348049069533,Customer 4277,Male,60+,Enugu,South East,Regular,2025-11-01,Beauty,Makeup Kit,5,120000,0.0,600000.0,1000,CARD,Instagram,cancelled,delivered,9.0,4.0,
CUST04278,ORD004278,PRD0002,2348038245352,Customer 4278, m ,18-25,Ibadan,South West,Regular,2025-08-26,Groceries,Rice,5,7500,0.05,35625.0,0,USSD,Store,Returned,Delivered,2.0,4.0,No
CUST04279,ORD004279,PRD0001,2348025502538,Customer 4279,F,18-25,Benin City,South South,premium ,2026-06-24,Beauty,Perfume,1,40000,0.15,34000.0,0,Wallet,Website,,Delivered,14.0,4.0,yes
CUST04280,ORD004280,PRD0029,2348012907576,Customer 4280,Female,46-60,Lagos,South West,Premium,2024-05-11,Sports,Yoga Mat,5,25000,0.2,100000.0,0,USSD,Marketplace,Completed,Delivered,4.0,4.0,yes
CUST04281,ORD004281,PRD0008,2348061859253,Customer 4281,M,26-35,Port Harcourt,South South,Occasional,2024-12-29,Home & Kitchen,Air Fryer,3,120000,0.0,360000.0,2500,Card,Store,completed,,8.0,4.0,No
CUST04282,ORD004282,PRD0024,2348030529851,Customer 4282,M,36-45,Kano,North West,Regular,2024-12-09,Groceries,Beverage Pack,3,15000,0.0,45000.0,0,USSD,Mobile App,completed,Delivered,8.0,3.0,No
CUST04283,ORD004283,PRD0006,2348088003012,Customer 4283,Male,46-60,Enugu,South East,Premium,2026-06-29,Beauty,Makeup Kit,3,5000,0.05,14250.0,3500,CARD,Website,Cancelled,DELIVERED,10.0,4.0,
CUST04284,ORD004284,PRD0021,2348024515877,Customer 4284,Male,36-45,Ibadan,South West,Premium,2024-03-13,Sports,Football,5,10000,0.0,50000.0,0,bank transfer,Store,Completed,In Transit,9.0,4.0,No
CUST04285,ORD004285,PRD0027,2348016709121,Customer 4285,Male,46-60,Enugu,South East,Regular,2025-09-20,Sports,Running Shoes,5,7500,0.1,33750.0,3500,Bank Transfer,Mobile App,Returned,,3.0,3.0,No
CUST04286,ORD004286,PRD0020,2348079352089,Customer 4286,male,60+,Benin City,South South,Regular,2024-04-08,Sports,Running Shoes,2,15000,0.15,25500.0,1000,Card,Marketplace,Completed,Delivered,8.0,3.0,Yes
CUST04287,ORD004287,PRD0024,2348069706749,Customer 4287,Female,26-35,Lagos,South West,Premium,2024-08-04,Home & Kitchen,Cookware Set,1,15000,0.1,13500.0,0,USSD,website,,In Transit,6.0,1.0,
CUST04288,ORD004288,PRD0010,2348025440423,Customer 4288,Female,18-25,Abuja,North Central,REGULAR,2024-01-19,Fashion,Sneakers,1,15000,0.1,13500.0,1500,Bank Transfer,Mobile App,cancelled,,10.0,4.0,Yes
CUST04289,ORD004289,PRD0009,2348095520109,Customer 4289,Female,46-60,Ibadan,South West,Regular,2026-04-08,Electronics,Smart TV,1,120000,0.15,102000.0,1000,Cash on Delivery,Marketplace,Pending,DELIVERED,11.0,4.0,No
CUST04290,ORD004290,PRD0009,2348098237153,Customer 4290,Male,,Abuja,North Central,,2024-10-05,Electronics,Smart TV,3,75000,0.15,191250.0,3500,bank transfer,Website,,DELIVERED,8.0,1.0,yes
CUST04291,ORD004291,PRD0029,2348034019729,Customer 4291,female,46-60,Kano,North West,Regular,2024-06-18,Groceries,Beverage Pack,3,5000,0.1,13500.0,2500,Cash on Delivery,mobile app,,,12.0,4.0,
CUST04292,ORD004292,PRD0020,2348088551473,Customer 4292,Male,60+,Kano,North West,Regular,2026-03-08,Groceries,Cooking Oil,5,120000,0.15,510000.0,0,Wallet,Website,Cancelled,Delayed,13.0,5.0,No
CUST04293,ORD004293,PRD0028,2348086145229,Customer 4293,,,Ibadan,South West,Occasional,2025-01-05,Beauty,Hair Dryer,4,15000,0.05,57000.0,0,bank transfer,Marketplace,Cancelled,In Transit,,4.0,NO
CUST04294,ORD004294,PRD0023,2348097935754,Customer 4294,Female,60+,Lagos,South West,Regular,2024-04-05,Fashion,Shirt,2,25000,0.1,45000.0,2500,Cash on Delivery,Marketplace,completed,Delivered,6.0,4.0,NO
CUST04295,ORD004295,PRD0007,2348061589783,Customer 4295,F,46-60,Kaduna,North West,Regular,2025-03-14,Beauty,Skincare Set,1,15000,0.0,15000.0,1000,bank transfer,website,COMPLETED,In Transit,8.0,3.0,NO
CUST04296,ORD004296,PRD0021,2348043947249,Customer 4296,Female,60+,Abuja,North Central,premium ,2024-08-16,Beauty,Skincare Set,1,25000,0.05,23750.0,1500,Card,Marketplace,,In Transit,11.0,1.0,No
CUST04297,ORD004297,PRD0024,2348088495822,Customer 4297, m ,18-25,Abuja,North Central,Premium,2025-05-05,Fashion,Handbag,2,3500,0.1,6300.0,1000,Card,Mobile App,Cancelled,Delayed,10.0,4.0,No
CUST04298,ORD004298,PRD0026,2348070551851,Customer 4298,Female,,Kano,North West,Regular,2025-11-13,Sports,Running Shoes,2,120000,0.1,216000.0,3500,Cash on Delivery,Marketplace,Completed,,4.0,4.0,Yes
CUST04299,ORD004299,PRD0017,2348019710880,Customer 4299,,,Kaduna,North West,Premium,2024-04-06,Groceries,Cereal,1,3500,0.0,3500.0,0,Bank Transfer,Website,Completed,,12.0,,
CUST04300,ORD004300,PRD0029,2348048579078, Customer 4300 ,,36-45,Kaduna,North West,,2026-05-30,Fashion,Sneakers,3,15000,0.1,40500.0,0,USSD,Instagram,Completed,Delivered,8.0,4.0,No
CUST04301,ORD004301,PRD0015,2348032828045,Customer 4301,MALE,26-35,Enugu,South East,Business,2026-03-04,Fashion,Jeans,2,25000,0.0,50000.0,2500,,Marketplace,Completed,Delivered,6.0,4.0,NO
CUST04302,ORD004302,PRD0004,2348066916455,Customer 4302,M,26-35,Benin City,South South,Regular,2024-08-26,Electronics,Smart TV,5,3500,0.0,17500.0,3500,Card,Store,Cancelled,,,,No
CUST04303,ORD004303,PRD0016,2348015893748,Customer 4303, f ,60+,Ibadan,South West,Regular,2025-02-08,Home & Kitchen,Cookware Set,3,40000,0.0,120000.0,0,Bank Transfer,Mobile App,completed,In Transit,14.0,4.0,NO
CUST04304,ORD004304,PRD0023,2348089765937,Customer 4304,Male,60+,Kano,North West,Premium,2026-05-23,Home & Kitchen,Vacuum Cleaner,5,7500,0.15,31875.0,0,,Store,Cancelled,,3.0,1.0,Yes
CUST04305,ORD004305,PRD0018,2348019637083,Customer 4305,FEMALE,46-60,Ibadan,South West,Premium,2026-04-27,Fashion,Handbag,3,15000,0.15,38250.0,0,USSD,Instagram,Cancelled,delivered,7.0,3.0,
CUST04306,ORD004306,PRD0027,2348050030765,Customer 4306,Female,26-35,Abuja,North Central,Regular,2025-03-26,Groceries,Rice,3,25000,0.15,63750.0,1500,Cash on Delivery,mobile app,,In Transit,7.0,4.0,No
CUST04307,ORD004307,PRD0024,2348049046385,Customer 4307,F,60+,Ibadan,South West,REGULAR,2025-07-01,Beauty,Skincare Set,4,10000,0.1,36000.0,3500,,Instagram,Pending,Delayed,,5.0,NO
CUST04308,ORD004308,PRD0007,2348090593830,Customer 4308,,36-45,Abuja,North Central,Premium,2026-03-14,Electronics,Smart TV,4,15000,0.1,54000.0,1500,CARD,Marketplace,,Delivered,11.0,5.0,Yes
CUST04309,ORD004309,PRD0006,2348096244682,Customer 4309,FEMALE,18-25,Enugu,South East,premium ,2024-09-08,Electronics,Wireless Earbuds,3,3500,0.0,10500.0,3500,Bank Transfer,Instagram,pending,Delivered,6.0,2.0,Yes
CUST04310,ORD004310,PRD0030,2348061009236,Customer 4310, m ,36-45,Kano,North West,Premium,2025-08-06,Sports,Gym Bag,1,7500,0.05,7125.0,3500,USSD,website,COMPLETED,delivered,1.0,5.0,No
CUST04311,ORD004311,PRD0010,2348045826023,Customer 4311,Female,60+,Enugu,South East,,2024-12-07,Beauty,Hair Dryer,1,75000,0.05,71250.0,3500,Wallet,Store,Completed,,,,
CUST04312,ORD004312,PRD0016,2348098517481,Customer 4312,female,18-25,Abuja,North Central,Occasional,2026-04-10,Groceries,Rice,2,40000,0.1,72000.0,1000,Cash on Delivery,website,,Delivered,12.0,,Yes
CUST04313,ORD004313,PRD0020,2348071253015,Customer 4313,Female,46-60,Kano,North West,Premium,2025-07-13,Home & Kitchen,Air Fryer,1,25000,0.1,22500.0,3500,Wallet,mobile app,completed,In Transit,8.0,4.0,No
CUST04314,ORD004314,PRD0005,2348020551990,Customer 4314,Male,18-25,Port Harcourt,South South,Regular,2025-06-29,Sports,Gym Bag,3,40000,0.2,96000.0,0,Wallet,Store,completed,Delivered,13.0,5.0,No
CUST04315,ORD004315,PRD0021,2348062182815,Customer 4315,female,26-35,Enugu,South East,Premium,2026-02-25,Home & Kitchen,Cookware Set,5,10000,0.1,45000.0,1000,Bank Transfer,Marketplace,Pending,Delivered,12.0,4.0,
CUST04316,ORD004316,PRD0002,2348047152895,Customer 4316, f ,26-35,Benin City,South South,Regular,2026-03-27,Home & Kitchen,Cookware Set,5,25000,0.2,100000.0,3500,Card,Store,Completed,delivered,11.0,5.0,Yes
CUST04317,ORD004317,PRD0002,2348084110568,Customer 4317,,60+,Abuja,North Central,Occasional,2026-02-28,Fashion,Shirt,2,75000,0.2,120000.0,0,,,Returned,Returned,14.0,5.0,yes
CUST04318,ORD004318,PRD0015,2348038697731,Customer 4318,Male,18-25,Lagos,South West,Premium,2026-03-10,Beauty,Hair Dryer,4,3500,0.0,14000.0,1000,Bank Transfer,Marketplace,,DELIVERED,11.0,5.0,No
CUST04319,ORD004319,PRD0028,2348074860884,Customer 4319,Female,26-35,Kaduna,North West,Regular,2026-06-28,Beauty,Hair Dryer,5,75000,0.2,300000.0,0,Bank Transfer,Store,COMPLETED,Returned,1.0,2.0,No
CUST04320,ORD004320,PRD0025,2348099283773,Customer 4320, f ,36-45,Ibadan,South West,Occasional,2024-04-10,Sports,Yoga Mat,5,120000,0.15,510000.0,1500,USSD,Mobile App,Completed,In Transit,14.0,3.0,
CUST04321,ORD004321,PRD0016,2348010115787,Customer 4321,M,60+,Enugu,South East,Business,2024-06-25,Beauty,Perfume,5,5000,0.15,21250.0,0,USSD,Mobile App,pending,,11.0,4.0,No
CUST04322,ORD004322,PRD0022,2348015390927,Customer 4322,F,26-35,Kaduna,North West,Business,2025-03-04,Groceries,Cereal,1,15000,0.15,12750.0,3500,bank transfer,mobile app,Completed,delivered,11.0,4.0,No
CUST04323,ORD004323,PRD0010,2348045728332,Customer 4323,Female,46-60,Kaduna,North West,,2024-03-26,Sports,Football,4,40000,0.0,160000.0,0,Wallet,Website,Completed,Delivered,4.0,5.0,Yes
CUST04324,ORD004324,PRD0010,2348010013439,Customer 4324,Female,36-45,Benin City,South South,Premium,2025-11-03,Groceries,Rice,5,40000,0.05,190000.0,2500,USSD,,Cancelled,DELIVERED,2.0,5.0,
CUST04325,ORD004325,PRD0004,2348098218578, Customer 4325 ,female,26-35,Enugu,South East,Regular,2025-05-18,Sports,Running Shoes,2,10000,0.2,16000.0,0,Card,Instagram,Pending,,9.0,4.0,NO
CUST04326,ORD004326,PRD0021,2348092765217,Customer 4326,Male,36-45,Benin City,South South,REGULAR,2026-07-02,Fashion,Sneakers,1,3500,0.05,3325.0,2500,Card,Store,Pending,In Transit,2.0,4.0,Yes
CUST04327,ORD004327,PRD0007,2348035349944,Customer 4327,Male,60+,Kaduna,North West,Premium,2026-03-16,Beauty,Skincare Set,5,7500,0.05,35625.0,1500,,Marketplace,cancelled,,10.0,4.0,
CUST04328,ORD004328,PRD0014,2348027553337,Customer 4328,Male,18-25,Ibadan,South West,Premium,2024-12-14,Electronics,Laptop,2,15000,0.1,27000.0,1500,Card,Marketplace,Completed,Delayed,14.0,2.0,
CUST04329,ORD004329,PRD0018,2348073716103,Customer 4329,,46-60,Kaduna,North West,Occasional,2025-05-16,Home & Kitchen,Air Fryer,4,5000,0.15,17000.0,1500,Bank Transfer,Store,Completed,Returned,14.0,4.0,NO
CUST04330,ORD004330,PRD0023,2348048541732,Customer 4330, m ,18-25,Kano,North West,Regular,2024-09-12,Fashion,Sneakers,1,10000,0.1,9000.0,0,Card,Marketplace,cancelled,,,3.0,Yes
CUST04331,ORD004331,PRD0009,2348073637985,Customer 4331,Female,26-35,Kaduna,North West,Occasional,2024-12-29,Home & Kitchen,Air Fryer,1,7500,0.0,7500.0,2500,Bank Transfer,Marketplace,,delivered,13.0,4.0,Yes
CUST04332,ORD004332,PRD0024,2348062931610,Customer 4332,,46-60,Kano,North West,Regular,2024-01-11,Home & Kitchen,Blender,5,75000,0.0,375000.0,1500,Card,website,,delivered,7.0,4.0,Yes
CUST04333,ORD004333,PRD0002,2348084517290,Customer 4333,MALE,60+,Lagos,South West,Occasional,2024-04-14,Sports,Yoga Mat,5,7500,0.05,35625.0,2500,Cash on Delivery,website,cancelled,Delayed,,3.0,NO
CUST04334,ORD004334,PRD0012,2348066176777,Customer 4334,M,18-25,Abuja,North Central,Occasional,2024-06-03,Sports,Gym Bag,1,75000,0.0,75000.0,1500,Card,Marketplace,Cancelled,Delivered,10.0,4.0,No
CUST04335,ORD004335,PRD0024,2348025797299,Customer 4335,Male,60+,Benin City,South South,Regular,2024-11-15,Fashion,Handbag,2,7500,0.15,12750.0,1000,USSD,Instagram,completed,Delivered,4.0,4.0,yes
CUST04336,ORD004336,PRD0009,2348092204991,Customer 4336,M,,Benin City,South South,,2024-03-19,Groceries,Cooking Oil,5,15000,0.05,71250.0,2500,USSD,Marketplace,Returned,Returned,7.0,5.0,
CUST04337,ORD004337,PRD0030,2348059891250,Customer 4337,M,36-45,Kano,North West,Occasional,2025-10-22,Groceries,Cereal,2,120000,0.1,216000.0,1500,USSD,Website,Completed,delivered,13.0,1.0,Yes
CUST04338,ORD004338,PRD0019,2348080463173,Customer 4338,female,18-25,Kaduna,North West,Premium,2026-02-02,Groceries,Cooking Oil,4,15000,0.05,57000.0,1000,bank transfer,Mobile App,,In Transit,3.0,5.0,yes
CUST04339,ORD004339,PRD0004,2348031149853,Customer 4339,,,Benin City,South South,Business,2024-08-10,Groceries,Cooking Oil,2,5000,0.2,8000.0,3500,Card,Store,Cancelled,,1.0,4.0,No
CUST04340,ORD004340,PRD0015,2348074111810,Customer 4340, f ,26-35,Ibadan,South West,Premium,2025-05-14,Home & Kitchen,Air Fryer,3,40000,0.2,96000.0,1500,Cash on Delivery,Website,Pending,,7.0,5.0,
CUST04341,ORD004341,PRD0019,2348059680231,Customer 4341,FEMALE,,Kano,North West,Occasional,2024-05-23,Beauty,Perfume,1,5000,0.05,4750.0,1500,Cash on Delivery,Mobile App,cancelled,delivered,7.0,3.0,Yes
CUST04342,ORD004342,PRD0019,2348097607437,Customer 4342,Male,36-45,Benin City,South South,Regular,2025-01-22,Fashion,Jeans,2,10000,0.1,18000.0,1000,Wallet,Store,,Returned,1.0,,Yes
CUST04343,ORD004343,PRD0006,2348031824463,Customer 4343, f ,36-45,Kano,North West,Occasional,2025-05-23,Home & Kitchen,Vacuum Cleaner,1,3500,0.0,3500.0,3500,Bank Transfer,Marketplace,completed,In Transit,7.0,3.0,NO
CUST04344,ORD004344,PRD0028,2348057408886,Customer 4344,Male,,Abuja,North Central,premium ,2025-01-06,Electronics,Smart TV,3,7500,0.05,21375.0,1000,Wallet,Website,,In Transit,4.0,4.0,No
CUST04345,ORD004345,PRD0018,2348052790954,Customer 4345,,26-35,Kaduna,North West,Business,2026-01-13,Home & Kitchen,Air Fryer,1,120000,0.05,114000.0,2500,USSD,Store,cancelled,delivered,3.0,1.0,NO
CUST04346,ORD004346,PRD0020,2348098628350,Customer 4346,Female,46-60,Port Harcourt,South South,Regular,2026-03-16,Beauty,Makeup Kit,3,10000,0.2,24000.0,1500,Card,Mobile App,Pending,Delivered,2.0,5.0,No
CUST04347,ORD004347,PRD0017,2348038968644,Customer 4347,,18-25,Benin City,South South,Business,2025-11-09,Electronics,Smart TV,2,40000,0.2,64000.0,1000,Wallet,mobile app,Returned,Delayed,4.0,5.0,No
CUST04348,ORD004348,PRD0027,2348054427973,Customer 4348,Male,46-60,Port Harcourt,South South,Regular,2026-07-29,Sports,Running Shoes,5,40000,0.05,190000.0,0,Bank Transfer,Instagram,,In Transit,12.0,5.0,No
CUST04349,ORD004349,PRD0017,2348051569211,Customer 4349,male,60+,Enugu,South East,Occasional,2024-05-10,Electronics,Wireless Earbuds,5,75000,0.1,337500.0,3500,Cash on Delivery,Store,pending,Delivered,2.0,,
CUST04350,ORD004350,PRD0024,2348064557792, Customer 4350 ,female,18-25,Ibadan,South West,Regular,2025-10-01,Sports,Gym Bag,1,10000,0.0,10000.0,1500,USSD,Store,Completed,Delivered,8.0,4.0,
CUST04351,ORD004351,PRD0023,2348098977994,Customer 4351,M,46-60,Port Harcourt,South South,Regular,2024-10-12,Groceries,Beverage Pack,1,10000,0.15,8500.0,1000,Bank Transfer,Store,Cancelled,In Transit,10.0,5.0,Yes
CUST04352,ORD004352,PRD0019,2348089822119,Customer 4352,female,36-45,Kaduna,North West,Regular,2025-02-08,Beauty,Hair Dryer,2,40000,0.2,64000.0,1000,Card,,,Delivered,5.0,5.0,Yes
CUST04353,ORD004353,PRD0024,2348017821886,Customer 4353,,60+,Ibadan,South West,Regular,2025-07-27,Sports,Gym Bag,2,10000,0.05,19000.0,1500,Card,Store,Returned,Delivered,6.0,4.0,No
CUST04354,ORD004354,PRD0010,2348013505493,Customer 4354,Male,26-35,Enugu,South East,Occasional,2025-02-23,Sports,Gym Bag,1,25000,0.0,25000.0,0,Card,Instagram,Completed,delivered,6.0,5.0,
CUST04355,ORD004355,PRD0005,2348028483127,Customer 4355,Male,,Kano,North West,Regular,2024-06-16,Fashion,Jeans,3,7500,0.05,21375.0,1000,Cash on Delivery,Website,cancelled,Delayed,11.0,4.0,Yes
CUST04356,ORD004356,PRD0003,2348065712424,Customer 4356,Male,36-45,Enugu,South East,Premium,2025-03-21,Fashion,Handbag,2,10000,0.05,19000.0,0,Cash on Delivery,Mobile App,Completed,,1.0,4.0,No
CUST04357,ORD004357,PRD0021,2348034095774,Customer 4357,female,60+,Port Harcourt,South South,Occasional,2025-01-26,Sports,Gym Bag,4,25000,0.2,80000.0,1500,Bank Transfer,Marketplace,pending,Delivered,2.0,3.0,yes
CUST04358,ORD004358,PRD0009,2348071552713,Customer 4358,Male,46-60,Enugu,South East,Regular,2026-04-06,Fashion,Handbag,2,120000,0.05,228000.0,3500,,Marketplace,pending,Delivered,7.0,2.0,NO
CUST04359,ORD004359,PRD0029,2348096613770,Customer 4359,Male,36-45,Benin City,South South,premium ,2025-10-06,Electronics,Laptop,2,10000,0.15,17000.0,2500,CARD,Website,COMPLETED,Delayed,12.0,4.0,No
CUST04360,ORD004360,PRD0029,2348083800231,Customer 4360,female,36-45,Lagos,South West,Premium,2025-06-05,Electronics,Smartphone,4,5000,0.1,18000.0,2500,Cash on Delivery,Mobile App,COMPLETED,Delayed,1.0,1.0,
CUST04361,ORD004361,PRD0005,2348015187236,Customer 4361,Male,26-35,Enugu,South East,Premium,2025-06-19,Fashion,Jeans,4,40000,0.2,128000.0,2500,,Website,completed,,1.0,5.0,Yes
CUST04362,ORD004362,PRD0026,2348068209581,Customer 4362,Female,60+,Kaduna,North West,REGULAR,2024-10-12,Fashion,Shirt,5,25000,0.0,125000.0,3500,Cash on Delivery,Store,,,9.0,3.0,yes
CUST04363,ORD004363,PRD0028,2348031306128,Customer 4363,Female,36-45,Benin City,South South,Regular,2026-06-10,Groceries,Cooking Oil,1,15000,0.0,15000.0,1500,Wallet,Website,Cancelled,In Transit,9.0,4.0,No
CUST04364,ORD004364,PRD0016,2348079262168,Customer 4364,female,,Kano,North West,Regular,2026-06-15,Electronics,Laptop,5,40000,0.05,190000.0,3500,USSD,Store,pending,delivered,9.0,3.0,Yes
CUST04365,ORD004365,PRD0004,2348025521808,Customer 4365,M,36-45,Abuja,North Central,,2024-03-04,Groceries,Beverage Pack,1,15000,0.0,15000.0,0,Wallet,Mobile App,,delivered,4.0,2.0,No
CUST04366,ORD004366,PRD0013,2348083785938,Customer 4366,Male,18-25,Port Harcourt,South South,Occasional,2026-04-07,Home & Kitchen,Blender,1,120000,0.2,96000.0,1000,USSD,Store,Completed,Delivered,6.0,5.0,NO
CUST04367,ORD004367,PRD0027,2348038300194,Customer 4367,,18-25,Benin City,South South,Regular,2025-12-04,Beauty,Perfume,1,5000,0.0,5000.0,3500,Card,Marketplace,completed,Delivered,,4.0,
CUST04368,ORD004368,PRD0003,2348081080393,Customer 4368,Male,,Benin City,South South,Regular,2025-05-09,Electronics,Wireless Earbuds,4,10000,0.05,38000.0,0,Bank Transfer,Website,Completed,Delayed,,4.0,No
CUST04369,ORD004369,PRD0030,2348060289113,Customer 4369,Female,26-35,Port Harcourt,South South,Regular,2024-10-07,Home & Kitchen,Cookware Set,3,15000,0.15,38250.0,1000,Card,Mobile App,Completed,Delivered,13.0,2.0,Yes
CUST04370,ORD004370,PRD0005,2348073044495,Customer 4370,Male,46-60,Abuja,North Central,premium ,2025-11-20,Groceries,Rice,4,3500,0.0,14000.0,0,Card,Mobile App,Pending,,6.0,5.0,Yes
CUST04371,ORD004371,PRD0026,2348088593666,Customer 4371,Female,26-35,Enugu,South East,,2024-11-27,Home & Kitchen,Vacuum Cleaner,2,25000,0.0,50000.0,0,Bank Transfer,Mobile App,Completed,Delivered,9.0,5.0,
CUST04372,ORD004372,PRD0027,2348019810196,Customer 4372,,,Enugu,South East,Regular,2024-05-25,Electronics,Smartphone,3,40000,0.1,108000.0,1500,Bank Transfer,Instagram,Completed,Delayed,12.0,4.0,No
CUST04373,ORD004373,PRD0013,2348013402403,Customer 4373,Male,18-25,Lagos,South West,Premium,2025-04-07,Fashion,Shirt,4,7500,0.05,28500.0,2500,Card,Mobile App,Returned,Returned,6.0,,
CUST04374,ORD004374,PRD0023,2348070373767,Customer 4374,Male,60+,Ibadan,South West,Business,2025-09-12,Electronics,Laptop,1,25000,0.1,22500.0,1500,Wallet,Instagram,Pending,Returned,6.0,5.0,Yes
CUST04375,ORD004375,PRD0020,2348025170278, Customer 4375 ,MALE,18-25,Kano,North West,Occasional,2025-04-07,Fashion,Sneakers,1,40000,0.0,40000.0,1000,Cash on Delivery,Marketplace,Completed,delivered,9.0,5.0,No
CUST04376,ORD004376,PRD0008,2348030492042,Customer 4376,Female,46-60,Abuja,North Central,Occasional,2025-08-03,Beauty,Skincare Set,2,5000,0.2,8000.0,0,USSD,mobile app,Completed,Delayed,14.0,5.0,Yes
CUST04377,ORD004377,PRD0028,2348025711928,Customer 4377,Female,26-35,Enugu,South East,Regular,2025-03-03,Groceries,Beverage Pack,3,75000,0.0,225000.0,2500,USSD,website,Cancelled,In Transit,4.0,4.0,Yes
CUST04378,ORD004378,PRD0005,2348057952588,Customer 4378,Male,18-25,Lagos,South West,Premium,2025-05-25,Beauty,Perfume,1,10000,0.15,8500.0,0,CARD,Store,COMPLETED,delivered,1.0,,Yes
CUST04379,ORD004379,PRD0023,2348085392843,Customer 4379,Male,,Lagos,South West,Regular,2025-04-01,Sports,Yoga Mat,5,10000,0.2,40000.0,2500,Bank Transfer,Marketplace,Pending,In Transit,7.0,5.0,No
CUST04380,ORD004380,PRD0027,2348020552309,Customer 4380,Female,,Abuja,North Central,Regular,2025-11-02,Electronics,Wireless Earbuds,2,40000,0.1,72000.0,1000,bank transfer,Mobile App,Cancelled,,6.0,1.0,No
CUST04381,ORD004381,PRD0004,2348061720273,Customer 4381,Female,18-25,Port Harcourt,South South,Business,2024-11-22,Home & Kitchen,Air Fryer,2,7500,0.1,13500.0,2500,CARD,Store,Completed,Returned,12.0,4.0,No
CUST04382,ORD004382,PRD0008,2348024241767,Customer 4382,,60+,Enugu,South East,Occasional,2025-01-15,Home & Kitchen,Blender,3,3500,0.15,8925.0,2500,Bank Transfer,Website,Cancelled,Delayed,10.0,3.0,NO
CUST04383,ORD004383,PRD0005,2348075769823,Customer 4383,F,26-35,Port Harcourt,South South,Regular,2026-07-28,Groceries,Cereal,1,25000,0.15,21250.0,1500,Bank Transfer,Instagram,Cancelled,In Transit,2.0,3.0,Yes
CUST04384,ORD004384,PRD0007,2348053390559,Customer 4384,male,60+,Lagos,South West,Premium,2025-01-14,Home & Kitchen,Blender,3,120000,0.15,306000.0,2500,Cash on Delivery,Instagram,pending,In Transit,10.0,4.0,No
CUST04385,ORD004385,PRD0009,2348030465406,Customer 4385,Male,60+,Abuja,North Central,premium ,2024-04-30,Home & Kitchen,Air Fryer,5,15000,0.1,67500.0,3500,bank transfer,Website,Cancelled,,12.0,3.0,Yes
CUST04386,ORD004386,PRD0007,2348013923794,Customer 4386,,26-35,Port Harcourt,South South,Regular,2025-02-16,Fashion,Handbag,5,75000,0.15,318750.0,3500,,Marketplace,pending,Delivered,13.0,5.0,Yes
CUST04387,ORD004387,PRD0030,2348086175861,Customer 4387,,36-45,Port Harcourt,South South,Regular,2026-06-24,Home & Kitchen,Blender,4,3500,0.1,12600.0,2500,,Website,cancelled,In Transit,2.0,2.0,Yes
CUST04388,ORD004388,PRD0009,2348097782353,Customer 4388,Female,46-60,Kaduna,North West,Occasional,2025-07-09,Groceries,Beverage Pack,5,25000,0.15,106250.0,1000,Card,Instagram,Pending,Delivered,2.0,5.0,yes
CUST04389,ORD004389,PRD0017,2348071932430,Customer 4389,Male,18-25,Lagos,South West,Occasional,2025-06-03,Groceries,Rice,2,3500,0.1,6300.0,1500,Wallet,,Cancelled,In Transit,6.0,1.0,Yes
CUST04390,ORD004390,PRD0001,2348055463378,Customer 4390,F,,Abuja,North Central,Business,2025-04-07,Sports,Running Shoes,1,40000,0.2,32000.0,1500,Cash on Delivery,,cancelled,delivered,6.0,4.0,No
CUST04391,ORD004391,PRD0016,2348076829404,Customer 4391,,60+,Port Harcourt,South South,Regular,2025-01-02,Beauty,Skincare Set,2,120000,0.0,240000.0,1500,Card,Website,Cancelled,Delivered,4.0,4.0,No
CUST04392,ORD004392,PRD0010,2348044066230,Customer 4392,Female,26-35,Kaduna,North West,Occasional,2026-03-18,Beauty,Makeup Kit,5,25000,0.1,112500.0,3500,Cash on Delivery,Store,COMPLETED,DELIVERED,2.0,5.0,
CUST04393,ORD004393,PRD0006,2348011981039,Customer 4393,Female,46-60,Kano,North West,Premium,2026-05-12,Electronics,Laptop,2,120000,0.15,204000.0,3500,Wallet,Instagram,,DELIVERED,11.0,3.0,
CUST04394,ORD004394,PRD0011,2348061793953,Customer 4394,,46-60,Ibadan,South West,Premium,2025-01-21,Groceries,Beverage Pack,1,3500,0.1,3150.0,1500,Cash on Delivery,Website,Completed,,13.0,3.0,No
CUST04395,ORD004395,PRD0025,2348085078044,Customer 4395, f ,60+,Benin City,South South,Regular,2026-08-15,Home & Kitchen,Cookware Set,1,3500,0.0,3500.0,2500,USSD,Mobile App,Cancelled,Delivered,11.0,5.0,Yes
CUST04396,ORD004396,PRD0018,2348037287850,Customer 4396,Female,46-60,Port Harcourt,South South,Occasional,2025-01-05,Beauty,Makeup Kit,3,75000,0.1,202500.0,0,Cash on Delivery,Mobile App,COMPLETED,,4.0,4.0,No
CUST04397,ORD004397,PRD0021,2348022712522,Customer 4397,Male,26-35,Port Harcourt,South South,,2024-12-03,Groceries,Cereal,2,75000,0.15,127500.0,0,Card,mobile app,Completed,,10.0,3.0,
CUST04398,ORD004398,PRD0029,2348014881945,Customer 4398,M,,Abuja,North Central,Regular,2025-03-20,Beauty,Hair Dryer,4,15000,0.05,57000.0,3500,Bank Transfer,Instagram,completed,delivered,9.0,5.0,NO
CUST04399,ORD004399,PRD0022,2348048315030,Customer 4399,F,26-35,Abuja,North Central,Premium,2024-03-06,Groceries,Cereal,1,25000,0.15,21250.0,1000,Bank Transfer,website,pending,In Transit,1.0,4.0,NO
CUST04400,ORD004400,PRD0004,2348059842860, Customer 4400 ,M,,Abuja,North Central,Occasional,2024-12-24,Sports,Running Shoes,5,75000,0.2,300000.0,1000,,Website,Pending,DELIVERED,11.0,4.0,Yes
CUST04401,ORD004401,PRD0004,2348032555544,Customer 4401,Female,60+,Ibadan,South West,Regular,2024-06-04,Sports,Football,1,120000,0.1,108000.0,1000,USSD,Store,COMPLETED,Delivered,6.0,5.0,No
CUST04402,ORD004402,PRD0029,2348027295746,Customer 4402,Female,18-25,Enugu,South East,Occasional,2025-12-02,Fashion,Jeans,2,7500,0.1,13500.0,0,Bank Transfer,Store,Completed,,1.0,1.0,No
CUST04403,ORD004403,PRD0024,2348095688896,Customer 4403,,60+,Port Harcourt,South South,Regular,2025-09-07,Electronics,Smartphone,1,25000,0.05,23750.0,2500,bank transfer,Mobile App,Completed,Delivered,2.0,5.0,No
CUST04404,ORD004404,PRD0017,2348025682025,Customer 4404,female,36-45,Port Harcourt,South South,REGULAR,2024-05-26,Fashion,Sneakers,2,25000,0.15,42500.0,3500,USSD,Store,pending,Delivered,6.0,5.0,No
CUST04405,ORD004405,PRD0020,2348043880655,Customer 4405,F,60+,Abuja,North Central,Occasional,2024-02-11,Sports,Running Shoes,3,7500,0.05,21375.0,2500,Bank Transfer,Mobile App,completed,Returned,11.0,5.0,No
CUST04406,ORD004406,PRD0021,2348037032747,Customer 4406,Male,36-45,Benin City,South South,Regular,2025-10-16,Sports,Football,1,40000,0.2,32000.0,1500,USSD,Marketplace,completed,,2.0,5.0,
CUST04407,ORD004407,PRD0006,2348014990781,Customer 4407,Male,26-35,Port Harcourt,South South,Regular,2025-10-06,Beauty,Hair Dryer,2,3500,0.2,5600.0,2500,Card,Instagram,Cancelled,Delivered,9.0,1.0,No
CUST04408,ORD004408,PRD0023,2348096387039,Customer 4408,MALE,46-60,Benin City,South South,,2026-04-06,Beauty,Skincare Set,4,7500,0.0,30000.0,0,Card,Instagram,,Delayed,2.0,2.0,yes
CUST04409,ORD004409,PRD0021,2348065812167,Customer 4409,,60+,Benin City,South South,Regular,2026-02-03,Electronics,Smartphone,2,7500,0.05,14250.0,1000,Card,Mobile App,Cancelled,delivered,4.0,,
CUST04410,ORD004410,PRD0018,2348079279479,Customer 4410,Male,46-60,Benin City,South South,Premium,2024-11-04,Beauty,Makeup Kit,2,7500,0.0,15000.0,1000,Cash on Delivery,Website,cancelled,,10.0,4.0,
CUST04411,ORD004411,PRD0001,2348052957120,Customer 4411,,60+,Kano,North West,premium ,2026-06-08,Home & Kitchen,Blender,1,40000,0.15,34000.0,0,USSD,Marketplace,Completed,delivered,13.0,,Yes
CUST04412,ORD004412,PRD0017,2348018226028,Customer 4412,Male,60+,Kano,North West,Regular,2025-03-06,Groceries,Rice,3,25000,0.1,67500.0,1500,,Website,COMPLETED,In Transit,3.0,5.0,yes
CUST04413,ORD004413,PRD0013,2348072151882,Customer 4413,,,Kano,North West,Premium,2026-07-23,Beauty,Perfume,5,3500,0.1,15750.0,2500,USSD,Mobile App,pending,,5.0,4.0,NO
CUST04414,ORD004414,PRD0009,2348073173647,Customer 4414,M,36-45,Enugu,South East,premium ,2025-10-18,Home & Kitchen,Air Fryer,3,120000,0.15,306000.0,2500,Cash on Delivery,Marketplace,,delivered,14.0,4.0,Yes
CUST04415,ORD004415,PRD0020,2348057528996,Customer 4415,Male,,Kaduna,North West,Regular,2025-04-17,Groceries,Rice,4,25000,0.0,100000.0,3500,,Mobile App,Returned,In Transit,2.0,4.0,
CUST04416,ORD004416,PRD0001,2348083865172,Customer 4416,,26-35,Enugu,South East,Regular,2024-11-30,Beauty,Hair Dryer,3,120000,0.2,288000.0,3500,Card,,Cancelled,DELIVERED,2.0,4.0,No
CUST04417,ORD004417,PRD0002,2348082094791,Customer 4417,Female,26-35,Port Harcourt,South South,,2025-03-08,Beauty,Hair Dryer,1,75000,0.15,63750.0,2500,Wallet,website,COMPLETED,,5.0,4.0,
CUST04418,ORD004418,PRD0020,2348068444636,Customer 4418,female,36-45,Kano,North West,Premium,2025-03-10,Electronics,Laptop,1,3500,0.0,3500.0,1000,Card,Store,,Delayed,4.0,4.0,No
CUST04419,ORD004419,PRD0020,2348028406991,Customer 4419,FEMALE,,Lagos,South West,REGULAR,2025-06-21,Electronics,Smartphone,1,120000,0.05,114000.0,1000,bank transfer,,completed,delivered,10.0,4.0,NO
CUST04420,ORD004420,PRD0012,2348021627788,Customer 4420,Male,60+,Abuja,North Central,Regular,2025-08-21,Home & Kitchen,Cookware Set,4,5000,0.05,19000.0,0,Bank Transfer,Store,Completed,Delayed,,2.0,Yes
CUST04421,ORD004421,PRD0015,2348053187873,Customer 4421,male,18-25,Kaduna,North West,Regular,2026-05-11,Beauty,Makeup Kit,1,25000,0.05,23750.0,1500,Cash on Delivery,Instagram,pending,,10.0,,Yes
CUST04422,ORD004422,PRD0019,2348029901739,Customer 4422,,60+,Ibadan,South West,Occasional,2025-04-27,Groceries,Beverage Pack,4,40000,0.1,144000.0,2500,Wallet,Website,Completed,Delayed,2.0,4.0,Yes
CUST04423,ORD004423,PRD0027,2348048109036,Customer 4423,F,26-35,Lagos,South West,Occasional,2024-06-11,Electronics,Smartphone,5,15000,0.2,60000.0,3500,Card,Store,Cancelled,delivered,,4.0,No
CUST04424,ORD004424,PRD0012,2348060106474,Customer 4424,Female,26-35,Abuja,North Central,Premium,2026-01-14,Beauty,Skincare Set,5,40000,0.0,200000.0,1000,Wallet,mobile app,completed,,14.0,4.0,
CUST04425,ORD004425,PRD0004,2348047633920, Customer 4425 ,,,Kano,North West,Regular,2024-02-23,Beauty,Skincare Set,4,15000,0.1,54000.0,0,Bank Transfer,Marketplace,completed,,1.0,1.0,No
CUST04426,ORD004426,PRD0019,2348018602051,Customer 4426,Male,36-45,Benin City,South South,Regular,2025-06-06,Electronics,Laptop,5,3500,0.15,14875.0,3500,bank transfer,,Cancelled,In Transit,14.0,3.0,Yes
CUST04427,ORD004427,PRD0004,2348013837889,Customer 4427,Female,60+,Enugu,South East,,2025-03-17,Sports,Football,4,25000,0.1,90000.0,2500,Card,Marketplace,COMPLETED,Delivered,11.0,3.0,NO
CUST04428,ORD004428,PRD0001,2348033130781,Customer 4428,F,18-25,Abuja,North Central,Regular,2024-02-24,Sports,Yoga Mat,3,120000,0.1,324000.0,2500,Bank Transfer,Website,Completed,delivered,2.0,,NO
CUST04429,ORD004429,PRD0026,2348097587324,Customer 4429,Male,36-45,Abuja,North Central,REGULAR,2026-01-29,Sports,Football,1,3500,0.1,3150.0,1000,CARD,Store,,In Transit,2.0,5.0,NO
CUST04430,ORD004430,PRD0001,2348012398721,Customer 4430,Female,60+,Ibadan,South West,Occasional,2025-01-06,Sports,Running Shoes,4,3500,0.05,13300.0,3500,Cash on Delivery,mobile app,Completed,delivered,7.0,2.0,yes
CUST04431,ORD004431,PRD0006,2348073159023,Customer 4431,female,46-60,Ibadan,South West,Business,2025-06-02,Sports,Gym Bag,3,5000,0.2,12000.0,1000,,Store,Completed,In Transit,1.0,2.0,No
CUST04432,ORD004432,PRD0004,2348059125495,Customer 4432,F,18-25,Benin City,South South,Regular,2026-05-02,Electronics,Laptop,1,3500,0.2,2800.0,3500,CARD,Website,pending,In Transit,14.0,5.0,yes
CUST04433,ORD004433,PRD0023,2348027084526,Customer 4433,F,60+,Ibadan,South West,REGULAR,2026-06-01,Sports,Gym Bag,2,5000,0.1,9000.0,2500,CARD,Mobile App,COMPLETED,Delayed,2.0,5.0,Yes
CUST04434,ORD004434,PRD0020,2348075218358,Customer 4434,Female,60+,Port Harcourt,South South,Regular,2025-08-28,Home & Kitchen,Blender,1,10000,0.05,9500.0,0,Bank Transfer,Marketplace,cancelled,Returned,13.0,4.0,NO
CUST04435,ORD004435,PRD0011,2348033675690,Customer 4435,FEMALE,46-60,Kano,North West,,2025-04-07,Electronics,Smartphone,3,10000,0.2,24000.0,1500,Cash on Delivery,Mobile App,Returned,DELIVERED,3.0,4.0,Yes
CUST04436,ORD004436,PRD0006,2348025523085,Customer 4436, f ,26-35,Port Harcourt,South South,Premium,2025-03-01,Sports,Gym Bag,5,25000,0.05,118750.0,0,Card,Store,COMPLETED,In Transit,13.0,4.0,
CUST04437,ORD004437,PRD0027,2348018076955,Customer 4437,FEMALE,36-45,Benin City,South South,Business,2024-02-10,Sports,Gym Bag,1,10000,0.05,9500.0,1000,Wallet,Store,,Delivered,4.0,4.0,
CUST04438,ORD004438,PRD0003,2348055827218,Customer 4438,Male,36-45,Ibadan,South West,Occasional,2024-11-21,Home & Kitchen,Cookware Set,1,15000,0.15,12750.0,1000,Cash on Delivery,mobile app,Completed,delivered,14.0,5.0,No
CUST04439,ORD004439,PRD0010,2348077654616,Customer 4439,Male,,Enugu,South East,Premium,2024-08-02,Beauty,Makeup Kit,5,40000,0.15,170000.0,2500,Card,Instagram,Completed,,8.0,2.0,yes
CUST04440,ORD004440,PRD0019,2348077551840,Customer 4440,,26-35,Enugu,South East,premium ,2024-12-25,Beauty,Hair Dryer,3,75000,0.15,191250.0,0,USSD,Website,cancelled,Delayed,7.0,5.0,No
CUST04441,ORD004441,PRD0017,2348064785921,Customer 4441,,46-60,Kaduna,North West,Occasional,2025-03-05,Home & Kitchen,Vacuum Cleaner,1,7500,0.05,7125.0,2500,,website,,Returned,12.0,4.0,No
CUST04442,ORD004442,PRD0020,2348082757531,Customer 4442,M,60+,Benin City,South South,Business,2024-04-19,Groceries,Rice,1,7500,0.1,6750.0,3500,bank transfer,Website,,Delivered,3.0,3.0,yes
CUST04443,ORD004443,PRD0002,2348015266642,Customer 4443,Female,46-60,Enugu,South East,,2025-03-23,Beauty,Skincare Set,1,40000,0.0,40000.0,3500,Card,Mobile App,completed,delivered,13.0,4.0,No
CUST04444,ORD004444,PRD0017,2348016247124,Customer 4444,Male,46-60,Lagos,South West,Occasional,2024-03-06,Electronics,Laptop,2,25000,0.2,40000.0,0,Bank Transfer,Mobile App,Completed,In Transit,7.0,,No
CUST04445,ORD004445,PRD0018,2348087023445,Customer 4445,Male,60+,Ibadan,South West,premium ,2025-08-25,Sports,Football,3,120000,0.1,324000.0,3500,USSD,Store,Returned,delivered,9.0,5.0,
CUST04446,ORD004446,PRD0027,2348063903896,Customer 4446,female,60+,Abuja,North Central,REGULAR,2026-07-01,Beauty,Perfume,2,15000,0.15,25500.0,0,Card,Instagram,cancelled,Returned,10.0,4.0,No
CUST04447,ORD004447,PRD0017,2348051645410,Customer 4447,Female,36-45,Lagos,South West,Regular,2026-03-19,Home & Kitchen,Blender,5,5000,0.0,25000.0,2500,Cash on Delivery,Website,completed,Returned,13.0,3.0,Yes
CUST04448,ORD004448,PRD0025,2348088228809,Customer 4448,,18-25,Lagos,South West,Premium,2024-10-20,Groceries,Cooking Oil,5,25000,0.1,112500.0,2500,CARD,Store,pending,,14.0,4.0,No
CUST04449,ORD004449,PRD0019,2348038331802,Customer 4449,,36-45,Ibadan,South West,Regular,2025-08-17,Fashion,Sneakers,2,40000,0.1,72000.0,0,,Marketplace,,In Transit,12.0,1.0,No
CUST04450,ORD004450,PRD0003,2348070831442, Customer 4450 ,female,36-45,Kaduna,North West,,2025-08-15,Fashion,Jeans,3,75000,0.1,202500.0,3500,USSD,website,Completed,delivered,7.0,4.0,Yes
CUST04451,ORD004451,PRD0018,2348016603326,Customer 4451, f ,36-45,Port Harcourt,South South,REGULAR,2025-07-31,Fashion,Shirt,3,120000,0.0,360000.0,3500,Cash on Delivery,Website,pending,In Transit,13.0,5.0,No
CUST04452,ORD004452,PRD0022,2348021443869,Customer 4452,male,18-25,Lagos,South West,Occasional,2025-04-10,Beauty,Skincare Set,1,3500,0.1,3150.0,1500,Bank Transfer,Mobile App,Cancelled,,2.0,,NO
CUST04453,ORD004453,PRD0029,2348088689640,Customer 4453,Female,60+,Port Harcourt,South South,,2025-11-18,Fashion,Handbag,2,5000,0.0,10000.0,3500,Cash on Delivery,Website,,delivered,7.0,5.0,Yes
CUST04454,ORD004454,PRD0030,2348015828805,Customer 4454, m ,18-25,Port Harcourt,South South,Occasional,2025-06-10,Home & Kitchen,Cookware Set,5,7500,0.0,37500.0,2500,Card,Mobile App,Returned,Delivered,5.0,3.0,No
CUST04455,ORD004455,PRD0021,2348036674940,Customer 4455,Male,36-45,Kano,North West,premium ,2024-07-28,Sports,Football,4,3500,0.15,11900.0,0,Wallet,Website,Cancelled,In Transit,14.0,,Yes
CUST04456,ORD004456,PRD0008,2348038033900,Customer 4456,M,,Lagos,South West,Regular,2024-11-05,Fashion,Handbag,1,3500,0.1,3150.0,3500,Cash on Delivery,Mobile App,Pending,,13.0,5.0,
CUST04457,ORD004457,PRD0019,2348027507816,Customer 4457,Female,,Lagos,South West,,2024-03-22,Sports,Running Shoes,3,7500,0.15,19125.0,0,Cash on Delivery,Store,Cancelled,DELIVERED,1.0,,No
CUST04458,ORD004458,PRD0002,2348067028959,Customer 4458,Male,60+,Port Harcourt,South South,Occasional,2025-09-14,Sports,Football,4,120000,0.2,384000.0,2500,CARD,Store,,,6.0,2.0,
CUST04459,ORD004459,PRD0003,2348040374022,Customer 4459,Male,46-60,Lagos,South West,Occasional,2025-08-31,Groceries,Beverage Pack,2,10000,0.05,19000.0,1500,Card,Store,completed,delivered,1.0,5.0,Yes
CUST04460,ORD004460,PRD0028,2348040813754,Customer 4460,Female,60+,Lagos,South West,Regular,2024-01-12,Fashion,Sneakers,2,40000,0.2,64000.0,2500,,mobile app,Pending,Delivered,10.0,4.0,Yes
CUST04461,ORD004461,PRD0003,2348063037370,Customer 4461,Female,36-45,Ibadan,South West,Regular,2024-05-01,Sports,Yoga Mat,4,25000,0.15,85000.0,2500,Bank Transfer,,,In Transit,2.0,5.0,No
CUST04462,ORD004462,PRD0012,2348070473980,Customer 4462,Male,18-25,Lagos,South West,Regular,2026-03-24,Sports,Running Shoes,3,5000,0.2,12000.0,3500,Bank Transfer,,completed,Delivered,12.0,2.0,Yes
CUST04463,ORD004463,PRD0019,2348046095434,Customer 4463,Male,26-35,Benin City,South South,Premium,2025-07-30,Beauty,Skincare Set,3,15000,0.2,36000.0,2500,Cash on Delivery,Instagram,COMPLETED,,14.0,4.0,yes
CUST04464,ORD004464,PRD0021,2348052384726,Customer 4464,male,60+,Kano,North West,Premium,2025-10-26,Groceries,Rice,4,15000,0.15,51000.0,3500,Bank Transfer,website,pending,Returned,13.0,5.0,
CUST04465,ORD004465,PRD0025,2348076991904,Customer 4465,Male,36-45,Enugu,South East,REGULAR,2025-03-15,Electronics,Laptop,4,7500,0.05,28500.0,1000,Card,mobile app,Cancelled,Delivered,6.0,4.0,Yes
CUST04466,ORD004466,PRD0027,2348082885249,Customer 4466,Female,26-35,Kaduna,North West,Business,2025-01-01,Fashion,Jeans,5,10000,0.2,40000.0,1500,Wallet,Instagram,Completed,In Transit,13.0,1.0,
CUST04467,ORD004467,PRD0004,2348093431211,Customer 4467,Male,,Kaduna,North West,Regular,2026-08-29,Home & Kitchen,Air Fryer,4,75000,0.05,285000.0,3500,,,COMPLETED,Delivered,6.0,3.0,No
CUST04468,ORD004468,PRD0006,2348072747929,Customer 4468,Male,,Kano,North West,Occasional,2026-02-18,Home & Kitchen,Cookware Set,2,120000,0.1,216000.0,3500,bank transfer,Marketplace,Completed,DELIVERED,11.0,5.0,Yes
CUST04469,ORD004469,PRD0010,2348043923397,Customer 4469,Male,36-45,Benin City,South South,,2026-03-09,Beauty,Hair Dryer,4,40000,0.05,152000.0,3500,CARD,Website,completed,In Transit,13.0,4.0,NO
CUST04470,ORD004470,PRD0018,2348092596852,Customer 4470,,36-45,Lagos,South West,Premium,2024-05-13,Home & Kitchen,Blender,2,75000,0.15,127500.0,1000,Cash on Delivery,Mobile App,Completed,DELIVERED,3.0,4.0,No
CUST04471,ORD004471,PRD0025,2348012656057,Customer 4471,Female,18-25,Abuja,North Central,premium ,2026-08-15,Sports,Running Shoes,3,75000,0.1,202500.0,0,,Marketplace,Cancelled,,13.0,3.0,No
CUST04472,ORD004472,PRD0018,2348062930981,Customer 4472,Female,18-25,Enugu,South East,Regular,2024-09-26,Sports,Running Shoes,5,40000,0.1,180000.0,2500,USSD,Instagram,COMPLETED,Delivered,9.0,4.0,
CUST04473,ORD004473,PRD0014,2348091252659,Customer 4473,,36-45,Benin City,South South,Occasional,2025-10-31,Beauty,Perfume,4,3500,0.15,11900.0,3500,Cash on Delivery,Marketplace,completed,Delivered,2.0,4.0,Yes
CUST04474,ORD004474,PRD0021,2348040143628,Customer 4474,FEMALE,,Kano,North West,premium ,2025-07-02,Electronics,Smartphone,2,15000,0.1,27000.0,1000,Wallet,Store,Completed,Returned,5.0,,
CUST04475,ORD004475,PRD0027,2348067249753, Customer 4475 ,Male,26-35,Lagos,South West,Premium,2025-09-11,Sports,Running Shoes,5,15000,0.2,60000.0,0,USSD,Marketplace,completed,Delayed,7.0,3.0,No
CUST04476,ORD004476,PRD0021,2348053094726,Customer 4476,Male,18-25,Abuja,North Central,Premium,2025-04-27,Fashion,Shirt,4,40000,0.05,152000.0,1000,Cash on Delivery,Website,Completed,In Transit,8.0,1.0,Yes
CUST04477,ORD004477,PRD0012,2348091077000,Customer 4477,Male,18-25,Abuja,North Central,Regular,2025-11-14,Home & Kitchen,Blender,4,120000,0.15,408000.0,2500,bank transfer,Marketplace,completed,Delayed,12.0,4.0,
CUST04478,ORD004478,PRD0008,2348074202887,Customer 4478,FEMALE,18-25,Kaduna,North West,Premium,2024-07-05,Fashion,Shirt,5,7500,0.05,35625.0,2500,Cash on Delivery,Store,Completed,Returned,11.0,3.0,Yes
CUST04479,ORD004479,PRD0020,2348025846165,Customer 4479,male,60+,Abuja,North Central,premium ,2024-07-31,Home & Kitchen,Air Fryer,3,5000,0.2,12000.0,0,USSD,,completed,Delivered,3.0,4.0,Yes
CUST04480,ORD004480,PRD0002,2348024672619,Customer 4480,Female,36-45,Kano,North West,Occasional,2024-05-19,Sports,Gym Bag,2,25000,0.0,50000.0,1500,Card,Website,Completed,Delivered,,1.0,NO
CUST04481,ORD004481,PRD0012,2348014716050,Customer 4481,female,46-60,Benin City,South South,Regular,2026-05-21,Beauty,Perfume,5,10000,0.1,45000.0,3500,USSD,Marketplace,COMPLETED,Returned,6.0,3.0,
CUST04482,ORD004482,PRD0012,2348050478186,Customer 4482,MALE,18-25,Lagos,South West,Regular,2024-07-07,Electronics,Laptop,1,120000,0.05,114000.0,1500,CARD,mobile app,COMPLETED,In Transit,6.0,,yes
CUST04483,ORD004483,PRD0024,2348084628847,Customer 4483,M,26-35,Port Harcourt,South South,Business,2024-03-17,Sports,Gym Bag,3,10000,0.05,28500.0,1500,Cash on Delivery,Marketplace,Pending,DELIVERED,3.0,5.0,
CUST04484,ORD004484,PRD0008,2348055118533,Customer 4484,male,,Port Harcourt,South South,Regular,2025-08-28,Beauty,Makeup Kit,1,5000,0.15,4250.0,1500,Card,Mobile App,Cancelled,,5.0,5.0,yes
CUST04485,ORD004485,PRD0006,2348091065647,Customer 4485,Female,60+,Kaduna,North West,Occasional,2025-04-11,Beauty,Makeup Kit,2,75000,0.2,120000.0,2500,USSD,Marketplace,Completed,Delayed,8.0,5.0,No
CUST04486,ORD004486,PRD0019,2348035776906,Customer 4486,F,60+,Kano,North West,Regular,2026-01-05,Fashion,Jeans,4,25000,0.05,95000.0,1000,Card,,Completed,delivered,10.0,2.0,
CUST04487,ORD004487,PRD0011,2348072356057,Customer 4487,Male,60+,Ibadan,South West,Occasional,2024-06-09,Electronics,Smartphone,5,10000,0.1,45000.0,0,Wallet,Marketplace,Cancelled,Returned,2.0,4.0,
CUST04488,ORD004488,PRD0026,2348012557937,Customer 4488,Female,36-45,Kaduna,North West,Premium,2026-02-27,Electronics,Laptop,5,40000,0.1,180000.0,1000,Cash on Delivery,Marketplace,completed,Delivered,12.0,3.0,No
CUST04489,ORD004489,PRD0013,2348069064045,Customer 4489,Female,46-60,Ibadan,South West,,2025-02-16,Groceries,Cereal,2,15000,0.1,27000.0,3500,Bank Transfer,Marketplace,Completed,Returned,5.0,4.0,Yes
CUST04490,ORD004490,PRD0026,2348064713123,Customer 4490,Male,46-60,Lagos,South West,Occasional,2026-03-05,Fashion,Sneakers,3,10000,0.15,25500.0,3500,,Store,,delivered,5.0,5.0,No
CUST04491,ORD004491,PRD0005,2348094792649,Customer 4491,Female,26-35,Benin City,South South,Regular,2025-08-30,Fashion,Sneakers,3,15000,0.2,36000.0,1500,Bank Transfer,Store,Completed,,2.0,2.0,No
CUST04492,ORD004492,PRD0020,2348075993267,Customer 4492,Male,,Ibadan,South West,REGULAR,2024-08-28,Home & Kitchen,Vacuum Cleaner,2,25000,0.2,40000.0,0,bank transfer,Marketplace,pending,In Transit,7.0,4.0,No
CUST04493,ORD004493,PRD0002,2348046764236,Customer 4493,Male,26-35,Benin City,South South,Occasional,2025-09-18,Electronics,Laptop,2,40000,0.0,80000.0,2500,CARD,Marketplace,,Delayed,6.0,5.0,
CUST04494,ORD004494,PRD0028,2348049793073,Customer 4494,,46-60,Lagos,South West,Premium,2024-08-27,Fashion,Handbag,4,40000,0.2,128000.0,0,Card,Website,Completed,In Transit,1.0,2.0,No
CUST04495,ORD004495,PRD0012,2348060399938,Customer 4495, m ,18-25,Port Harcourt,South South,premium ,2024-12-07,Beauty,Skincare Set,1,3500,0.0,3500.0,0,USSD,Marketplace,Pending,Returned,5.0,3.0,No
CUST04496,ORD004496,PRD0028,2348043436194,Customer 4496,male,18-25,Lagos,South West,Regular,2025-10-01,Beauty,Skincare Set,1,7500,0.15,6375.0,0,Bank Transfer,,completed,In Transit,8.0,5.0,No
CUST04497,ORD004497,PRD0010,2348019332308,Customer 4497,,46-60,Kano,North West,Regular,2024-07-28,Electronics,Smartphone,4,5000,0.05,19000.0,1500,Bank Transfer,Instagram,cancelled,Returned,6.0,5.0,yes
CUST04498,ORD004498,PRD0004,2348014111823,Customer 4498,Female,,Kaduna,North West,Occasional,2024-01-13,Beauty,Skincare Set,3,3500,0.1,9450.0,2500,Card,Mobile App,cancelled,In Transit,14.0,1.0,No
CUST04499,ORD004499,PRD0021,2348048452194,Customer 4499,male,26-35,Benin City,South South,Premium,2025-07-23,Groceries,Beverage Pack,1,15000,0.2,12000.0,0,Bank Transfer,Mobile App,,,,5.0,No
CUST04500,ORD004500,PRD0020,2348048207667, Customer 4500 ,Female,36-45,Kaduna,North West,Occasional,2024-03-27,Beauty,Makeup Kit,3,40000,0.05,114000.0,2500,Card,Store,Completed,In Transit,1.0,5.0,No
CUST04501,ORD004501,PRD0025,2348015380039,Customer 4501,,,Enugu,South East,REGULAR,2025-07-10,Sports,Running Shoes,1,25000,0.1,22500.0,0,,mobile app,,In Transit,5.0,1.0,
CUST04502,ORD004502,PRD0016,2348070639127,Customer 4502,Male,26-35,Abuja,North Central,Premium,2024-10-31,Sports,Football,1,40000,0.05,38000.0,1000,Card,Website,Cancelled,In Transit,10.0,3.0,No
CUST04503,ORD004503,PRD0003,2348082749172,Customer 4503, f ,,Abuja,North Central,Occasional,2025-09-27,Beauty,Perfume,2,40000,0.2,64000.0,1000,bank transfer,Website,Completed,Delivered,,5.0,NO
CUST04504,ORD004504,PRD0006,2348057983460,Customer 4504,Female,60+,Ibadan,South West,Premium,2024-03-17,Electronics,Wireless Earbuds,5,120000,0.0,600000.0,1500,USSD,Marketplace,completed,Returned,12.0,5.0,yes
CUST04505,ORD004505,PRD0022,2348042413382,Customer 4505,Female,46-60,Enugu,South East,premium ,2025-12-12,Fashion,Handbag,1,40000,0.1,36000.0,3500,Card,Marketplace,,delivered,3.0,3.0,yes
CUST04506,ORD004506,PRD0006,2348082811627,Customer 4506, f ,46-60,Abuja,North Central,premium ,2025-09-16,Electronics,Smartphone,3,75000,0.05,213750.0,3500,bank transfer,Marketplace,completed,Delivered,14.0,4.0,
CUST04507,ORD004507,PRD0024,2348024434356,Customer 4507,Male,18-25,Benin City,South South,premium ,2025-04-02,Groceries,Cooking Oil,1,5000,0.05,4750.0,2500,Bank Transfer,Store,pending,delivered,1.0,5.0,No
CUST04508,ORD004508,PRD0011,2348040066825,Customer 4508,Female,36-45,Kaduna,North West,Regular,2024-04-18,Sports,Running Shoes,2,10000,0.1,18000.0,3500,Wallet,Marketplace,Completed,Delivered,6.0,,
CUST04509,ORD004509,PRD0003,2348036539406,Customer 4509,Female,46-60,Enugu,South East,Premium,2025-03-04,Electronics,Laptop,3,120000,0.05,342000.0,0,Wallet,website,Completed,,8.0,4.0,No
CUST04510,ORD004510,PRD0023,2348042721463,Customer 4510,F,60+,Kano,North West,Premium,2026-02-27,Sports,Running Shoes,1,40000,0.2,32000.0,2500,Cash on Delivery,Marketplace,Completed,,1.0,4.0,No
CUST04511,ORD004511,PRD0020,2348052385251,Customer 4511,,,Benin City,South South,Regular,2024-11-29,Electronics,Laptop,5,40000,0.05,190000.0,2500,Bank Transfer,Mobile App,Completed,Returned,8.0,,Yes
CUST04512,ORD004512,PRD0020,2348016914039,Customer 4512,,26-35,Abuja,North Central,Regular,2026-02-20,Fashion,Handbag,2,25000,0.2,40000.0,1000,USSD,Website,Returned,Delayed,1.0,1.0,Yes
CUST04513,ORD004513,PRD0006,2348042242625,Customer 4513,FEMALE,60+,Port Harcourt,South South,Regular,2026-07-17,Groceries,Beverage Pack,5,10000,0.2,40000.0,2500,CARD,Mobile App,Completed,DELIVERED,12.0,3.0,No
CUST04514,ORD004514,PRD0028,2348013135992,Customer 4514,Female,,Kano,North West,Regular,2026-01-16,Electronics,Wireless Earbuds,4,7500,0.1,27000.0,3500,Bank Transfer,Website,COMPLETED,In Transit,6.0,,NO
CUST04515,ORD004515,PRD0011,2348037188859,Customer 4515,,36-45,Kaduna,North West,Business,2025-02-21,Fashion,Sneakers,5,25000,0.15,106250.0,1000,Bank Transfer,Website,Pending,DELIVERED,8.0,1.0,Yes
CUST04516,ORD004516,PRD0004,2348053660516,Customer 4516,Male,60+,Abuja,North Central,Regular,2025-06-01,Fashion,Shirt,2,75000,0.2,120000.0,0,CARD,Instagram,cancelled,Delivered,5.0,4.0,Yes
CUST04517,ORD004517,PRD0019,2348055603109,Customer 4517,male,46-60,Kaduna,North West,Premium,2025-07-23,Beauty,Perfume,1,15000,0.05,14250.0,1000,Cash on Delivery,Marketplace,Completed,Returned,4.0,,No
CUST04518,ORD004518,PRD0005,2348066450636,Customer 4518,M,26-35,Enugu,South East,,2024-11-27,Beauty,Makeup Kit,5,25000,0.2,100000.0,1000,Cash on Delivery,Mobile App,pending,Returned,5.0,5.0,No
CUST04519,ORD004519,PRD0022,2348066319965,Customer 4519,Female,18-25,Port Harcourt,South South,,2026-04-07,Electronics,Smartphone,1,25000,0.0,25000.0,1500,Cash on Delivery,website,COMPLETED,In Transit,,5.0,
CUST04520,ORD004520,PRD0003,2348052343648,Customer 4520,,46-60,Enugu,South East,Premium,2024-05-31,Fashion,Jeans,5,75000,0.2,300000.0,2500,Card,Store,Completed,Returned,6.0,,NO
CUST04521,ORD004521,PRD0021,2348035586560,Customer 4521,F,60+,Kaduna,North West,Business,2025-08-01,Fashion,Jeans,2,25000,0.0,50000.0,0,CARD,Website,,In Transit,4.0,3.0,No
CUST04522,ORD004522,PRD0025,2348039162491,Customer 4522,male,60+,Enugu,South East,Premium,2025-03-02,Sports,Football,2,15000,0.2,24000.0,1000,Wallet,website,completed,delivered,10.0,3.0,yes
CUST04523,ORD004523,PRD0016,2348079444227,Customer 4523,Male,,Abuja,North Central,Regular,2025-03-20,Beauty,Perfume,3,3500,0.1,9450.0,2500,USSD,Website,Cancelled,Delivered,1.0,4.0,NO
CUST04524,ORD004524,PRD0029,2348037109686,Customer 4524,,26-35,Port Harcourt,South South,Premium,2026-08-13,Fashion,Jeans,5,120000,0.0,600000.0,1000,USSD,Store,COMPLETED,delivered,11.0,4.0,
CUST04525,ORD004525,PRD0019,2348050552736, Customer 4525 ,Male,46-60,Enugu,South East,Premium,2024-03-30,Groceries,Rice,2,10000,0.1,18000.0,1000,Bank Transfer,Mobile App,Cancelled,In Transit,,3.0,Yes
CUST04526,ORD004526,PRD0024,2348037554754,Customer 4526,Male,46-60,Ibadan,South West,Premium,2025-04-10,Home & Kitchen,Air Fryer,1,25000,0.0,25000.0,0,Bank Transfer,Marketplace,Cancelled,,9.0,,No
CUST04527,ORD004527,PRD0014,2348015329118,Customer 4527,,60+,Abuja,North Central,Business,2025-09-14,Beauty,Makeup Kit,4,7500,0.2,24000.0,2500,Bank Transfer,Website,pending,Delivered,14.0,,Yes
CUST04528,ORD004528,PRD0026,2348014935999,Customer 4528,,18-25,Abuja,North Central,Premium,2026-08-20,Groceries,Cereal,3,15000,0.15,38250.0,2500,CARD,mobile app,completed,,2.0,4.0,No
CUST04529,ORD004529,PRD0011,2348082564224,Customer 4529,male,26-35,Kaduna,North West,Regular,2024-10-13,Beauty,Hair Dryer,1,75000,0.2,60000.0,1500,,Marketplace,Completed,In Transit,5.0,1.0,No
CUST04530,ORD004530,PRD0015,2348098743546,Customer 4530,Male,36-45,Port Harcourt,South South,Premium,2026-05-18,Fashion,Sneakers,3,5000,0.2,12000.0,2500,USSD,Website,Completed,delivered,12.0,5.0,Yes
CUST04531,ORD004531,PRD0023,2348033564916,Customer 4531,MALE,46-60,Benin City,South South,Occasional,2026-06-20,Home & Kitchen,Air Fryer,5,15000,0.0,75000.0,0,Cash on Delivery,Website,COMPLETED,Delivered,7.0,5.0,Yes
CUST04532,ORD004532,PRD0016,2348085191387,Customer 4532,Female,60+,Kaduna,North West,Occasional,2026-03-05,Fashion,Sneakers,1,5000,0.15,4250.0,1500,Wallet,Instagram,COMPLETED,Delivered,4.0,4.0,No
CUST04533,ORD004533,PRD0004,2348079901465,Customer 4533,male,18-25,Port Harcourt,South South,Occasional,2024-09-12,Fashion,Jeans,4,7500,0.05,28500.0,1000,Bank Transfer,Mobile App,pending,In Transit,11.0,3.0,yes
CUST04534,ORD004534,PRD0014,2348042262745,Customer 4534,Male,46-60,Kano,North West,Occasional,2026-02-13,Electronics,Smartphone,4,25000,0.1,90000.0,3500,Wallet,Store,Completed,Delivered,14.0,5.0,Yes
CUST04535,ORD004535,PRD0022,2348018594569,Customer 4535,Female,36-45,Abuja,North Central,Premium,2025-04-15,Home & Kitchen,Air Fryer,5,40000,0.0,200000.0,2500,Wallet,Website,Cancelled,Returned,12.0,5.0,NO
CUST04536,ORD004536,PRD0030,2348047027406,Customer 4536,Female,36-45,Port Harcourt,South South,Occasional,2024-02-14,Home & Kitchen,Blender,3,7500,0.1,20250.0,1000,,Website,cancelled,,7.0,4.0,No
CUST04537,ORD004537,PRD0027,2348045171246,Customer 4537,female,36-45,Benin City,South South,Regular,2025-12-16,Groceries,Rice,5,7500,0.0,37500.0,3500,Wallet,Marketplace,Completed,Delivered,9.0,4.0,Yes
CUST04538,ORD004538,PRD0013,2348015174132,Customer 4538,F,46-60,Kaduna,North West,Regular,2025-07-24,Electronics,Wireless Earbuds,5,15000,0.1,67500.0,3500,Bank Transfer,Instagram,completed,In Transit,5.0,4.0,Yes
CUST04539,ORD004539,PRD0001,2348018495860,Customer 4539,Female,60+,Ibadan,South West,Premium,2024-03-13,Electronics,Wireless Earbuds,3,40000,0.15,102000.0,1500,Card,Instagram,Cancelled,,,5.0,No
CUST04540,ORD004540,PRD0024,2348031686374,Customer 4540,,18-25,Kano,North West,Premium,2026-01-31,Home & Kitchen,Vacuum Cleaner,4,75000,0.15,255000.0,2500,Bank Transfer,Website,Completed,,11.0,5.0,Yes
CUST04541,ORD004541,PRD0007,2348022207711,Customer 4541, f ,46-60,Kaduna,North West,Premium,2025-10-01,Sports,Running Shoes,1,40000,0.05,38000.0,2500,Card,Website,COMPLETED,,1.0,5.0,No
CUST04542,ORD004542,PRD0001,2348019667419,Customer 4542, f ,,Lagos,South West,Premium,2026-07-16,Fashion,Sneakers,3,15000,0.0,45000.0,1500,Cash on Delivery,Marketplace,Cancelled,delivered,2.0,2.0,No
CUST04543,ORD004543,PRD0027,2348099009745,Customer 4543,Male,46-60,Enugu,South East,Business,2024-07-08,Fashion,Handbag,3,25000,0.15,63750.0,3500,bank transfer,Marketplace,Completed,Delivered,7.0,3.0,No
CUST04544,ORD004544,PRD0018,2348088312548,Customer 4544,male,46-60,Enugu,South East,Regular,2025-01-19,Sports,Running Shoes,5,120000,0.15,510000.0,1500,Cash on Delivery,mobile app,,Delivered,13.0,,
CUST04545,ORD004545,PRD0030,2348072565144,Customer 4545,F,18-25,Kaduna,North West,Occasional,2026-08-18,Sports,Running Shoes,4,10000,0.15,34000.0,1000,Cash on Delivery,Store,Completed,Returned,12.0,5.0,No
CUST04546,ORD004546,PRD0028,2348072036459,Customer 4546,Male,60+,Kaduna,North West,Premium,2026-06-07,Electronics,Laptop,3,15000,0.15,38250.0,3500,Cash on Delivery,Mobile App,pending,delivered,1.0,3.0,No
CUST04547,ORD004547,PRD0001,2348025618425,Customer 4547,M,,Lagos,South West,Regular,2026-07-29,Beauty,Skincare Set,3,15000,0.15,38250.0,1000,Card,Mobile App,pending,Delivered,10.0,5.0,NO
CUST04548,ORD004548,PRD0017,2348068898782,Customer 4548,F,26-35,Kano,North West,REGULAR,2025-06-05,Sports,Running Shoes,5,25000,0.1,112500.0,3500,USSD,Mobile App,Cancelled,In Transit,9.0,5.0,Yes
CUST04549,ORD004549,PRD0008,2348057683284,Customer 4549,M,46-60,Kano,North West,Premium,2024-08-18,Groceries,Cooking Oil,2,25000,0.0,50000.0,3500,USSD,Mobile App,pending,DELIVERED,7.0,3.0,No
CUST04550,ORD004550,PRD0016,2348047247896, Customer 4550 ,F,,Abuja,North Central,Regular,2026-07-25,Electronics,Wireless Earbuds,2,10000,0.1,18000.0,1500,Card,Website,pending,Delayed,6.0,,
CUST04551,ORD004551,PRD0024,2348020787648,Customer 4551,Female,60+,Abuja,North Central,Occasional,2024-06-18,Groceries,Cereal,4,3500,0.1,12600.0,2500,Cash on Delivery,Marketplace,Completed,,,4.0,No
CUST04552,ORD004552,PRD0012,2348083486224,Customer 4552,,26-35,Lagos,South West,Premium,2024-06-21,Electronics,Smart TV,2,5000,0.2,8000.0,0,USSD,website,,Returned,13.0,2.0,Yes
CUST04553,ORD004553,PRD0006,2348032088371,Customer 4553,MALE,46-60,Abuja,North Central,,2025-07-05,Beauty,Hair Dryer,5,15000,0.2,60000.0,2500,USSD,website,Cancelled,Delivered,3.0,4.0,NO
CUST04554,ORD004554,PRD0008,2348032289064,Customer 4554,Female,,Enugu,South East,,2025-02-17,Beauty,Makeup Kit,2,75000,0.0,150000.0,0,USSD,Mobile App,,delivered,1.0,3.0,No
CUST04555,ORD004555,PRD0004,2348058954135,Customer 4555,Female,,Ibadan,South West,Regular,2026-07-23,Sports,Yoga Mat,1,120000,0.05,114000.0,0,CARD,mobile app,cancelled,Delayed,1.0,,Yes
CUST04556,ORD004556,PRD0016,2348050270785,Customer 4556,Male,60+,Port Harcourt,South South,premium ,2025-09-17,Groceries,Cereal,2,75000,0.1,135000.0,0,,Mobile App,,Delivered,5.0,4.0,No
CUST04557,ORD004557,PRD0030,2348080682456,Customer 4557,Male,46-60,Enugu,South East,Regular,2026-06-20,Beauty,Skincare Set,4,10000,0.0,40000.0,2500,Bank Transfer,Instagram,pending,Returned,6.0,3.0,
CUST04558,ORD004558,PRD0027,2348060966836,Customer 4558, m ,,Kaduna,North West,Regular,2026-03-24,Home & Kitchen,Cookware Set,3,40000,0.0,120000.0,0,Cash on Delivery,Marketplace,Cancelled,delivered,2.0,4.0,
CUST04559,ORD004559,PRD0014,2348085869071,Customer 4559,M,46-60,Kano,North West,Regular,2024-03-07,Groceries,Beverage Pack,3,120000,0.2,288000.0,1000,USSD,Store,,In Transit,2.0,,Yes
CUST04560,ORD004560,PRD0022,2348046588311,Customer 4560,female,36-45,Abuja,North Central,Occasional,2026-03-01,Beauty,Makeup Kit,4,3500,0.2,11200.0,0,Bank Transfer,Website,Completed,delivered,8.0,,Yes
CUST04561,ORD004561,PRD0002,2348083355500,Customer 4561,F,18-25,Abuja,North Central,Premium,2024-10-28,Groceries,Beverage Pack,3,15000,0.05,42750.0,1500,USSD,website,completed,Delivered,12.0,4.0,No
CUST04562,ORD004562,PRD0003,2348030077087,Customer 4562,M,46-60,Enugu,South East,,2026-02-09,Fashion,Sneakers,4,10000,0.15,34000.0,3500,bank transfer,Marketplace,Cancelled,,1.0,4.0,No
CUST04563,ORD004563,PRD0018,2348030874974,Customer 4563,Male,18-25,Benin City,South South,Regular,2026-01-28,Sports,Gym Bag,5,120000,0.15,510000.0,1500,CARD,Store,completed,Delivered,7.0,5.0,NO
CUST04564,ORD004564,PRD0011,2348035367939,Customer 4564,Male,60+,Port Harcourt,South South,Regular,2024-01-27,Electronics,Wireless Earbuds,3,5000,0.05,14250.0,1000,Card,Mobile App,Completed,DELIVERED,5.0,,Yes
CUST04565,ORD004565,PRD0016,2348053288102,Customer 4565, m ,,Lagos,South West,Premium,2024-06-16,Electronics,Laptop,2,3500,0.0,7000.0,2500,USSD,Store,pending,Returned,5.0,3.0,No
CUST04566,ORD004566,PRD0006,2348040776698,Customer 4566,Female,36-45,Benin City,South South,REGULAR,2025-07-02,Electronics,Smart TV,3,3500,0.05,9975.0,1000,Card,Mobile App,Returned,delivered,9.0,5.0,No
CUST04567,ORD004567,PRD0019,2348052849299,Customer 4567,male,36-45,Ibadan,South West,Regular,2026-06-12,Beauty,Hair Dryer,1,3500,0.2,2800.0,0,Cash on Delivery,Marketplace,Returned,Delivered,1.0,4.0,Yes
CUST04568,ORD004568,PRD0029,2348028861562,Customer 4568,MALE,46-60,Kaduna,North West,,2024-03-16,Fashion,Shirt,4,15000,0.1,54000.0,1000,Wallet,mobile app,Cancelled,In Transit,9.0,4.0,
CUST04569,ORD004569,PRD0009,2348094156314,Customer 4569,Female,,Kaduna,North West,Occasional,2024-01-13,Groceries,Cooking Oil,5,25000,0.0,125000.0,0,Card,Website,cancelled,Delivered,2.0,2.0,No
CUST04570,ORD004570,PRD0014,2348039176981,Customer 4570,Male,46-60,Ibadan,South West,Regular,2024-11-15,Home & Kitchen,Air Fryer,4,75000,0.2,240000.0,3500,Cash on Delivery,website,cancelled,delivered,,4.0,NO
CUST04571,ORD004571,PRD0015,2348026625869,Customer 4571,,60+,Kano,North West,Regular,2025-11-15,Groceries,Cereal,2,3500,0.1,6300.0,0,USSD,Website,Pending,Returned,8.0,4.0,
CUST04572,ORD004572,PRD0014,2348039094773,Customer 4572,Female,60+,Lagos,South West,,2025-10-20,Beauty,Skincare Set,2,40000,0.05,76000.0,0,Wallet,Instagram,Returned,Returned,,5.0,Yes
CUST04573,ORD004573,PRD0009,2348029017463,Customer 4573,female,26-35,Enugu,South East,Premium,2026-07-27,Electronics,Smart TV,3,10000,0.15,25500.0,1000,USSD,Mobile App,Completed,In Transit,9.0,5.0,Yes
CUST04574,ORD004574,PRD0011,2348040379516,Customer 4574,Male,60+,Enugu,South East,premium ,2026-04-29,Electronics,Wireless Earbuds,3,3500,0.2,8400.0,3500,Cash on Delivery,,Completed,In Transit,10.0,1.0,yes
CUST04575,ORD004575,PRD0016,2348089265114, Customer 4575 , m ,36-45,Benin City,South South,Regular,2026-06-06,Home & Kitchen,Vacuum Cleaner,5,75000,0.15,318750.0,0,bank transfer,,Completed,Delivered,4.0,5.0,NO
CUST04576,ORD004576,PRD0022,2348099181259,Customer 4576,Female,60+,Kaduna,North West,Regular,2025-05-21,Fashion,Shirt,4,40000,0.1,144000.0,1500,,Mobile App,Returned,Delayed,8.0,3.0,NO
CUST04577,ORD004577,PRD0004,2348024611843,Customer 4577,,26-35,Benin City,South South,Regular,2024-07-23,Fashion,Handbag,4,25000,0.1,90000.0,3500,USSD,Store,Completed,DELIVERED,,,No
CUST04578,ORD004578,PRD0025,2348033862411,Customer 4578,Male,,Benin City,South South,Business,2025-01-29,Groceries,Cereal,3,3500,0.0,10500.0,2500,bank transfer,Website,completed,In Transit,14.0,2.0,No
CUST04579,ORD004579,PRD0014,2348025149635,Customer 4579,Male,36-45,Abuja,North Central,Premium,2024-05-04,Fashion,Handbag,3,40000,0.15,102000.0,3500,USSD,Instagram,,delivered,4.0,4.0,Yes
CUST04580,ORD004580,PRD0008,2348019163883,Customer 4580,male,36-45,Ibadan,South West,Business,2025-09-09,Fashion,Sneakers,5,75000,0.2,300000.0,1000,Bank Transfer,Website,,Delivered,2.0,5.0,NO
CUST04581,ORD004581,PRD0014,2348020746781,Customer 4581,,36-45,Abuja,North Central,Business,2024-03-13,Home & Kitchen,Blender,4,10000,0.2,32000.0,1000,USSD,,COMPLETED,DELIVERED,14.0,4.0,yes
CUST04582,ORD004582,PRD0014,2348084696372,Customer 4582,,46-60,Abuja,North Central,Regular,2025-10-14,Electronics,Smart TV,4,75000,0.0,300000.0,0,Bank Transfer,Store,Completed,DELIVERED,5.0,1.0,NO
CUST04583,ORD004583,PRD0010,2348071626457,Customer 4583,female,46-60,Ibadan,South West,Occasional,2025-09-22,Sports,Yoga Mat,2,10000,0.15,17000.0,2500,Wallet,Store,,,14.0,4.0,Yes
CUST04584,ORD004584,PRD0011,2348014971449,Customer 4584,Male,36-45,Kaduna,North West,Occasional,2024-07-02,Sports,Running Shoes,4,40000,0.15,136000.0,3500,bank transfer,,COMPLETED,delivered,13.0,5.0,Yes
CUST04585,ORD004585,PRD0021,2348077925157,Customer 4585,Male,46-60,Ibadan,South West,Occasional,2024-08-22,Home & Kitchen,Air Fryer,5,40000,0.0,200000.0,2500,CARD,Mobile App,Pending,Delayed,3.0,5.0,yes
CUST04586,ORD004586,PRD0008,2348060123632,Customer 4586,Male,60+,Enugu,South East,Business,2025-08-25,Fashion,Jeans,3,120000,0.05,342000.0,1500,Card,Store,pending,Returned,8.0,3.0,
CUST04587,ORD004587,PRD0011,2348052268572,Customer 4587,Female,36-45,Benin City,South South,Occasional,2024-03-18,Groceries,Cooking Oil,4,3500,0.0,14000.0,2500,Bank Transfer,Mobile App,,DELIVERED,5.0,5.0,
CUST04588,ORD004588,PRD0004,2348015488783,Customer 4588,Female,26-35,Lagos,South West,Regular,2026-08-27,Beauty,Makeup Kit,3,120000,0.1,324000.0,3500,Bank Transfer,Store,Completed,Delivered,14.0,1.0,NO
CUST04589,ORD004589,PRD0006,2348048632935,Customer 4589,MALE,26-35,Kano,North West,Premium,2025-11-06,Beauty,Hair Dryer,3,75000,0.15,191250.0,2500,Wallet,Website,completed,,14.0,5.0,No
CUST04590,ORD004590,PRD0006,2348021908476,Customer 4590,,26-35,Kano,North West,Business,2024-07-29,Electronics,Smart TV,4,40000,0.0,160000.0,1500,CARD,Website,Cancelled,DELIVERED,2.0,4.0,
CUST04591,ORD004591,PRD0014,2348092869525,Customer 4591,Male,18-25,Ibadan,South West,Premium,2026-07-04,Electronics,Smartphone,1,5000,0.05,4750.0,1500,USSD,Mobile App,pending,Delivered,2.0,,
CUST04592,ORD004592,PRD0016,2348069882356,Customer 4592,Male,26-35,Enugu,South East,Occasional,2025-04-14,Home & Kitchen,Air Fryer,2,3500,0.0,7000.0,2500,CARD,Mobile App,,In Transit,5.0,3.0,NO
CUST04593,ORD004593,PRD0018,2348097283295,Customer 4593,Male,,Port Harcourt,South South,Occasional,2024-10-08,Groceries,Beverage Pack,4,75000,0.0,300000.0,1000,CARD,Store,Cancelled,delivered,4.0,,
CUST04594,ORD004594,PRD0015,2348053521499,Customer 4594,M,46-60,Abuja,North Central,Regular,2026-06-01,Fashion,Shirt,1,3500,0.1,3150.0,0,Card,Website,Pending,delivered,10.0,4.0,
CUST04595,ORD004595,PRD0012,2348051943092,Customer 4595,Male,36-45,Kaduna,North West,Regular,2024-07-20,Sports,Gym Bag,3,25000,0.0,75000.0,3500,Card,Marketplace,Cancelled,Delivered,13.0,4.0,Yes
CUST04596,ORD004596,PRD0030,2348020867543,Customer 4596,Male,18-25,Abuja,North Central,Regular,2025-08-02,Groceries,Beverage Pack,2,120000,0.15,204000.0,3500,Card,mobile app,Cancelled,In Transit,4.0,5.0,
CUST04597,ORD004597,PRD0021,2348046751285,Customer 4597,,46-60,Lagos,South West,REGULAR,2025-09-25,Sports,Football,3,75000,0.2,180000.0,1000,,Website,Returned,DELIVERED,12.0,2.0,Yes
CUST04598,ORD004598,PRD0026,2348013875873,Customer 4598,,36-45,Kano,North West,Business,2026-06-08,Home & Kitchen,Cookware Set,3,40000,0.15,102000.0,0,Bank Transfer,Website,Completed,Delivered,2.0,5.0,NO
CUST04599,ORD004599,PRD0009,2348022376496,Customer 4599,Female,36-45,Kaduna,North West,premium ,2025-08-21,Home & Kitchen,Vacuum Cleaner,4,10000,0.0,40000.0,1000,Card,Instagram,Completed,In Transit,9.0,2.0,No
CUST04600,ORD004600,PRD0015,2348029960612, Customer 4600 ,Female,46-60,Kano,North West,Occasional,2026-04-07,Beauty,Perfume,3,10000,0.0,30000.0,3500,Card,website,Pending,Delivered,14.0,2.0,Yes
CUST04601,ORD004601,PRD0010,2348024616084,Customer 4601,Male,36-45,Lagos,South West,Business,2025-01-10,Groceries,Cereal,1,10000,0.0,10000.0,2500,Card,mobile app,COMPLETED,Delivered,14.0,3.0,NO
CUST04602,ORD004602,PRD0004,2348079899659,Customer 4602,Male,18-25,Enugu,South East,Occasional,2025-06-22,Beauty,Makeup Kit,3,25000,0.1,67500.0,1000,,Website,,,7.0,5.0,
CUST04603,ORD004603,PRD0010,2348042962551,Customer 4603,male,,Benin City,South South,Regular,2024-07-05,Groceries,Beverage Pack,3,40000,0.1,108000.0,3500,Card,,cancelled,Delivered,1.0,,No
CUST04604,ORD004604,PRD0007,2348014078217,Customer 4604,,46-60,Kaduna,North West,Regular,2026-08-19,Fashion,Shirt,4,120000,0.1,432000.0,1000,USSD,Instagram,COMPLETED,delivered,14.0,5.0,No
CUST04605,ORD004605,PRD0015,2348098715731,Customer 4605,Male,46-60,Lagos,South West,,2025-07-27,Groceries,Cooking Oil,1,40000,0.1,36000.0,2500,,Store,pending,Returned,7.0,5.0,NO
CUST04606,ORD004606,PRD0003,2348064888775,Customer 4606,,36-45,Kaduna,North West,Occasional,2026-02-23,Groceries,Cereal,3,40000,0.0,120000.0,1000,USSD,Store,completed,Returned,,3.0,Yes
CUST04607,ORD004607,PRD0008,2348074326087,Customer 4607,F,36-45,Port Harcourt,South South,Regular,2025-05-13,Sports,Gym Bag,3,10000,0.0,30000.0,0,Bank Transfer,Marketplace,cancelled,,3.0,1.0,NO
CUST04608,ORD004608,PRD0011,2348013713349,Customer 4608,female,46-60,Ibadan,South West,,2024-04-26,Sports,Yoga Mat,4,120000,0.15,408000.0,1000,Cash on Delivery,Website,Completed,Delivered,3.0,4.0,No
CUST04609,ORD004609,PRD0015,2348084380390,Customer 4609, f ,46-60,Ibadan,South West,Regular,2025-09-02,Sports,Yoga Mat,1,3500,0.1,3150.0,3500,Cash on Delivery,website,COMPLETED,In Transit,14.0,3.0,Yes
CUST04610,ORD004610,PRD0021,2348094559621,Customer 4610,,60+,Abuja,North Central,Business,2025-11-13,Fashion,Shirt,1,10000,0.15,8500.0,2500,Card,Marketplace,Cancelled,Delayed,4.0,4.0,No
CUST04611,ORD004611,PRD0014,2348034524401,Customer 4611,,26-35,Enugu,South East,Occasional,2024-01-06,Beauty,Skincare Set,3,7500,0.15,19125.0,1000,Bank Transfer,,Completed,delivered,13.0,,
CUST04612,ORD004612,PRD0012,2348069486445,Customer 4612, m ,46-60,Port Harcourt,South South,REGULAR,2024-01-15,Sports,Running Shoes,1,7500,0.15,6375.0,1500,Card,Mobile App,pending,Delayed,2.0,4.0,Yes
CUST04613,ORD004613,PRD0007,2348020301961,Customer 4613,Female,26-35,Benin City,South South,Regular,2026-03-21,Beauty,Hair Dryer,4,3500,0.05,13300.0,1500,USSD,Marketplace,pending,,9.0,4.0,
CUST04614,ORD004614,PRD0006,2348059312004,Customer 4614,female,46-60,Ibadan,South West,REGULAR,2025-07-23,Electronics,Smart TV,1,7500,0.2,6000.0,3500,USSD,,completed,Returned,9.0,5.0,Yes
CUST04615,ORD004615,PRD0013,2348020013243,Customer 4615,,46-60,Port Harcourt,South South,Regular,2024-04-20,Sports,Yoga Mat,1,120000,0.0,120000.0,3500,Bank Transfer,Marketplace,,Delivered,2.0,4.0,Yes
CUST04616,ORD004616,PRD0017,2348055290403,Customer 4616,Female,26-35,Lagos,South West,REGULAR,2024-10-05,Electronics,Smart TV,1,3500,0.2,2800.0,3500,Card,Store,completed,In Transit,6.0,,Yes
CUST04617,ORD004617,PRD0005,2348029878081,Customer 4617,MALE,60+,Ibadan,South West,premium ,2024-10-05,Groceries,Cooking Oil,2,25000,0.15,42500.0,1000,USSD,Store,Completed,Delivered,13.0,5.0,yes
CUST04618,ORD004618,PRD0012,2348036728665,Customer 4618,Male,18-25,Abuja,North Central,,2025-12-03,Home & Kitchen,Cookware Set,4,120000,0.05,456000.0,0,,Store,cancelled,Returned,3.0,4.0,yes
CUST04619,ORD004619,PRD0001,2348070429599,Customer 4619,Male,18-25,Kano,North West,,2026-05-03,Home & Kitchen,Cookware Set,4,15000,0.05,57000.0,1000,USSD,Instagram,Completed,Delivered,,3.0,No
CUST04620,ORD004620,PRD0002,2348061045552,Customer 4620,Male,46-60,Ibadan,South West,Regular,2024-05-16,Home & Kitchen,Blender,5,25000,0.15,106250.0,0,USSD,Store,pending,,1.0,4.0,
CUST04621,ORD004621,PRD0029,2348051874740,Customer 4621, m ,36-45,Port Harcourt,South South,REGULAR,2025-07-05,Sports,Yoga Mat,5,120000,0.1,540000.0,1000,Cash on Delivery,Marketplace,Cancelled,Delivered,10.0,5.0,Yes
CUST04622,ORD004622,PRD0002,2348080442929,Customer 4622,Male,26-35,Port Harcourt,South South,Premium,2024-12-03,Sports,Yoga Mat,2,10000,0.05,19000.0,0,Cash on Delivery,Store,Pending,In Transit,10.0,3.0,No
CUST04623,ORD004623,PRD0029,2348069339797,Customer 4623,Female,36-45,Abuja,North Central,Premium,2024-03-08,Beauty,Makeup Kit,3,10000,0.0,30000.0,0,Card,Website,Completed,Delivered,7.0,5.0,
CUST04624,ORD004624,PRD0011,2348014685426,Customer 4624,FEMALE,26-35,Enugu,South East,Premium,2025-04-07,Electronics,Laptop,1,120000,0.1,108000.0,3500,Cash on Delivery,Website,Completed,Delivered,5.0,1.0,
CUST04625,ORD004625,PRD0015,2348031237259, Customer 4625 ,Female,46-60,Kano,North West,Regular,2025-05-23,Electronics,Smart TV,5,7500,0.05,35625.0,1000,CARD,Store,Completed,,11.0,2.0,
CUST04626,ORD004626,PRD0006,2348021724624,Customer 4626,,36-45,Kano,North West,Regular,2026-01-19,Groceries,Cooking Oil,3,3500,0.15,8925.0,2500,,Mobile App,cancelled,Delivered,2.0,5.0,
CUST04627,ORD004627,PRD0025,2348065772430,Customer 4627,Female,36-45,Benin City,South South,Occasional,2024-09-20,Home & Kitchen,Vacuum Cleaner,3,5000,0.0,15000.0,1500,Wallet,Mobile App,,,2.0,4.0,No
CUST04628,ORD004628,PRD0016,2348053686538,Customer 4628,Male,36-45,Benin City,South South,REGULAR,2026-03-11,Beauty,Perfume,4,75000,0.2,240000.0,1000,USSD,,Cancelled,delivered,5.0,5.0,No
CUST04629,ORD004629,PRD0009,2348088079396,Customer 4629,Female,26-35,Kano,North West,Business,2026-03-01,Home & Kitchen,Cookware Set,2,25000,0.15,42500.0,1000,Bank Transfer,,Cancelled,DELIVERED,4.0,4.0,Yes
CUST04630,ORD004630,PRD0001,2348013825214,Customer 4630, f ,60+,Benin City,South South,Occasional,2024-07-05,Sports,Yoga Mat,3,3500,0.05,9975.0,1000,Wallet,Store,cancelled,In Transit,5.0,1.0,NO
CUST04631,ORD004631,PRD0009,2348048656941,Customer 4631, f ,46-60,Benin City,South South,,2025-07-18,Beauty,Hair Dryer,5,7500,0.2,30000.0,1500,Cash on Delivery,Instagram,,In Transit,1.0,5.0,
CUST04632,ORD004632,PRD0004,2348054103923,Customer 4632, f ,60+,Lagos,South West,Occasional,2025-03-26,Groceries,Rice,2,25000,0.2,40000.0,0,Card,Store,,,11.0,5.0,No
CUST04633,ORD004633,PRD0024,2348042650741,Customer 4633,Male,36-45,Lagos,South West,Regular,2024-04-28,Beauty,Skincare Set,2,3500,0.2,5600.0,2500,Cash on Delivery,Website,completed,Delivered,12.0,1.0,No
CUST04634,ORD004634,PRD0013,2348021411166,Customer 4634,Male,18-25,Kaduna,North West,Occasional,2024-11-27,Home & Kitchen,Air Fryer,3,10000,0.15,25500.0,3500,Wallet,Instagram,Returned,In Transit,10.0,5.0,Yes
CUST04635,ORD004635,PRD0023,2348084776962,Customer 4635,F,18-25,Port Harcourt,South South,Premium,2025-08-08,Groceries,Rice,4,25000,0.15,85000.0,2500,,Instagram,Returned,delivered,11.0,5.0,No
CUST04636,ORD004636,PRD0030,2348090543485,Customer 4636,Female,60+,Kano,North West,Occasional,2025-04-18,Electronics,Laptop,1,120000,0.2,96000.0,3500,USSD,Store,pending,,2.0,,Yes
CUST04637,ORD004637,PRD0015,2348077694780,Customer 4637,Male,46-60,Lagos,South West,premium ,2026-03-28,Groceries,Cooking Oil,5,10000,0.15,42500.0,2500,CARD,,pending,Delayed,9.0,4.0,No
CUST04638,ORD004638,PRD0025,2348073521250,Customer 4638,Male,,Benin City,South South,Regular,2025-03-21,Fashion,Shirt,4,7500,0.05,28500.0,3500,Card,Store,cancelled,Delivered,,5.0,Yes
CUST04639,ORD004639,PRD0017,2348075949617,Customer 4639,Male,60+,Port Harcourt,South South,Premium,2026-05-03,Sports,Yoga Mat,4,120000,0.15,408000.0,3500,Card,Store,Completed,In Transit,5.0,5.0,yes
CUST04640,ORD004640,PRD0022,2348034249015,Customer 4640,Male,,Port Harcourt,South South,,2024-03-21,Electronics,Smart TV,1,7500,0.05,7125.0,1500,USSD,Instagram,completed,Delivered,,4.0,No
CUST04641,ORD004641,PRD0002,2348055176818,Customer 4641,Male,46-60,Enugu,South East,Occasional,2024-08-03,Sports,Gym Bag,1,120000,0.15,102000.0,2500,Wallet,Mobile App,Completed,Returned,2.0,4.0,yes
CUST04642,ORD004642,PRD0017,2348095926615,Customer 4642, m ,26-35,Enugu,South East,Occasional,2025-10-03,Groceries,Cooking Oil,2,120000,0.1,216000.0,1000,Bank Transfer,Mobile App,Completed,Returned,1.0,,No
CUST04643,ORD004643,PRD0012,2348035980122,Customer 4643,Female,60+,Enugu,South East,Occasional,2025-07-09,Home & Kitchen,Vacuum Cleaner,1,25000,0.0,25000.0,3500,Card,Instagram,pending,In Transit,1.0,1.0,yes
CUST04644,ORD004644,PRD0021,2348082446437,Customer 4644,,18-25,Abuja,North Central,Occasional,2026-01-02,Beauty,Hair Dryer,4,25000,0.2,80000.0,1500,Cash on Delivery,Store,Completed,,2.0,4.0,NO
CUST04645,ORD004645,PRD0014,2348047975943,Customer 4645,FEMALE,26-35,Benin City,South South,Premium,2025-10-20,Groceries,Beverage Pack,3,10000,0.0,30000.0,1000,Wallet,website,Pending,Delivered,6.0,1.0,Yes
CUST04646,ORD004646,PRD0022,2348016566653,Customer 4646,MALE,36-45,Abuja,North Central,Premium,2025-09-11,Sports,Yoga Mat,1,3500,0.05,3325.0,1500,Bank Transfer,mobile app,Cancelled,delivered,10.0,4.0,No
CUST04647,ORD004647,PRD0020,2348078196179,Customer 4647,Female,46-60,Abuja,North Central,Regular,2025-02-01,Fashion,Shirt,2,75000,0.0,150000.0,2500,Cash on Delivery,Instagram,COMPLETED,Delivered,13.0,4.0,NO
CUST04648,ORD004648,PRD0022,2348068108538,Customer 4648,Male,,Lagos,South West,Occasional,2025-01-04,Home & Kitchen,Cookware Set,4,75000,0.0,300000.0,1000,Wallet,Mobile App,COMPLETED,Delivered,11.0,4.0,No
CUST04649,ORD004649,PRD0002,2348089804210,Customer 4649,,36-45,Lagos,South West,Business,2026-03-28,Fashion,Shirt,1,25000,0.15,21250.0,0,Cash on Delivery,Website,completed,Delivered,2.0,4.0,
CUST04650,ORD004650,PRD0003,2348028381351, Customer 4650 ,,60+,Port Harcourt,South South,Regular,2025-09-01,Sports,Running Shoes,2,7500,0.15,12750.0,1000,bank transfer,Instagram,COMPLETED,Returned,6.0,5.0,Yes
CUST04651,ORD004651,PRD0027,2348090006148,Customer 4651,Female,60+,Abuja,North Central,Regular,2024-10-29,Beauty,Perfume,5,10000,0.2,40000.0,0,Wallet,Marketplace,,Delivered,13.0,4.0,No
CUST04652,ORD004652,PRD0004,2348073798460,Customer 4652,Female,60+,Kano,North West,Premium,2024-03-28,Fashion,Jeans,1,15000,0.2,12000.0,0,,Marketplace,Pending,In Transit,14.0,3.0,
CUST04653,ORD004653,PRD0002,2348076977301,Customer 4653,,18-25,Kano,North West,Occasional,2024-01-23,Fashion,Sneakers,4,25000,0.05,95000.0,1500,Cash on Delivery,Mobile App,COMPLETED,,10.0,2.0,
CUST04654,ORD004654,PRD0007,2348022456673,Customer 4654,Male,26-35,Port Harcourt,South South,Regular,2025-04-05,Sports,Yoga Mat,2,120000,0.05,228000.0,3500,,Store,Completed,Delivered,13.0,4.0,Yes
CUST04655,ORD004655,PRD0004,2348055029058,Customer 4655,,26-35,Enugu,South East,Occasional,2025-08-12,Groceries,Cooking Oil,1,7500,0.05,7125.0,1500,Card,Marketplace,cancelled,DELIVERED,,5.0,No
CUST04656,ORD004656,PRD0026,2348072336826,Customer 4656,Male,18-25,Kaduna,North West,Premium,2024-06-21,Fashion,Handbag,5,15000,0.05,71250.0,1500,USSD,Store,pending,,12.0,5.0,NO
CUST04657,ORD004657,PRD0021,2348049252191,Customer 4657,Male,,Benin City,South South,Premium,2025-10-25,Electronics,Smart TV,3,40000,0.1,108000.0,0,Card,Store,Pending,Delayed,,4.0,
CUST04658,ORD004658,PRD0019,2348030886912,Customer 4658,M,60+,Enugu,South East,REGULAR,2024-10-07,Home & Kitchen,Cookware Set,5,10000,0.15,42500.0,0,CARD,,completed,Delivered,14.0,5.0,No
CUST04659,ORD004659,PRD0017,2348086985340,Customer 4659,Female,36-45,Abuja,North Central,Premium,2025-11-28,Home & Kitchen,Vacuum Cleaner,5,5000,0.15,21250.0,1000,Wallet,Website,COMPLETED,,6.0,4.0,yes
CUST04660,ORD004660,PRD0006,2348044586376,Customer 4660,Female,,Enugu,South East,Occasional,2025-12-04,Electronics,Laptop,2,40000,0.15,68000.0,0,Card,Store,completed,In Transit,4.0,4.0,No
CUST04661,ORD004661,PRD0027,2348023147090,Customer 4661,female,,Benin City,South South,Premium,2025-05-17,Home & Kitchen,Blender,2,40000,0.0,80000.0,0,Card,Marketplace,,delivered,3.0,2.0,No
CUST04662,ORD004662,PRD0019,2348070315437,Customer 4662,female,60+,Lagos,South West,Regular,2024-03-20,Groceries,Cooking Oil,1,120000,0.1,108000.0,0,USSD,Marketplace,Pending,Returned,6.0,,
CUST04663,ORD004663,PRD0011,2348094878218,Customer 4663,female,18-25,Enugu,South East,Regular,2024-03-10,Electronics,Smart TV,5,15000,0.1,67500.0,1000,USSD,Website,COMPLETED,Returned,5.0,4.0,No
CUST04664,ORD004664,PRD0024,2348080076804,Customer 4664,female,26-35,Lagos,South West,REGULAR,2024-04-06,Home & Kitchen,Vacuum Cleaner,1,75000,0.05,71250.0,3500,Wallet,Website,COMPLETED,In Transit,2.0,5.0,yes
CUST04665,ORD004665,PRD0019,2348047672305,Customer 4665,Female,36-45,Kano,North West,Regular,2026-08-15,Electronics,Smart TV,1,7500,0.2,6000.0,1000,Cash on Delivery,Mobile App,Cancelled,In Transit,13.0,2.0,No
CUST04666,ORD004666,PRD0027,2348037610099,Customer 4666,M,18-25,Benin City,South South,Premium,2025-04-10,Home & Kitchen,Air Fryer,1,25000,0.05,23750.0,1500,Cash on Delivery,Mobile App,,,,4.0,Yes
CUST04667,ORD004667,PRD0015,2348033504926,Customer 4667,,26-35,Benin City,South South,Occasional,2024-12-29,Sports,Yoga Mat,5,10000,0.1,45000.0,2500,Cash on Delivery,Mobile App,Returned,In Transit,13.0,2.0,Yes
CUST04668,ORD004668,PRD0030,2348054190781,Customer 4668,Male,,Port Harcourt,South South,Business,2025-01-22,Sports,Football,4,7500,0.15,25500.0,0,Cash on Delivery,mobile app,cancelled,Delayed,6.0,5.0,Yes
CUST04669,ORD004669,PRD0004,2348064361360,Customer 4669,,18-25,Benin City,South South,Regular,2024-02-20,Home & Kitchen,Air Fryer,4,3500,0.1,12600.0,3500,Bank Transfer,Mobile App,,In Transit,13.0,3.0,No
CUST04670,ORD004670,PRD0023,2348045064951,Customer 4670,female,26-35,Enugu,South East,,2026-06-29,Electronics,Smart TV,3,25000,0.15,63750.0,0,Wallet,mobile app,Completed,DELIVERED,10.0,4.0,No
CUST04671,ORD004671,PRD0003,2348048076378,Customer 4671,Male,60+,Benin City,South South,Premium,2026-06-21,Electronics,Wireless Earbuds,5,25000,0.15,106250.0,1500,Bank Transfer,Mobile App,pending,DELIVERED,14.0,4.0,No
CUST04672,ORD004672,PRD0021,2348018031886,Customer 4672,female,36-45,Ibadan,South West,Business,2025-11-30,Fashion,Sneakers,1,10000,0.2,8000.0,3500,Card,Mobile App,Pending,Delivered,1.0,2.0,
CUST04673,ORD004673,PRD0017,2348016593627,Customer 4673,,46-60,Ibadan,South West,Business,2025-06-15,Groceries,Cereal,1,75000,0.1,67500.0,3500,Wallet,website,cancelled,delivered,12.0,5.0,No
CUST04674,ORD004674,PRD0005,2348049001875,Customer 4674,,46-60,Enugu,South East,Premium,2026-01-29,Sports,Gym Bag,5,15000,0.2,60000.0,2500,Bank Transfer,Marketplace,Cancelled,,3.0,4.0,Yes
CUST04675,ORD004675,PRD0025,2348023280848, Customer 4675 ,Male,18-25,Abuja,North Central,Premium,2024-06-27,Home & Kitchen,Blender,4,120000,0.05,456000.0,2500,Card,Store,Completed,Delivered,,,
CUST04676,ORD004676,PRD0024,2348059320908,Customer 4676,,18-25,Ibadan,South West,Occasional,2025-04-21,Fashion,Sneakers,1,120000,0.1,108000.0,1500,bank transfer,Store,Cancelled,DELIVERED,11.0,5.0,yes
CUST04677,ORD004677,PRD0009,2348088702071,Customer 4677,Female,18-25,Benin City,South South,Regular,2024-05-16,Fashion,Jeans,3,7500,0.05,21375.0,0,USSD,,Pending,,,4.0,
CUST04678,ORD004678,PRD0016,2348083828128,Customer 4678,F,26-35,Kano,North West,Regular,2025-11-18,Electronics,Wireless Earbuds,1,3500,0.05,3325.0,1000,Bank Transfer,,Cancelled,In Transit,14.0,4.0,Yes
CUST04679,ORD004679,PRD0026,2348096635110,Customer 4679,MALE,,Enugu,South East,Regular,2025-05-24,Home & Kitchen,Air Fryer,5,120000,0.05,570000.0,1000,bank transfer,Mobile App,completed,In Transit,5.0,4.0,
CUST04680,ORD004680,PRD0006,2348082409567,Customer 4680,,46-60,Kano,North West,Regular,2025-04-24,Fashion,Shirt,2,25000,0.15,42500.0,1500,Cash on Delivery,Website,,Returned,14.0,3.0,NO
CUST04681,ORD004681,PRD0024,2348019452148,Customer 4681,,36-45,Port Harcourt,South South,Occasional,2026-04-28,Fashion,Handbag,5,7500,0.0,37500.0,3500,Card,Marketplace,completed,In Transit,13.0,5.0,Yes
CUST04682,ORD004682,PRD0001,2348083201599,Customer 4682,MALE,18-25,Port Harcourt,South South,Premium,2025-01-09,Groceries,Cooking Oil,2,25000,0.2,40000.0,1000,CARD,Instagram,completed,Delivered,8.0,5.0,NO
CUST04683,ORD004683,PRD0008,2348058914252,Customer 4683,,60+,Kano,North West,Premium,2024-06-19,Fashion,Jeans,4,25000,0.15,85000.0,2500,Card,Mobile App,COMPLETED,Delivered,3.0,4.0,yes
CUST04684,ORD004684,PRD0028,2348056501981,Customer 4684, f ,36-45,Port Harcourt,South South,Premium,2026-08-02,Home & Kitchen,Blender,2,75000,0.1,135000.0,1000,bank transfer,Marketplace,completed,Returned,10.0,2.0,No
CUST04685,ORD004685,PRD0003,2348090648212,Customer 4685,M,60+,Kano,North West,Premium,2025-08-17,Home & Kitchen,Air Fryer,5,120000,0.05,570000.0,1500,Bank Transfer,Marketplace,COMPLETED,Delivered,8.0,4.0,No
CUST04686,ORD004686,PRD0022,2348097441371,Customer 4686,Male,36-45,Kano,North West,Occasional,2025-04-07,Fashion,Handbag,3,120000,0.05,342000.0,1500,Bank Transfer,,pending,In Transit,3.0,5.0,Yes
CUST04687,ORD004687,PRD0018,2348059775128,Customer 4687,Female,18-25,Kano,North West,Occasional,2025-09-19,Electronics,Smartphone,5,120000,0.05,570000.0,1000,,Website,completed,Returned,8.0,4.0,No
CUST04688,ORD004688,PRD0013,2348022327868,Customer 4688,,,Kano,North West,premium ,2025-06-05,Beauty,Skincare Set,4,5000,0.2,16000.0,1000,USSD,Website,Completed,delivered,2.0,3.0,
CUST04689,ORD004689,PRD0026,2348020975600,Customer 4689,M,26-35,Enugu,South East,Regular,2025-04-05,Fashion,Sneakers,2,25000,0.0,50000.0,0,USSD,Marketplace,,Delivered,2.0,3.0,
CUST04690,ORD004690,PRD0010,2348072686764,Customer 4690,F,18-25,Kano,North West,Regular,2025-06-30,Groceries,Cereal,1,75000,0.2,60000.0,2500,CARD,website,Cancelled,Delivered,4.0,4.0,Yes
CUST04691,ORD004691,PRD0005,2348012826484,Customer 4691,F,46-60,Lagos,South West,Regular,2025-10-21,Home & Kitchen,Cookware Set,1,40000,0.05,38000.0,0,Card,Store,Completed,DELIVERED,13.0,4.0,No
CUST04692,ORD004692,PRD0024,2348061626289,Customer 4692,Male,18-25,Enugu,South East,Premium,2026-01-25,Groceries,Cereal,3,25000,0.2,60000.0,3500,Wallet,Mobile App,Returned,Delivered,3.0,4.0,
CUST04693,ORD004693,PRD0008,2348035904937,Customer 4693,Male,60+,Enugu,South East,REGULAR,2024-08-04,Groceries,Cereal,4,3500,0.15,11900.0,0,Cash on Delivery,Marketplace,Cancelled,,12.0,2.0,Yes
CUST04694,ORD004694,PRD0030,2348010077969,Customer 4694,Male,18-25,Abuja,North Central,Premium,2026-03-28,Fashion,Sneakers,5,3500,0.1,15750.0,3500,USSD,Website,cancelled,In Transit,2.0,4.0,
CUST04695,ORD004695,PRD0022,2348041353934,Customer 4695,Male,46-60,Kaduna,North West,Regular,2025-05-11,Sports,Football,4,120000,0.1,432000.0,3500,,Mobile App,completed,delivered,2.0,5.0,Yes
CUST04696,ORD004696,PRD0022,2348073369417,Customer 4696,MALE,26-35,Port Harcourt,South South,Occasional,2024-01-29,Electronics,Smart TV,1,40000,0.15,34000.0,2500,Bank Transfer,Website,COMPLETED,Delayed,1.0,5.0,No
CUST04697,ORD004697,PRD0005,2348033251260,Customer 4697,Male,18-25,Benin City,South South,,2025-05-19,Sports,Yoga Mat,3,7500,0.1,20250.0,0,USSD,Website,Returned,Delayed,7.0,2.0,No
CUST04698,ORD004698,PRD0008,2348088720223,Customer 4698,female,26-35,Kaduna,North West,Regular,2025-11-12,Electronics,Smart TV,1,40000,0.05,38000.0,1000,Cash on Delivery,Store,,Delivered,7.0,5.0,No
CUST04699,ORD004699,PRD0002,2348053979441,Customer 4699,MALE,,Enugu,South East,Premium,2024-03-22,Fashion,Handbag,1,40000,0.05,38000.0,1500,Cash on Delivery,Mobile App,pending,,3.0,5.0,No
CUST04700,ORD004700,PRD0023,2348025059122, Customer 4700 ,F,26-35,Port Harcourt,South South,Premium,2026-01-16,Electronics,Smart TV,4,5000,0.1,18000.0,3500,Bank Transfer,Website,pending,Delivered,1.0,3.0,yes
CUST04701,ORD004701,PRD0002,2348027133563,Customer 4701,Male,26-35,Port Harcourt,South South,Regular,2025-05-25,Groceries,Cereal,1,120000,0.0,120000.0,0,Bank Transfer,Marketplace,Completed,Delivered,,1.0,
CUST04702,ORD004702,PRD0015,2348031371822,Customer 4702,,60+,Kaduna,North West,Premium,2026-03-04,Sports,Running Shoes,5,40000,0.05,190000.0,1000,Card,,COMPLETED,In Transit,6.0,4.0,No
CUST04703,ORD004703,PRD0026,2348087094218,Customer 4703,female,46-60,Enugu,South East,Regular,2026-05-24,Electronics,Smartphone,1,7500,0.15,6375.0,1000,Card,Instagram,Completed,In Transit,12.0,1.0,Yes
CUST04704,ORD004704,PRD0008,2348031983189,Customer 4704,,,Kano,North West,Regular,2025-12-20,Beauty,Perfume,2,5000,0.1,9000.0,1500,CARD,Store,COMPLETED,Delivered,7.0,4.0,Yes
CUST04705,ORD004705,PRD0021,2348021298282,Customer 4705,MALE,26-35,Kaduna,North West,Business,2024-11-08,Sports,Running Shoes,3,40000,0.15,102000.0,3500,bank transfer,Website,completed,Delivered,1.0,5.0,Yes
CUST04706,ORD004706,PRD0009,2348087016530,Customer 4706,,46-60,Ibadan,South West,Occasional,2025-12-05,Fashion,Sneakers,1,120000,0.2,96000.0,1000,Bank Transfer,Store,Pending,Returned,13.0,4.0,Yes
CUST04707,ORD004707,PRD0023,2348081532086,Customer 4707,M,,Ibadan,South West,,2026-02-27,Groceries,Cooking Oil,3,120000,0.0,360000.0,3500,Bank Transfer,Website,Completed,Delayed,12.0,5.0,Yes
CUST04708,ORD004708,PRD0005,2348011278943,Customer 4708,Female,60+,Port Harcourt,South South,Business,2024-01-28,Fashion,Jeans,1,5000,0.15,4250.0,3500,,website,Pending,,11.0,,No
CUST04709,ORD004709,PRD0016,2348045750753,Customer 4709,F,46-60,Kano,North West,Premium,2024-07-15,Electronics,Smartphone,2,15000,0.05,28500.0,3500,,Website,Cancelled,Delivered,3.0,4.0,yes
CUST04710,ORD004710,PRD0003,2348054170832,Customer 4710,Female,26-35,Enugu,South East,Regular,2024-02-14,Groceries,Cereal,4,25000,0.15,85000.0,2500,Wallet,Website,COMPLETED,,13.0,4.0,NO
CUST04711,ORD004711,PRD0004,2348097740297,Customer 4711,FEMALE,36-45,Kaduna,North West,premium ,2025-04-02,Sports,Gym Bag,3,7500,0.0,22500.0,2500,Bank Transfer,Website,cancelled,Returned,,5.0,yes
CUST04712,ORD004712,PRD0004,2348039762442,Customer 4712,MALE,60+,Kaduna,North West,Regular,2024-03-22,Home & Kitchen,Cookware Set,1,120000,0.2,96000.0,0,Wallet,Website,,Delivered,8.0,,yes
CUST04713,ORD004713,PRD0006,2348060540822,Customer 4713,Male,,Kano,North West,Regular,2024-09-24,Beauty,Perfume,5,10000,0.0,50000.0,2500,Bank Transfer,mobile app,Pending,,9.0,3.0,Yes
CUST04714,ORD004714,PRD0020,2348021991211,Customer 4714,Female,26-35,Kaduna,North West,premium ,2026-08-04,Sports,Running Shoes,5,10000,0.15,42500.0,0,Bank Transfer,Store,Pending,Delivered,5.0,3.0,No
CUST04715,ORD004715,PRD0025,2348032590510,Customer 4715,Male,26-35,Benin City,South South,Business,2026-06-08,Electronics,Laptop,4,25000,0.0,100000.0,2500,,Instagram,COMPLETED,DELIVERED,2.0,,No
CUST04716,ORD004716,PRD0012,2348072935423,Customer 4716,M,,Kano,North West,Premium,2026-07-06,Sports,Gym Bag,4,7500,0.05,28500.0,3500,USSD,Mobile App,pending,Delivered,14.0,4.0,NO
CUST04717,ORD004717,PRD0021,2348011241446,Customer 4717,FEMALE,18-25,Abuja,North Central,Business,2025-01-15,Beauty,Hair Dryer,4,7500,0.2,24000.0,3500,Wallet,website,Cancelled,In Transit,7.0,3.0,No
CUST04718,ORD004718,PRD0029,2348084977986,Customer 4718,MALE,60+,Ibadan,South West,Regular,2024-08-15,Groceries,Beverage Pack,2,15000,0.1,27000.0,3500,Bank Transfer,Store,Cancelled,delivered,10.0,,
CUST04719,ORD004719,PRD0006,2348036743692,Customer 4719,male,26-35,Enugu,South East,Occasional,2024-07-01,Home & Kitchen,Vacuum Cleaner,5,40000,0.2,160000.0,0,Card,mobile app,Completed,delivered,12.0,4.0,
CUST04720,ORD004720,PRD0003,2348073746602,Customer 4720,Male,,Ibadan,South West,Premium,2025-12-08,Groceries,Cereal,3,75000,0.05,213750.0,0,Bank Transfer,Marketplace,,Returned,,5.0,Yes
CUST04721,ORD004721,PRD0030,2348051819495,Customer 4721,Female,26-35,Enugu,South East,Regular,2024-03-19,Beauty,Skincare Set,3,10000,0.0,30000.0,2500,CARD,Store,completed,Delivered,1.0,3.0,No
CUST04722,ORD004722,PRD0023,2348041857844,Customer 4722,Male,18-25,Kano,North West,Regular,2026-05-05,Beauty,Skincare Set,5,7500,0.2,30000.0,3500,Bank Transfer,Store,,,10.0,5.0,No
CUST04723,ORD004723,PRD0008,2348040792548,Customer 4723,Male,26-35,Abuja,North Central,Premium,2025-01-28,Beauty,Skincare Set,4,75000,0.15,255000.0,1000,Card,Store,Completed,Delivered,5.0,2.0,yes
CUST04724,ORD004724,PRD0020,2348029475410,Customer 4724,MALE,18-25,Lagos,South West,Occasional,2026-03-30,Fashion,Jeans,3,3500,0.05,9975.0,0,USSD,Marketplace,Returned,Delivered,12.0,5.0,Yes
CUST04725,ORD004725,PRD0028,2348096736264, Customer 4725 ,Male,60+,Port Harcourt,South South,Premium,2025-02-03,Beauty,Makeup Kit,2,25000,0.2,40000.0,2500,Card,Mobile App,,Returned,13.0,4.0,Yes
CUST04726,ORD004726,PRD0006,2348056848167,Customer 4726,Male,60+,Kano,North West,Occasional,2025-10-25,Groceries,Cereal,1,10000,0.15,8500.0,1000,Cash on Delivery,,completed,DELIVERED,7.0,2.0,No
CUST04727,ORD004727,PRD0008,2348063984846,Customer 4727,,60+,Benin City,South South,Business,2025-04-05,Beauty,Hair Dryer,3,10000,0.05,28500.0,1000,Cash on Delivery,Website,,Delivered,1.0,2.0,
CUST04728,ORD004728,PRD0014,2348027764907,Customer 4728, f ,,Abuja,North Central,Occasional,2026-08-05,Home & Kitchen,Blender,1,120000,0.1,108000.0,3500,Card,Store,completed,Returned,3.0,5.0,NO
CUST04729,ORD004729,PRD0005,2348015029233,Customer 4729,,36-45,Abuja,North Central,Occasional,2024-04-18,Beauty,Hair Dryer,3,75000,0.2,180000.0,2500,Wallet,Website,COMPLETED,DELIVERED,14.0,3.0,No
CUST04730,ORD004730,PRD0002,2348024463716,Customer 4730,F,46-60,Ibadan,South West,Premium,2024-12-13,Fashion,Shirt,3,75000,0.2,180000.0,2500,Bank Transfer,Website,COMPLETED,Returned,3.0,1.0,No
CUST04731,ORD004731,PRD0026,2348022846079,Customer 4731,F,18-25,Benin City,South South,Regular,2025-04-26,Fashion,Handbag,4,120000,0.1,432000.0,1000,Bank Transfer,Website,pending,Delayed,11.0,4.0,No
CUST04732,ORD004732,PRD0020,2348087865351,Customer 4732,,36-45,Kaduna,North West,Business,2026-02-16,Fashion,Sneakers,4,5000,0.1,18000.0,1000,Card,Mobile App,completed,DELIVERED,3.0,4.0,Yes
CUST04733,ORD004733,PRD0016,2348011648298,Customer 4733,M,36-45,Benin City,South South,Occasional,2025-07-05,Beauty,Perfume,4,15000,0.05,57000.0,3500,Card,Store,Cancelled,Delivered,10.0,5.0,No
CUST04734,ORD004734,PRD0017,2348071596754,Customer 4734,Female,36-45,Ibadan,South West,Occasional,2026-02-16,Home & Kitchen,Blender,1,25000,0.2,20000.0,2500,Card,Website,pending,Delivered,1.0,3.0,Yes
CUST04735,ORD004735,PRD0013,2348039282091,Customer 4735,Female,,Enugu,South East,Occasional,2024-06-08,Home & Kitchen,Blender,5,75000,0.0,375000.0,2500,Card,Mobile App,Returned,delivered,13.0,5.0,No
CUST04736,ORD004736,PRD0002,2348029717775,Customer 4736,Female,46-60,Ibadan,South West,,2025-01-19,Electronics,Laptop,4,7500,0.2,24000.0,1500,Wallet,Mobile App,pending,Returned,1.0,4.0,
CUST04737,ORD004737,PRD0027,2348097896080,Customer 4737,male,46-60,Port Harcourt,South South,Occasional,2024-05-10,Fashion,Handbag,3,120000,0.05,342000.0,1500,Cash on Delivery,Instagram,Pending,In Transit,14.0,4.0,Yes
CUST04738,ORD004738,PRD0002,2348082933748,Customer 4738,Female,26-35,Enugu,South East,Business,2025-03-12,Fashion,Jeans,3,120000,0.15,306000.0,2500,Bank Transfer,Instagram,Completed,DELIVERED,11.0,5.0,NO
CUST04739,ORD004739,PRD0016,2348042599640,Customer 4739,M,46-60,Lagos,South West,Occasional,2024-10-20,Beauty,Skincare Set,5,5000,0.05,23750.0,2500,USSD,Store,completed,Delayed,1.0,,No
CUST04740,ORD004740,PRD0014,2348018604483,Customer 4740,Female,46-60,Ibadan,South West,Occasional,2026-04-18,Fashion,Handbag,5,7500,0.1,33750.0,1000,Wallet,,,delivered,,5.0,Yes
CUST04741,ORD004741,PRD0014,2348057269576,Customer 4741,Male,60+,Enugu,South East,,2025-01-30,Fashion,Jeans,4,3500,0.2,11200.0,0,CARD,Store,pending,,13.0,5.0,yes
CUST04742,ORD004742,PRD0029,2348034671392,Customer 4742,Female,,Lagos,South West,Business,2024-01-10,Beauty,Skincare Set,3,40000,0.0,120000.0,3500,Card,Marketplace,Cancelled,Returned,11.0,4.0,No
CUST04743,ORD004743,PRD0018,2348069987136,Customer 4743,Male,18-25,Benin City,South South,,2026-04-16,Sports,Football,1,25000,0.05,23750.0,0,USSD,Store,completed,delivered,6.0,5.0,No
CUST04744,ORD004744,PRD0018,2348062725606,Customer 4744,Female,46-60,Port Harcourt,South South,Regular,2026-05-10,Home & Kitchen,Vacuum Cleaner,5,5000,0.0,25000.0,1000,CARD,Website,pending,Returned,13.0,4.0,NO
CUST04745,ORD004745,PRD0021,2348015441934,Customer 4745,FEMALE,36-45,Kaduna,North West,Regular,2024-02-01,Electronics,Smart TV,2,120000,0.05,228000.0,3500,Wallet,Store,Pending,Delivered,14.0,4.0,yes
CUST04746,ORD004746,PRD0028,2348096343051,Customer 4746,female,46-60,Benin City,South South,,2024-10-11,Beauty,Hair Dryer,2,5000,0.0,10000.0,2500,Wallet,Store,COMPLETED,Delivered,11.0,5.0,Yes
CUST04747,ORD004747,PRD0007,2348098486991,Customer 4747,,36-45,Port Harcourt,South South,Business,2025-09-26,Beauty,Makeup Kit,4,40000,0.15,136000.0,1500,Cash on Delivery,Marketplace,completed,,6.0,4.0,
CUST04748,ORD004748,PRD0005,2348047369366,Customer 4748,,18-25,Benin City,South South,Premium,2024-09-20,Groceries,Cereal,2,25000,0.0,50000.0,2500,,Mobile App,,Delivered,7.0,5.0,No
CUST04749,ORD004749,PRD0004,2348087072324,Customer 4749,,36-45,Kano,North West,Premium,2025-09-02,Beauty,Hair Dryer,3,40000,0.15,102000.0,1000,Wallet,Store,Completed,DELIVERED,2.0,2.0,Yes
CUST04750,ORD004750,PRD0015,2348022501431, Customer 4750 ,Male,36-45,Lagos,South West,Occasional,2025-03-12,Beauty,Skincare Set,5,7500,0.15,31875.0,2500,Card,Website,Pending,Delivered,6.0,4.0,NO
CUST04751,ORD004751,PRD0012,2348055936762,Customer 4751,Female,60+,Ibadan,South West,Regular,2024-05-02,Sports,Gym Bag,1,3500,0.15,2975.0,0,Bank Transfer,Marketplace,Cancelled,Delayed,7.0,1.0,
CUST04752,ORD004752,PRD0025,2348056436733,Customer 4752, f ,18-25,Benin City,South South,Premium,2024-09-06,Groceries,Beverage Pack,5,25000,0.2,100000.0,1000,Wallet,,,delivered,5.0,5.0,No
CUST04753,ORD004753,PRD0005,2348088518384,Customer 4753,Female,60+,Ibadan,South West,Regular,2025-12-20,Fashion,Jeans,4,10000,0.0,40000.0,1500,Bank Transfer,website,,In Transit,9.0,3.0,Yes
CUST04754,ORD004754,PRD0027,2348081731241,Customer 4754,Male,26-35,Enugu,South East,Regular,2025-11-24,Home & Kitchen,Air Fryer,4,25000,0.15,85000.0,0,Wallet,Mobile App,Completed,,5.0,,Yes
CUST04755,ORD004755,PRD0014,2348070679992,Customer 4755,M,36-45,Enugu,South East,Regular,2025-06-21,Sports,Running Shoes,1,5000,0.15,4250.0,2500,Cash on Delivery,Mobile App,Pending,Returned,12.0,5.0,NO
CUST04756,ORD004756,PRD0030,2348085634728,Customer 4756,Male,36-45,Port Harcourt,South South,Premium,2025-07-10,Home & Kitchen,Cookware Set,3,10000,0.15,25500.0,3500,,Marketplace,Cancelled,delivered,2.0,1.0,Yes
CUST04757,ORD004757,PRD0001,2348081767415,Customer 4757,Male,60+,Kaduna,North West,Premium,2026-03-11,Groceries,Rice,2,7500,0.05,14250.0,1500,Card,website,completed,In Transit,13.0,4.0,No
CUST04758,ORD004758,PRD0018,2348044094504,Customer 4758,,36-45,Benin City,South South,premium ,2025-03-07,Beauty,Makeup Kit,3,25000,0.2,60000.0,2500,Card,,Pending,,13.0,4.0,NO
CUST04759,ORD004759,PRD0013,2348083386575,Customer 4759,Male,26-35,Benin City,South South,Regular,2024-07-15,Sports,Running Shoes,4,25000,0.1,90000.0,3500,,Mobile App,,Delivered,12.0,1.0,Yes
CUST04760,ORD004760,PRD0008,2348011681983,Customer 4760,Male,18-25,Port Harcourt,South South,premium ,2024-07-19,Fashion,Sneakers,4,75000,0.0,300000.0,0,Cash on Delivery,Instagram,,,8.0,3.0,Yes
CUST04761,ORD004761,PRD0003,2348039160322,Customer 4761,M,18-25,Kano,North West,Occasional,2025-09-02,Beauty,Perfume,3,15000,0.05,42750.0,1000,Bank Transfer,,completed,Delivered,4.0,4.0,Yes
CUST04762,ORD004762,PRD0019,2348040599104,Customer 4762, m ,,Kano,North West,Regular,2026-04-30,Sports,Running Shoes,4,10000,0.2,32000.0,3500,Cash on Delivery,Instagram,COMPLETED,In Transit,14.0,,NO
CUST04763,ORD004763,PRD0015,2348069663212,Customer 4763,M,46-60,Kano,North West,Regular,2024-10-19,Sports,Yoga Mat,1,25000,0.15,21250.0,0,bank transfer,Instagram,Pending,,2.0,5.0,
CUST04764,ORD004764,PRD0027,2348080008671,Customer 4764,female,18-25,Port Harcourt,South South,,2026-07-19,Sports,Running Shoes,1,75000,0.0,75000.0,1500,Wallet,Mobile App,cancelled,Returned,6.0,3.0,
CUST04765,ORD004765,PRD0027,2348096076165,Customer 4765,Female,46-60,Abuja,North Central,Premium,2024-07-01,Beauty,Hair Dryer,5,75000,0.15,318750.0,0,USSD,Marketplace,Completed,,1.0,,No
CUST04766,ORD004766,PRD0022,2348089759612,Customer 4766,Male,18-25,Kaduna,North West,,2025-06-30,Sports,Running Shoes,1,5000,0.05,4750.0,2500,Bank Transfer,Website,Completed,Delayed,10.0,5.0,Yes
CUST04767,ORD004767,PRD0004,2348074688799,Customer 4767,Female,26-35,Kaduna,North West,Premium,2024-06-22,Fashion,Sneakers,3,40000,0.2,96000.0,2500,Wallet,Store,Completed,In Transit,6.0,1.0,NO
CUST04768,ORD004768,PRD0020,2348018324219,Customer 4768, m ,36-45,Enugu,South East,premium ,2026-07-22,Beauty,Hair Dryer,2,15000,0.05,28500.0,1500,,Marketplace,pending,Delayed,9.0,2.0,
CUST04769,ORD004769,PRD0012,2348039336152,Customer 4769,FEMALE,46-60,Benin City,South South,Regular,2026-02-04,Sports,Gym Bag,1,120000,0.2,96000.0,0,USSD,Mobile App,COMPLETED,Delivered,4.0,5.0,NO
CUST04770,ORD004770,PRD0027,2348024392827,Customer 4770,Female,26-35,Ibadan,South West,Premium,2025-03-06,Electronics,Wireless Earbuds,5,75000,0.05,356250.0,2500,Bank Transfer,Marketplace,Completed,DELIVERED,12.0,2.0,
CUST04771,ORD004771,PRD0029,2348016727960,Customer 4771,M,26-35,Kano,North West,Occasional,2024-02-08,Electronics,Laptop,4,3500,0.05,13300.0,3500,Wallet,Mobile App,,In Transit,6.0,5.0,
CUST04772,ORD004772,PRD0012,2348092960480,Customer 4772, f ,,Port Harcourt,South South,Regular,2024-03-31,Fashion,Sneakers,4,3500,0.0,14000.0,1000,bank transfer,Website,,,8.0,4.0,Yes
CUST04773,ORD004773,PRD0021,2348064219919,Customer 4773,Male,46-60,Port Harcourt,South South,Premium,2026-03-24,Groceries,Cereal,3,10000,0.15,25500.0,0,USSD,Marketplace,,Delivered,13.0,3.0,Yes
CUST04774,ORD004774,PRD0012,2348057396807,Customer 4774,FEMALE,18-25,Kano,North West,Premium,2024-07-29,Fashion,Sneakers,1,3500,0.2,2800.0,1500,CARD,Website,Pending,Delivered,,3.0,NO
CUST04775,ORD004775,PRD0029,2348072825027, Customer 4775 ,Male,26-35,Benin City,South South,Occasional,2026-08-20,Beauty,Skincare Set,4,25000,0.2,80000.0,2500,Card,Instagram,Completed,,5.0,3.0,NO
CUST04776,ORD004776,PRD0023,2348072330009,Customer 4776,,18-25,Abuja,North Central,,2026-03-09,Beauty,Skincare Set,1,40000,0.0,40000.0,3500,Cash on Delivery,Marketplace,COMPLETED,In Transit,11.0,5.0,No
CUST04777,ORD004777,PRD0006,2348011099321,Customer 4777,female,,Abuja,North Central,REGULAR,2024-07-07,Beauty,Hair Dryer,4,40000,0.0,160000.0,1000,,Mobile App,Returned,delivered,4.0,5.0,Yes
CUST04778,ORD004778,PRD0004,2348031947863,Customer 4778,,18-25,Kano,North West,Business,2026-01-01,Fashion,Sneakers,4,40000,0.15,136000.0,1000,Bank Transfer,Instagram,Completed,In Transit,2.0,4.0,NO
CUST04779,ORD004779,PRD0004,2348038300199,Customer 4779,M,60+,Abuja,North Central,premium ,2025-10-11,Electronics,Laptop,3,7500,0.15,19125.0,3500,Cash on Delivery,Website,,In Transit,12.0,4.0,No
CUST04780,ORD004780,PRD0005,2348017376009,Customer 4780,Female,18-25,Lagos,South West,Occasional,2025-08-25,Home & Kitchen,Cookware Set,1,25000,0.0,25000.0,2500,bank transfer,Store,Cancelled,Delivered,9.0,5.0,No
CUST04781,ORD004781,PRD0003,2348061887015,Customer 4781,,18-25,Enugu,South East,Premium,2025-04-08,Home & Kitchen,Vacuum Cleaner,1,10000,0.0,10000.0,2500,CARD,Website,Completed,Delivered,8.0,5.0,
CUST04782,ORD004782,PRD0017,2348095123528,Customer 4782,F,18-25,Kaduna,North West,REGULAR,2024-02-10,Home & Kitchen,Cookware Set,5,10000,0.0,50000.0,1000,Bank Transfer,Website,Completed,Delivered,1.0,4.0,Yes
CUST04783,ORD004783,PRD0009,2348015220054,Customer 4783,Female,60+,Benin City,South South,Regular,2025-06-19,Groceries,Rice,1,10000,0.2,8000.0,2500,CARD,Mobile App,pending,,14.0,4.0,Yes
CUST04784,ORD004784,PRD0030,2348047995585,Customer 4784,,26-35,Lagos,South West,premium ,2024-09-04,Groceries,Cooking Oil,2,5000,0.2,8000.0,0,Cash on Delivery,Store,Completed,,,5.0,No
CUST04785,ORD004785,PRD0029,2348015025614,Customer 4785,male,46-60,Lagos,South West,,2024-08-02,Groceries,Cooking Oil,2,75000,0.0,150000.0,2500,Card,mobile app,,Returned,11.0,4.0,No
CUST04786,ORD004786,PRD0029,2348094368368,Customer 4786,F,26-35,Ibadan,South West,Regular,2024-05-27,Home & Kitchen,Cookware Set,1,7500,0.0,7500.0,0,Card,Website,pending,,14.0,4.0,No
CUST04787,ORD004787,PRD0026,2348021888141,Customer 4787,Female,18-25,Abuja,North Central,Regular,2024-11-06,Groceries,Cereal,1,120000,0.15,102000.0,1500,Wallet,website,Completed,Delivered,13.0,4.0,
CUST04788,ORD004788,PRD0013,2348028647952,Customer 4788,male,26-35,Benin City,South South,Regular,2025-10-12,Fashion,Shirt,5,15000,0.15,63750.0,2500,CARD,Marketplace,Returned,Delivered,11.0,5.0,
CUST04789,ORD004789,PRD0012,2348056787255,Customer 4789, f ,,Port Harcourt,South South,Premium,2024-11-18,Sports,Yoga Mat,1,10000,0.15,8500.0,3500,Card,Instagram,Completed,DELIVERED,6.0,4.0,
CUST04790,ORD004790,PRD0025,2348017174483,Customer 4790, f ,36-45,Enugu,South East,Premium,2026-06-03,Fashion,Sneakers,2,7500,0.05,14250.0,2500,Card,Marketplace,COMPLETED,In Transit,6.0,3.0,No
CUST04791,ORD004791,PRD0014,2348030898346,Customer 4791,Male,36-45,Benin City,South South,Regular,2026-08-22,Sports,Running Shoes,2,120000,0.15,204000.0,2500,Bank Transfer,Marketplace,COMPLETED,Delivered,5.0,5.0,NO
CUST04792,ORD004792,PRD0024,2348076770504,Customer 4792,,26-35,Kano,North West,Premium,2026-05-24,Sports,Gym Bag,4,40000,0.0,160000.0,0,Cash on Delivery,Mobile App,Completed,Returned,8.0,4.0,No
CUST04793,ORD004793,PRD0023,2348043077065,Customer 4793,Female,36-45,Port Harcourt,South South,Occasional,2024-04-18,Home & Kitchen,Vacuum Cleaner,5,5000,0.15,21250.0,1000,Card,website,COMPLETED,In Transit,14.0,,No
CUST04794,ORD004794,PRD0029,2348017261253,Customer 4794,Female,18-25,Port Harcourt,South South,Premium,2026-08-21,Fashion,Jeans,2,120000,0.1,216000.0,0,,Website,pending,Delivered,,4.0,
CUST04795,ORD004795,PRD0007,2348024637554,Customer 4795,,60+,Abuja,North Central,Regular,2024-09-27,Fashion,Jeans,4,3500,0.0,14000.0,3500,Wallet,,,DELIVERED,10.0,5.0,
CUST04796,ORD004796,PRD0015,2348078615640,Customer 4796,Male,18-25,Kaduna,North West,Occasional,2024-11-16,Beauty,Hair Dryer,3,40000,0.1,108000.0,2500,CARD,Store,Completed,,6.0,5.0,No
CUST04797,ORD004797,PRD0007,2348076920143,Customer 4797,Male,18-25,Enugu,South East,Premium,2025-02-02,Home & Kitchen,Vacuum Cleaner,4,120000,0.05,456000.0,0,,Store,Completed,Returned,14.0,4.0,Yes
CUST04798,ORD004798,PRD0013,2348041823436,Customer 4798,F,,Kano,North West,Regular,2024-07-04,Sports,Running Shoes,5,7500,0.0,37500.0,1500,Wallet,Store,Completed,delivered,2.0,2.0,Yes
CUST04799,ORD004799,PRD0008,2348022817312,Customer 4799,Female,46-60,Abuja,North Central,Occasional,2025-06-29,Fashion,Shirt,3,15000,0.1,40500.0,2500,CARD,Instagram,completed,,2.0,4.0,No
CUST04800,ORD004800,PRD0029,2348097614031, Customer 4800 ,Male,60+,Port Harcourt,South South,Business,2026-08-02,Fashion,Shirt,5,25000,0.0,125000.0,2500,Card,Marketplace,Completed,DELIVERED,7.0,,NO
CUST04801,ORD004801,PRD0007,2348078278221,Customer 4801,female,60+,Port Harcourt,South South,Regular,2025-01-07,Sports,Football,4,3500,0.1,12600.0,0,Cash on Delivery,Website,Cancelled,,11.0,2.0,No
CUST04802,ORD004802,PRD0022,2348036482539,Customer 4802,,46-60,Benin City,South South,Regular,2025-10-25,Groceries,Beverage Pack,5,10000,0.0,50000.0,3500,Bank Transfer,mobile app,Completed,Delivered,12.0,5.0,
CUST04803,ORD004803,PRD0004,2348077674545,Customer 4803,F,,Port Harcourt,South South,Business,2025-05-18,Sports,Football,5,15000,0.2,60000.0,0,Cash on Delivery,mobile app,Completed,Delivered,,4.0,
CUST04804,ORD004804,PRD0004,2348098161779,Customer 4804,Male,26-35,Ibadan,South West,Regular,2024-06-22,Beauty,Makeup Kit,3,75000,0.05,213750.0,3500,Cash on Delivery,Mobile App,Completed,,13.0,4.0,No
CUST04805,ORD004805,PRD0010,2348034688037,Customer 4805,F,,Kano,North West,Occasional,2024-08-14,Beauty,Skincare Set,5,7500,0.05,35625.0,1000,USSD,Instagram,cancelled,Delivered,10.0,,NO
CUST04806,ORD004806,PRD0029,2348029863630,Customer 4806,Male,,Benin City,South South,Regular,2024-12-07,Electronics,Wireless Earbuds,1,3500,0.1,3150.0,3500,Cash on Delivery,Marketplace,Completed,Delivered,11.0,1.0,Yes
CUST04807,ORD004807,PRD0006,2348064333280,Customer 4807,Female,46-60,Abuja,North Central,Business,2026-05-24,Fashion,Sneakers,1,5000,0.15,4250.0,0,Card,Marketplace,Cancelled,In Transit,9.0,5.0,NO
CUST04808,ORD004808,PRD0017,2348097253581,Customer 4808,Female,,Port Harcourt,South South,Regular,2024-05-13,Beauty,Makeup Kit,5,25000,0.15,106250.0,2500,Card,Website,Pending,Returned,11.0,4.0,
CUST04809,ORD004809,PRD0011,2348031355694,Customer 4809,Male,18-25,Lagos,South West,Occasional,2025-05-28,Home & Kitchen,Air Fryer,3,40000,0.1,108000.0,1000,Bank Transfer,Instagram,Pending,,11.0,5.0,
CUST04810,ORD004810,PRD0015,2348039414914,Customer 4810,MALE,,Kaduna,North West,Premium,2024-02-05,Home & Kitchen,Air Fryer,4,7500,0.05,28500.0,2500,Cash on Delivery,Store,,Delivered,6.0,4.0,
CUST04811,ORD004811,PRD0010,2348016459560,Customer 4811,Female,36-45,Ibadan,South West,,2025-02-01,Home & Kitchen,Vacuum Cleaner,2,3500,0.15,5950.0,1000,,Marketplace,Cancelled,Delayed,5.0,3.0,Yes
CUST04812,ORD004812,PRD0022,2348062301674,Customer 4812,Female,60+,Port Harcourt,South South,Regular,2025-06-24,Beauty,Skincare Set,4,5000,0.2,16000.0,1000,,,,,,5.0,No
CUST04813,ORD004813,PRD0011,2348016297012,Customer 4813,Female,60+,Port Harcourt,South South,Regular,2025-04-13,Groceries,Cooking Oil,4,10000,0.1,36000.0,3500,Wallet,Mobile App,Completed,Delivered,10.0,2.0,Yes
CUST04814,ORD004814,PRD0020,2348096186863,Customer 4814,Male,46-60,Abuja,North Central,Regular,2025-12-31,Home & Kitchen,Cookware Set,4,120000,0.2,384000.0,2500,Cash on Delivery,Instagram,completed,DELIVERED,4.0,,
CUST04815,ORD004815,PRD0028,2348035511771,Customer 4815,Male,60+,Benin City,South South,Premium,2024-11-11,Sports,Yoga Mat,5,3500,0.1,15750.0,2500,USSD,Store,COMPLETED,Delivered,9.0,4.0,Yes
CUST04816,ORD004816,PRD0004,2348075969583,Customer 4816,,46-60,Kaduna,North West,Occasional,2025-08-09,Electronics,Smart TV,3,25000,0.15,63750.0,3500,Cash on Delivery,Instagram,Returned,Delivered,10.0,,No
CUST04817,ORD004817,PRD0009,2348067287467,Customer 4817,M,18-25,Enugu,South East,,2024-12-24,Fashion,Jeans,2,75000,0.15,127500.0,3500,Card,,COMPLETED,delivered,3.0,,No
CUST04818,ORD004818,PRD0016,2348021223891,Customer 4818,Female,60+,Benin City,South South,premium ,2025-12-27,Sports,Yoga Mat,1,15000,0.1,13500.0,1500,Bank Transfer,,cancelled,Delivered,,1.0,yes
CUST04819,ORD004819,PRD0003,2348062028340,Customer 4819,M,46-60,Lagos,South West,Regular,2025-06-04,Groceries,Rice,2,5000,0.2,8000.0,1000,Bank Transfer,mobile app,Completed,DELIVERED,3.0,5.0,
CUST04820,ORD004820,PRD0004,2348032983098,Customer 4820,Female,46-60,Kaduna,North West,Occasional,2025-08-22,Groceries,Cooking Oil,4,15000,0.1,54000.0,2500,Wallet,mobile app,Completed,Delivered,14.0,,
CUST04821,ORD004821,PRD0006,2348086865652,Customer 4821,,18-25,Enugu,South East,,2026-06-18,Sports,Gym Bag,3,120000,0.2,288000.0,1000,Cash on Delivery,Store,COMPLETED,delivered,14.0,2.0,No
CUST04822,ORD004822,PRD0030,2348093679671,Customer 4822,Female,18-25,Kano,North West,Occasional,2024-05-04,Home & Kitchen,Air Fryer,1,25000,0.15,21250.0,3500,Bank Transfer,Marketplace,COMPLETED,Delivered,8.0,5.0,yes
CUST04823,ORD004823,PRD0004,2348027679854,Customer 4823,Female,60+,Lagos,South West,Occasional,2026-01-14,Beauty,Skincare Set,1,120000,0.2,96000.0,3500,Card,Website,Pending,Delivered,7.0,4.0,
CUST04824,ORD004824,PRD0017,2348046389397,Customer 4824, m ,60+,Lagos,South West,premium ,2026-08-24,Electronics,Smart TV,2,3500,0.0,7000.0,1000,Card,Store,Completed,Delivered,2.0,3.0,No
CUST04825,ORD004825,PRD0007,2348098812402, Customer 4825 ,,26-35,Kaduna,North West,Premium,2025-08-01,Beauty,Perfume,2,3500,0.2,5600.0,1000,USSD,Website,completed,In Transit,,2.0,No
CUST04826,ORD004826,PRD0018,2348088365198,Customer 4826, m ,26-35,Ibadan,South West,REGULAR,2026-01-21,Fashion,Sneakers,3,5000,0.05,14250.0,2500,bank transfer,Mobile App,cancelled,,2.0,5.0,Yes
CUST04827,ORD004827,PRD0007,2348095714661,Customer 4827, f ,36-45,Kaduna,North West,Regular,2025-06-10,Beauty,Skincare Set,2,5000,0.05,9500.0,0,Card,,Cancelled,Delivered,9.0,2.0,
CUST04828,ORD004828,PRD0027,2348058342372,Customer 4828,female,36-45,Abuja,North Central,Regular,2024-07-02,Fashion,Sneakers,1,40000,0.1,36000.0,1000,Card,Website,Completed,Returned,13.0,2.0,NO
CUST04829,ORD004829,PRD0029,2348042311875,Customer 4829,Female,36-45,Benin City,South South,Occasional,2024-05-30,Electronics,Wireless Earbuds,4,7500,0.15,25500.0,3500,Bank Transfer,Marketplace,completed,Delivered,3.0,5.0,NO
CUST04830,ORD004830,PRD0008,2348091468953,Customer 4830,male,18-25,Kano,North West,REGULAR,2025-06-08,Groceries,Rice,3,3500,0.1,9450.0,0,USSD,Marketplace,,In Transit,14.0,5.0,No
CUST04831,ORD004831,PRD0012,2348090633882,Customer 4831,MALE,,Benin City,South South,,2025-11-27,Groceries,Rice,4,5000,0.1,18000.0,3500,,Website,,,3.0,4.0,No
CUST04832,ORD004832,PRD0015,2348021529533,Customer 4832, f ,,Lagos,South West,premium ,2026-02-14,Sports,Yoga Mat,5,15000,0.0,75000.0,1500,USSD,Website,completed,delivered,1.0,4.0,No
CUST04833,ORD004833,PRD0012,2348093750592,Customer 4833,Male,18-25,Kaduna,North West,premium ,2025-03-21,Sports,Running Shoes,2,25000,0.0,50000.0,1000,Bank Transfer,Store,Pending,Delayed,10.0,,Yes
CUST04834,ORD004834,PRD0012,2348067684769,Customer 4834,F,36-45,Abuja,North Central,Regular,2024-02-07,Sports,Running Shoes,5,15000,0.2,60000.0,1500,Cash on Delivery,Website,Completed,In Transit,14.0,5.0,No
CUST04835,ORD004835,PRD0001,2348038478709,Customer 4835,,46-60,Kano,North West,Regular,2025-05-24,Beauty,Hair Dryer,5,75000,0.2,300000.0,2500,Wallet,Instagram,cancelled,delivered,14.0,4.0,No
CUST04836,ORD004836,PRD0001,2348082842191,Customer 4836,Female,,Ibadan,South West,Business,2025-03-27,Groceries,Rice,1,120000,0.2,96000.0,2500,Cash on Delivery,Store,COMPLETED,,,4.0,No
CUST04837,ORD004837,PRD0011,2348012561859,Customer 4837,Female,26-35,Ibadan,South West,Business,2024-09-01,Sports,Yoga Mat,1,5000,0.1,4500.0,1000,Card,Mobile App,,In Transit,7.0,3.0,No
CUST04838,ORD004838,PRD0019,2348099200132,Customer 4838,Male,26-35,Kaduna,North West,,2024-02-21,Beauty,Makeup Kit,4,40000,0.2,128000.0,2500,Bank Transfer,Store,COMPLETED,delivered,6.0,,No
CUST04839,ORD004839,PRD0005,2348039990807,Customer 4839,Female,26-35,Benin City,South South,Business,2025-03-24,Home & Kitchen,Air Fryer,5,15000,0.0,75000.0,1500,Bank Transfer,Website,COMPLETED,,5.0,4.0,No
CUST04840,ORD004840,PRD0013,2348069133114,Customer 4840,Female,60+,Enugu,South East,Regular,2025-05-26,Home & Kitchen,Blender,5,75000,0.15,318750.0,3500,Card,Store,Completed,,,4.0,
CUST04841,ORD004841,PRD0013,2348088643905,Customer 4841,MALE,,Port Harcourt,South South,Regular,2026-07-10,Sports,Football,1,10000,0.1,9000.0,1000,USSD,website,Completed,,7.0,4.0,No
CUST04842,ORD004842,PRD0010,2348060871304,Customer 4842,M,46-60,Kaduna,North West,Premium,2025-11-26,Fashion,Jeans,5,10000,0.05,47500.0,1500,CARD,Store,Cancelled,In Transit,11.0,,
CUST04843,ORD004843,PRD0010,2348078873229,Customer 4843,,46-60,Benin City,South South,Premium,2024-08-02,Fashion,Shirt,3,40000,0.15,102000.0,2500,bank transfer,Marketplace,Completed,Delivered,8.0,4.0,Yes
CUST04844,ORD004844,PRD0030,2348062177938,Customer 4844,Female,60+,Enugu,South East,Regular,2026-07-25,Beauty,Perfume,1,5000,0.2,4000.0,0,bank transfer,Marketplace,Completed,DELIVERED,1.0,5.0,No
CUST04845,ORD004845,PRD0021,2348015010724,Customer 4845,M,60+,Kano,North West,Occasional,2025-08-24,Beauty,Makeup Kit,5,5000,0.1,22500.0,1500,Bank Transfer,Mobile App,Completed,delivered,2.0,1.0,No
CUST04846,ORD004846,PRD0006,2348019991297,Customer 4846,M,60+,Port Harcourt,South South,Premium,2025-05-15,Sports,Running Shoes,3,5000,0.15,12750.0,3500,Bank Transfer,Marketplace,Completed,,3.0,4.0,yes
CUST04847,ORD004847,PRD0026,2348088571514,Customer 4847,Female,46-60,Kaduna,North West,,2025-03-21,Groceries,Rice,3,120000,0.1,324000.0,1500,Card,mobile app,cancelled,Delivered,10.0,5.0,
CUST04848,ORD004848,PRD0016,2348018375424,Customer 4848,Male,46-60,Ibadan,South West,REGULAR,2026-03-23,Home & Kitchen,Blender,5,7500,0.05,35625.0,3500,,Website,cancelled,Delayed,14.0,4.0,
CUST04849,ORD004849,PRD0013,2348081771020,Customer 4849,Female,46-60,Enugu,South East,,2026-05-13,Electronics,Smart TV,3,3500,0.2,8400.0,1000,Card,mobile app,Pending,Delivered,9.0,1.0,Yes
CUST04850,ORD004850,PRD0024,2348090400670, Customer 4850 ,Male,46-60,Ibadan,South West,Occasional,2026-06-06,Groceries,Beverage Pack,1,5000,0.15,4250.0,2500,Wallet,,pending,,7.0,5.0,No
CUST04851,ORD004851,PRD0016,2348087473737,Customer 4851,male,26-35,Ibadan,South West,Regular,2025-06-17,Home & Kitchen,Blender,1,40000,0.2,32000.0,1000,Cash on Delivery,Website,Completed,,8.0,,NO
CUST04852,ORD004852,PRD0029,2348099589978,Customer 4852,male,,Abuja,North Central,Business,2025-02-11,Beauty,Perfume,1,10000,0.15,8500.0,3500,Cash on Delivery,,Completed,Delayed,6.0,4.0,No
CUST04853,ORD004853,PRD0009,2348036342345,Customer 4853,Male,18-25,Benin City,South South,Occasional,2025-03-19,Sports,Running Shoes,5,25000,0.0,125000.0,3500,USSD,website,Completed,DELIVERED,4.0,,Yes
CUST04854,ORD004854,PRD0020,2348089377618,Customer 4854,male,46-60,Lagos,South West,Regular,2024-10-05,Home & Kitchen,Vacuum Cleaner,5,3500,0.05,16625.0,1000,Card,,Pending,Delayed,4.0,2.0,Yes
CUST04855,ORD004855,PRD0026,2348043836187,Customer 4855,,26-35,Kano,North West,Occasional,2024-03-20,Home & Kitchen,Blender,2,120000,0.0,240000.0,1500,CARD,Mobile App,Cancelled,,14.0,5.0,
CUST04856,ORD004856,PRD0004,2348090743231,Customer 4856,Female,36-45,Enugu,South East,Regular,2024-05-14,Fashion,Jeans,3,10000,0.15,25500.0,1000,Bank Transfer,Store,Completed,In Transit,1.0,5.0,No
CUST04857,ORD004857,PRD0030,2348074697201,Customer 4857, f ,26-35,Benin City,South South,Premium,2024-11-04,Home & Kitchen,Cookware Set,1,15000,0.15,12750.0,0,Card,Website,,,3.0,2.0,No
CUST04858,ORD004858,PRD0018,2348067881864,Customer 4858,Female,,Ibadan,South West,Regular,2024-12-15,Fashion,Sneakers,3,15000,0.1,40500.0,1500,Cash on Delivery,Website,cancelled,In Transit,,5.0,Yes
CUST04859,ORD004859,PRD0006,2348052106806,Customer 4859,Female,60+,Lagos,South West,Regular,2026-01-28,Groceries,Cooking Oil,1,10000,0.2,8000.0,1500,Bank Transfer,mobile app,Cancelled,DELIVERED,2.0,,NO
CUST04860,ORD004860,PRD0009,2348027194662,Customer 4860,Male,26-35,Port Harcourt,South South,Premium,2024-12-24,Beauty,Perfume,2,10000,0.05,19000.0,2500,,Instagram,Cancelled,Delayed,1.0,5.0,yes
CUST04861,ORD004861,PRD0001,2348013603659,Customer 4861,Male,26-35,Enugu,South East,Regular,2025-07-31,Groceries,Cereal,5,5000,0.05,23750.0,2500,Wallet,Website,Completed,Delivered,13.0,3.0,
CUST04862,ORD004862,PRD0002,2348035824632,Customer 4862,female,26-35,Port Harcourt,South South,REGULAR,2024-03-04,Sports,Football,5,5000,0.2,20000.0,2500,Bank Transfer,Mobile App,Pending,Delayed,5.0,,NO
CUST04863,ORD004863,PRD0001,2348082769606,Customer 4863,Female,36-45,Enugu,South East,Regular,2026-03-10,Home & Kitchen,Air Fryer,5,120000,0.05,570000.0,1000,Cash on Delivery,Website,,,5.0,,
CUST04864,ORD004864,PRD0001,2348092410550,Customer 4864,,60+,Kano,North West,REGULAR,2026-07-16,Sports,Running Shoes,4,15000,0.0,60000.0,1000,Card,mobile app,COMPLETED,Delivered,6.0,,
CUST04865,ORD004865,PRD0011,2348041408808,Customer 4865,Female,18-25,Port Harcourt,South South,Regular,2025-12-16,Beauty,Skincare Set,1,7500,0.1,6750.0,0,Cash on Delivery,Instagram,Cancelled,DELIVERED,11.0,4.0,No
CUST04866,ORD004866,PRD0030,2348071156606,Customer 4866,,,Benin City,South South,premium ,2026-07-25,Beauty,Skincare Set,4,7500,0.15,25500.0,1500,CARD,website,Cancelled,Delivered,10.0,3.0,NO
CUST04867,ORD004867,PRD0008,2348018957033,Customer 4867,FEMALE,36-45,Kaduna,North West,,2025-06-03,Electronics,Wireless Earbuds,4,75000,0.15,255000.0,1500,USSD,Marketplace,completed,,4.0,4.0,NO
CUST04868,ORD004868,PRD0028,2348031978049,Customer 4868,,46-60,Kano,North West,Regular,2024-10-24,Fashion,Sneakers,5,5000,0.2,20000.0,1000,Bank Transfer,Website,pending,Returned,12.0,4.0,No
CUST04869,ORD004869,PRD0016,2348035002019,Customer 4869,M,,Enugu,South East,,2026-07-21,Sports,Football,2,10000,0.2,16000.0,3500,CARD,website,Returned,In Transit,10.0,4.0,No
CUST04870,ORD004870,PRD0012,2348079070198,Customer 4870,Male,,Abuja,North Central,Business,2024-03-18,Sports,Gym Bag,5,40000,0.15,170000.0,1000,USSD,Instagram,Completed,Delivered,5.0,3.0,NO
CUST04871,ORD004871,PRD0012,2348091728374,Customer 4871, f ,18-25,Ibadan,South West,Occasional,2025-09-08,Home & Kitchen,Cookware Set,4,40000,0.0,160000.0,1000,Wallet,Marketplace,COMPLETED,Delivered,2.0,5.0,yes
CUST04872,ORD004872,PRD0018,2348066390172,Customer 4872,,,Benin City,South South,Occasional,2025-09-25,Groceries,Beverage Pack,4,75000,0.05,285000.0,0,USSD,Marketplace,cancelled,Delivered,12.0,4.0,No
CUST04873,ORD004873,PRD0014,2348095243549,Customer 4873,F,,Enugu,South East,Premium,2025-01-20,Groceries,Rice,4,75000,0.05,285000.0,1000,Bank Transfer,mobile app,pending,Delivered,1.0,4.0,
CUST04874,ORD004874,PRD0014,2348062529289,Customer 4874,Female,36-45,Benin City,South South,premium ,2026-04-22,Electronics,Wireless Earbuds,2,75000,0.0,150000.0,3500,Card,Instagram,Pending,Delivered,,5.0,
CUST04875,ORD004875,PRD0017,2348090594110, Customer 4875 ,Male,18-25,Ibadan,South West,Business,2024-10-23,Fashion,Shirt,2,5000,0.0,10000.0,2500,Card,Mobile App,Completed,Delivered,9.0,3.0,Yes
CUST04876,ORD004876,PRD0006,2348059171665,Customer 4876,F,18-25,Port Harcourt,South South,Occasional,2024-12-19,Groceries,Beverage Pack,3,7500,0.0,22500.0,0,CARD,Marketplace,Completed,In Transit,12.0,3.0,No
CUST04877,ORD004877,PRD0022,2348077030760,Customer 4877,MALE,,Abuja,North Central,Premium,2024-05-29,Fashion,Jeans,5,15000,0.15,63750.0,2500,USSD,Store,,Returned,11.0,,Yes
CUST04878,ORD004878,PRD0010,2348025887320,Customer 4878,Female,60+,Ibadan,South West,Premium,2025-04-07,Groceries,Beverage Pack,1,5000,0.05,4750.0,1000,CARD,Instagram,completed,Delayed,10.0,5.0,Yes
CUST04879,ORD004879,PRD0007,2348042868075,Customer 4879,Male,26-35,Benin City,South South,Regular,2024-12-08,Electronics,Laptop,2,5000,0.05,9500.0,3500,Bank Transfer,Store,COMPLETED,Delivered,3.0,4.0,No
CUST04880,ORD004880,PRD0019,2348076816621,Customer 4880,,26-35,Abuja,North Central,Premium,2025-07-13,Electronics,Smartphone,5,120000,0.0,600000.0,1500,USSD,Website,Completed,In Transit,14.0,2.0,No
CUST04881,ORD004881,PRD0030,2348055308993,Customer 4881,F,60+,Abuja,North Central,Regular,2024-12-18,Home & Kitchen,Cookware Set,2,10000,0.15,17000.0,0,USSD,Store,,Delayed,7.0,4.0,yes
CUST04882,ORD004882,PRD0007,2348095442578,Customer 4882, f ,36-45,Benin City,South South,Occasional,2024-05-15,Home & Kitchen,Vacuum Cleaner,3,40000,0.0,120000.0,2500,Bank Transfer,Instagram,Pending,Delivered,4.0,5.0,NO
CUST04883,ORD004883,PRD0008,2348012541691,Customer 4883,,18-25,Port Harcourt,South South,Premium,2026-03-27,Groceries,Rice,3,75000,0.2,180000.0,1500,bank transfer,Store,cancelled,Returned,7.0,5.0,No
CUST04884,ORD004884,PRD0005,2348042364885,Customer 4884,Male,36-45,Kano,North West,Premium,2025-06-17,Fashion,Handbag,1,75000,0.2,60000.0,0,Wallet,website,,In Transit,10.0,,
CUST04885,ORD004885,PRD0008,2348019914541,Customer 4885,,26-35,Lagos,South West,Regular,2024-07-11,Sports,Football,4,7500,0.05,28500.0,2500,Card,mobile app,COMPLETED,delivered,5.0,4.0,
CUST04886,ORD004886,PRD0013,2348031217114,Customer 4886,female,60+,Enugu,South East,Regular,2024-04-15,Beauty,Perfume,5,3500,0.05,16625.0,0,Cash on Delivery,Mobile App,Completed,,1.0,5.0,
CUST04887,ORD004887,PRD0007,2348072402994,Customer 4887,Female,,Lagos,South West,Occasional,2026-02-04,Sports,Running Shoes,5,40000,0.2,160000.0,1000,bank transfer,Instagram,Cancelled,Delivered,6.0,4.0,Yes
CUST04888,ORD004888,PRD0009,2348040738670,Customer 4888,female,36-45,Enugu,South East,premium ,2026-04-17,Electronics,Laptop,3,3500,0.1,9450.0,1500,Wallet,Marketplace,COMPLETED,Delivered,5.0,4.0,Yes
CUST04889,ORD004889,PRD0016,2348074706306,Customer 4889,,18-25,Benin City,South South,Regular,2024-10-19,Electronics,Laptop,1,15000,0.05,14250.0,1000,Card,Store,cancelled,,5.0,,yes
CUST04890,ORD004890,PRD0010,2348038668540,Customer 4890,M,26-35,Abuja,North Central,Occasional,2025-06-15,Home & Kitchen,Cookware Set,5,5000,0.15,21250.0,1500,CARD,Store,completed,DELIVERED,9.0,3.0,No
CUST04891,ORD004891,PRD0015,2348028137723,Customer 4891,Female,60+,Ibadan,South West,Premium,2024-02-25,Groceries,Rice,1,120000,0.2,96000.0,1500,Bank Transfer,,completed,Delayed,14.0,4.0,Yes
CUST04892,ORD004892,PRD0003,2348037328611,Customer 4892,female,,Port Harcourt,South South,Premium,2026-07-29,Beauty,Makeup Kit,1,120000,0.15,102000.0,1000,bank transfer,Store,completed,In Transit,11.0,4.0,Yes
CUST04893,ORD004893,PRD0024,2348012540024,Customer 4893,male,46-60,Abuja,North Central,Regular,2024-06-14,Fashion,Shirt,4,3500,0.0,14000.0,2500,Card,Store,pending,Delivered,9.0,4.0,NO
CUST04894,ORD004894,PRD0028,2348047089356,Customer 4894,,46-60,Kano,North West,Regular,2025-05-28,Fashion,Handbag,2,75000,0.0,150000.0,3500,Card,Mobile App,Cancelled,In Transit,3.0,5.0,No
CUST04895,ORD004895,PRD0022,2348033811667,Customer 4895,Male,,Benin City,South South,Regular,2024-04-21,Sports,Running Shoes,4,25000,0.0,100000.0,1000,Card,,Returned,DELIVERED,7.0,,No
CUST04896,ORD004896,PRD0005,2348080522436,Customer 4896,,36-45,Kano,North West,Premium,2025-06-25,Beauty,Skincare Set,3,3500,0.1,9450.0,1500,Bank Transfer,Mobile App,Completed,In Transit,13.0,4.0,NO
CUST04897,ORD004897,PRD0010,2348056939660,Customer 4897,Male,26-35,Kaduna,North West,Premium,2024-09-13,Sports,Gym Bag,4,10000,0.15,34000.0,2500,Card,Store,Cancelled,In Transit,2.0,5.0,No
CUST04898,ORD004898,PRD0005,2348056811392,Customer 4898,Female,46-60,Port Harcourt,South South,Occasional,2026-02-19,Beauty,Makeup Kit,1,10000,0.0,10000.0,0,Card,website,pending,In Transit,2.0,5.0,NO
CUST04899,ORD004899,PRD0025,2348098151685,Customer 4899,,,Kano,North West,Occasional,2025-04-15,Electronics,Smartphone,4,75000,0.0,300000.0,1000,USSD,Store,Completed,Delayed,1.0,,No
CUST04900,ORD004900,PRD0022,2348043918829, Customer 4900 ,,36-45,Ibadan,South West,REGULAR,2025-08-19,Sports,Football,4,75000,0.15,255000.0,2500,Card,Store,completed,,4.0,4.0,Yes
CUST04901,ORD004901,PRD0023,2348072129138,Customer 4901,male,60+,Benin City,South South,Occasional,2024-05-02,Beauty,Perfume,3,10000,0.2,24000.0,2500,Wallet,Mobile App,Returned,In Transit,3.0,4.0,Yes
CUST04902,ORD004902,PRD0019,2348041609656,Customer 4902,Female,26-35,Port Harcourt,South South,Occasional,2025-12-21,Beauty,Skincare Set,4,75000,0.1,270000.0,0,USSD,Store,Completed,Returned,8.0,,No
CUST04903,ORD004903,PRD0015,2348065877430,Customer 4903,Female,46-60,Abuja,North Central,Occasional,2024-06-09,Electronics,Laptop,3,15000,0.0,45000.0,1500,bank transfer,Website,,In Transit,6.0,5.0,No
CUST04904,ORD004904,PRD0010,2348019014769,Customer 4904,Female,46-60,Enugu,South East,Premium,2024-08-13,Sports,Gym Bag,1,10000,0.15,8500.0,3500,Card,Store,cancelled,,2.0,4.0,Yes
CUST04905,ORD004905,PRD0006,2348078333873,Customer 4905,male,,Ibadan,South West,Regular,2024-07-03,Fashion,Sneakers,1,120000,0.2,96000.0,2500,CARD,Mobile App,Cancelled,Delayed,5.0,,No
CUST04906,ORD004906,PRD0022,2348075590684,Customer 4906,M,,Kaduna,North West,Occasional,2024-04-23,Sports,Yoga Mat,4,75000,0.0,300000.0,1000,Cash on Delivery,Website,completed,Delivered,5.0,4.0,Yes
CUST04907,ORD004907,PRD0030,2348029892732,Customer 4907,Female,,Abuja,North Central,,2024-10-30,Home & Kitchen,Cookware Set,5,10000,0.1,45000.0,1500,Card,Instagram,completed,In Transit,2.0,4.0,No
CUST04908,ORD004908,PRD0022,2348013088040,Customer 4908,F,36-45,Enugu,South East,Occasional,2026-07-28,Groceries,Beverage Pack,4,7500,0.15,25500.0,2500,Card,Marketplace,Cancelled,Delivered,13.0,4.0,Yes
CUST04909,ORD004909,PRD0022,2348072902929,Customer 4909,Male,,Ibadan,South West,Regular,2025-02-12,Sports,Gym Bag,5,25000,0.2,100000.0,2500,Bank Transfer,website,Returned,delivered,8.0,4.0,
CUST04910,ORD004910,PRD0001,2348026649015,Customer 4910,Male,36-45,Kano,North West,Regular,2024-03-04,Beauty,Perfume,1,3500,0.15,2975.0,1500,Card,,Completed,Delivered,,3.0,NO
CUST04911,ORD004911,PRD0018,2348066570068,Customer 4911,male,36-45,Lagos,South West,Regular,2026-01-16,Groceries,Cereal,5,15000,0.05,71250.0,1500,Wallet,Mobile App,pending,Delayed,6.0,3.0,
CUST04912,ORD004912,PRD0021,2348016777315,Customer 4912,Male,,Ibadan,South West,Premium,2025-03-26,Beauty,Makeup Kit,3,7500,0.05,21375.0,2500,CARD,,COMPLETED,Returned,,4.0,Yes
CUST04913,ORD004913,PRD0006,2348012415875,Customer 4913,,36-45,Kaduna,North West,premium ,2024-10-23,Fashion,Sneakers,4,25000,0.1,90000.0,1000,Bank Transfer,,Completed,,1.0,5.0,No
CUST04914,ORD004914,PRD0029,2348063998612,Customer 4914,Female,,Enugu,South East,Regular,2025-08-16,Groceries,Beverage Pack,5,10000,0.2,40000.0,3500,USSD,Instagram,pending,Delivered,13.0,4.0,
CUST04915,ORD004915,PRD0019,2348093972935,Customer 4915,MALE,46-60,Benin City,South South,Premium,2025-01-13,Beauty,Makeup Kit,5,15000,0.15,63750.0,2500,,mobile app,pending,Delayed,5.0,1.0,Yes
CUST04916,ORD004916,PRD0015,2348022683269,Customer 4916,Female,46-60,Kano,North West,Premium,2024-04-14,Fashion,Shirt,2,10000,0.15,17000.0,3500,Wallet,Marketplace,COMPLETED,DELIVERED,14.0,4.0,No
CUST04917,ORD004917,PRD0013,2348063391291,Customer 4917,Male,46-60,Lagos,South West,Regular,2024-02-26,Beauty,Hair Dryer,3,75000,0.1,202500.0,2500,,,completed,Delivered,5.0,4.0,
CUST04918,ORD004918,PRD0015,2348022873304,Customer 4918, f ,,Port Harcourt,South South,Regular,2026-05-30,Sports,Yoga Mat,2,10000,0.0,20000.0,3500,CARD,website,COMPLETED,Delayed,4.0,3.0,NO
CUST04919,ORD004919,PRD0019,2348045441939,Customer 4919, m ,18-25,Abuja,North Central,Premium,2025-05-04,Beauty,Skincare Set,2,10000,0.1,18000.0,0,bank transfer,Mobile App,Pending,Delayed,12.0,3.0,NO
CUST04920,ORD004920,PRD0015,2348057651092,Customer 4920,Male,,Ibadan,South West,Premium,2024-08-31,Fashion,Sneakers,4,40000,0.1,144000.0,2500,USSD,Mobile App,Returned,Delivered,,4.0,yes
CUST04921,ORD004921,PRD0030,2348024878141,Customer 4921,Male,26-35,Port Harcourt,South South,Regular,2024-02-17,Home & Kitchen,Vacuum Cleaner,4,15000,0.1,54000.0,0,Bank Transfer,Marketplace,Completed,DELIVERED,3.0,5.0,No
CUST04922,ORD004922,PRD0002,2348096717754,Customer 4922,Female,36-45,Abuja,North Central,Premium,2024-11-13,Electronics,Smart TV,5,3500,0.0,17500.0,0,Bank Transfer,Mobile App,,Delivered,5.0,5.0,No
CUST04923,ORD004923,PRD0019,2348026038832,Customer 4923,Male,,Kaduna,North West,Regular,2025-08-03,Electronics,Smart TV,5,25000,0.0,125000.0,3500,Card,mobile app,COMPLETED,Delivered,8.0,3.0,Yes
CUST04924,ORD004924,PRD0021,2348068613994,Customer 4924,MALE,36-45,Lagos,South West,Regular,2024-12-15,Groceries,Rice,3,75000,0.2,180000.0,1000,CARD,Website,Pending,Delayed,10.0,3.0,
CUST04925,ORD004925,PRD0018,2348086120025, Customer 4925 ,Male,18-25,Benin City,South South,,2026-03-13,Electronics,Laptop,5,7500,0.1,33750.0,2500,Cash on Delivery,Instagram,completed,In Transit,2.0,5.0,No
CUST04926,ORD004926,PRD0013,2348067001425,Customer 4926,,26-35,Ibadan,South West,Occasional,2024-01-15,Electronics,Wireless Earbuds,1,15000,0.05,14250.0,2500,Wallet,Mobile App,Pending,Delivered,5.0,5.0,NO
CUST04927,ORD004927,PRD0013,2348048750803,Customer 4927,,60+,Lagos,South West,Premium,2026-08-19,Electronics,Laptop,5,120000,0.1,540000.0,2500,Card,Store,Completed,Delivered,10.0,4.0,No
CUST04928,ORD004928,PRD0005,2348066635853,Customer 4928,,,Benin City,South South,Regular,2024-09-16,Groceries,Cooking Oil,3,10000,0.15,25500.0,1000,Bank Transfer,Mobile App,pending,In Transit,1.0,5.0,No
CUST04929,ORD004929,PRD0025,2348075293592,Customer 4929,M,46-60,Kaduna,North West,,2024-12-29,Electronics,Wireless Earbuds,5,7500,0.2,30000.0,0,Cash on Delivery,mobile app,Cancelled,Delivered,,2.0,Yes
CUST04930,ORD004930,PRD0017,2348081583389,Customer 4930,male,,Ibadan,South West,Business,2026-05-25,Sports,Running Shoes,1,40000,0.2,32000.0,1000,CARD,Store,,In Transit,5.0,4.0,No
CUST04931,ORD004931,PRD0021,2348041933123,Customer 4931,M,26-35,Port Harcourt,South South,Premium,2024-03-04,Fashion,Jeans,4,10000,0.15,34000.0,3500,Wallet,Website,Pending,Delivered,13.0,5.0,No
CUST04932,ORD004932,PRD0030,2348095151505,Customer 4932,Male,46-60,Port Harcourt,South South,Occasional,2024-02-25,Fashion,Jeans,1,7500,0.1,6750.0,2500,Cash on Delivery,Instagram,cancelled,Delayed,10.0,4.0,
CUST04933,ORD004933,PRD0027,2348013864584,Customer 4933,F,36-45,Abuja,North Central,Regular,2025-12-14,Electronics,Wireless Earbuds,2,5000,0.15,8500.0,1000,Cash on Delivery,Marketplace,cancelled,Delivered,12.0,2.0,No
CUST04934,ORD004934,PRD0025,2348099493313,Customer 4934,F,26-35,Port Harcourt,South South,Regular,2024-11-30,Electronics,Wireless Earbuds,3,25000,0.2,60000.0,0,Card,Store,Returned,Delayed,11.0,4.0,No
CUST04935,ORD004935,PRD0010,2348046334255,Customer 4935,Male,46-60,Abuja,North Central,Regular,2025-10-31,Fashion,Handbag,4,10000,0.05,38000.0,2500,bank transfer,Marketplace,pending,Delivered,9.0,4.0,
CUST04936,ORD004936,PRD0024,2348078738767,Customer 4936,,26-35,Benin City,South South,REGULAR,2024-12-07,Electronics,Wireless Earbuds,3,7500,0.0,22500.0,2500,bank transfer,Mobile App,cancelled,delivered,7.0,4.0,No
CUST04937,ORD004937,PRD0028,2348046464023,Customer 4937,Female,36-45,Enugu,South East,premium ,2024-08-04,Fashion,Shirt,3,10000,0.15,25500.0,2500,Bank Transfer,Mobile App,Pending,,4.0,,NO
CUST04938,ORD004938,PRD0019,2348076164752,Customer 4938,Male,60+,Lagos,South West,Occasional,2024-10-07,Fashion,Shirt,4,25000,0.1,90000.0,1500,bank transfer,website,Cancelled,delivered,10.0,,yes
CUST04939,ORD004939,PRD0030,2348013038255,Customer 4939,Male,36-45,Port Harcourt,South South,Premium,2025-05-09,Beauty,Hair Dryer,5,40000,0.2,160000.0,0,Cash on Delivery,Mobile App,COMPLETED,Delayed,12.0,,NO
CUST04940,ORD004940,PRD0014,2348083383051,Customer 4940,,46-60,Abuja,North Central,Premium,2026-01-16,Beauty,Skincare Set,4,3500,0.05,13300.0,0,Card,Website,Completed,In Transit,,5.0,Yes
CUST04941,ORD004941,PRD0011,2348074691345,Customer 4941,FEMALE,36-45,Kano,North West,Occasional,2024-09-24,Sports,Running Shoes,3,25000,0.1,67500.0,0,Wallet,Instagram,Pending,Delayed,5.0,5.0,No
CUST04942,ORD004942,PRD0004,2348030518410,Customer 4942, m ,46-60,Abuja,North Central,Premium,2025-11-20,Electronics,Smart TV,2,5000,0.0,10000.0,0,Bank Transfer,Website,,DELIVERED,2.0,4.0,No
CUST04943,ORD004943,PRD0026,2348090945881,Customer 4943,Male,18-25,Ibadan,South West,Premium,2026-08-07,Beauty,Hair Dryer,4,5000,0.1,18000.0,2500,USSD,Instagram,cancelled,In Transit,,4.0,No
CUST04944,ORD004944,PRD0022,2348059861595,Customer 4944,Male,60+,Lagos,South West,,2024-04-23,Home & Kitchen,Blender,4,75000,0.15,255000.0,1000,Card,Mobile App,cancelled,Delivered,,2.0,No
CUST04945,ORD004945,PRD0028,2348084224361,Customer 4945,Male,18-25,Ibadan,South West,Premium,2024-12-08,Sports,Gym Bag,3,10000,0.1,27000.0,1000,,,completed,Delivered,3.0,5.0,No
CUST04946,ORD004946,PRD0028,2348045795492,Customer 4946, f ,26-35,Lagos,South West,Premium,2026-06-18,Beauty,Perfume,5,75000,0.1,337500.0,1500,Cash on Delivery,Mobile App,cancelled,Returned,14.0,5.0,No
CUST04947,ORD004947,PRD0005,2348099026976,Customer 4947,,60+,Abuja,North Central,Business,2025-01-29,Sports,Yoga Mat,2,75000,0.2,120000.0,2500,Card,Mobile App,pending,In Transit,8.0,4.0,No
CUST04948,ORD004948,PRD0005,2348049346375,Customer 4948,,,Port Harcourt,South South,Occasional,2024-12-25,Sports,Running Shoes,4,7500,0.0,30000.0,1000,bank transfer,Website,,Returned,14.0,2.0,No
CUST04949,ORD004949,PRD0023,2348032092703,Customer 4949,Female,26-35,Kano,North West,Regular,2025-11-21,Home & Kitchen,Air Fryer,2,3500,0.1,6300.0,0,Card,Store,Completed,Delayed,,5.0,
CUST04950,ORD004950,PRD0022,2348036991275, Customer 4950 ,Male,,Abuja,North Central,Regular,2024-12-04,Sports,Football,4,5000,0.05,19000.0,2500,Card,Marketplace,COMPLETED,Delayed,7.0,4.0,NO
CUST04951,ORD004951,PRD0028,2348059068525,Customer 4951,,60+,Benin City,South South,Occasional,2024-05-13,Home & Kitchen,Vacuum Cleaner,1,120000,0.0,120000.0,3500,CARD,Store,Completed,Delayed,2.0,5.0,Yes
CUST04952,ORD004952,PRD0016,2348041281168,Customer 4952, m ,60+,Port Harcourt,South South,Occasional,2024-04-23,Groceries,Rice,2,3500,0.15,5950.0,1500,,Mobile App,Completed,Delivered,12.0,2.0,Yes
CUST04953,ORD004953,PRD0020,2348071006637,Customer 4953,,26-35,Abuja,North Central,,2024-11-09,Home & Kitchen,Air Fryer,5,3500,0.2,14000.0,1000,Wallet,Website,,Delayed,6.0,4.0,
CUST04954,ORD004954,PRD0002,2348044004996,Customer 4954,M,18-25,Kano,North West,,2026-04-26,Beauty,Perfume,3,7500,0.1,20250.0,3500,CARD,Instagram,Cancelled,delivered,9.0,,
CUST04955,ORD004955,PRD0024,2348096916050,Customer 4955,,18-25,Abuja,North Central,Premium,2025-01-01,Fashion,Handbag,2,25000,0.1,45000.0,2500,bank transfer,,completed,DELIVERED,14.0,5.0,yes
CUST04956,ORD004956,PRD0026,2348059688860,Customer 4956,female,,Lagos,South West,Premium,2025-07-13,Groceries,Beverage Pack,2,75000,0.15,127500.0,0,USSD,Store,Completed,Delayed,4.0,3.0,No
CUST04957,ORD004957,PRD0001,2348089325208,Customer 4957,Female,60+,Abuja,North Central,,2024-04-16,Home & Kitchen,Cookware Set,4,25000,0.0,100000.0,3500,,Instagram,pending,,14.0,2.0,No
CUST04958,ORD004958,PRD0003,2348014311333,Customer 4958,Female,26-35,Enugu,South East,,2024-03-20,Home & Kitchen,Vacuum Cleaner,4,120000,0.15,408000.0,2500,bank transfer,Mobile App,completed,Delayed,1.0,4.0,No
CUST04959,ORD004959,PRD0006,2348048910533,Customer 4959,,18-25,Lagos,South West,Premium,2025-06-09,Electronics,Wireless Earbuds,3,7500,0.1,20250.0,1000,Wallet,Store,Pending,Delayed,14.0,3.0,Yes
CUST04960,ORD004960,PRD0020,2348091591649,Customer 4960,Female,36-45,Port Harcourt,South South,,2025-04-20,Electronics,Laptop,4,5000,0.2,16000.0,2500,bank transfer,Website,Pending,,4.0,5.0,NO
CUST04961,ORD004961,PRD0022,2348088253152,Customer 4961,M,46-60,Abuja,North Central,Premium,2025-03-03,Home & Kitchen,Air Fryer,2,25000,0.05,47500.0,0,Wallet,website,Returned,Delivered,5.0,5.0,
CUST04962,ORD004962,PRD0020,2348064485344,Customer 4962,M,60+,Lagos,South West,Premium,2024-03-06,Electronics,Smart TV,3,25000,0.1,67500.0,3500,,mobile app,Completed,In Transit,8.0,4.0,
CUST04963,ORD004963,PRD0023,2348086186354,Customer 4963,,60+,Ibadan,South West,Regular,2024-10-25,Fashion,Jeans,4,5000,0.0,20000.0,2500,,mobile app,cancelled,Returned,10.0,5.0,Yes
CUST04964,ORD004964,PRD0002,2348056934105,Customer 4964,Female,60+,Kaduna,North West,Occasional,2024-07-18,Fashion,Shirt,5,15000,0.15,63750.0,1500,Wallet,website,Cancelled,Delayed,11.0,5.0,Yes
CUST04965,ORD004965,PRD0001,2348076304486,Customer 4965,,18-25,Abuja,North Central,Regular,2025-04-30,Home & Kitchen,Air Fryer,5,5000,0.05,23750.0,1500,Bank Transfer,Marketplace,cancelled,In Transit,1.0,5.0,
CUST04966,ORD004966,PRD0020,2348030548268,Customer 4966,Female,,Ibadan,South West,Premium,2025-02-08,Beauty,Skincare Set,2,10000,0.05,19000.0,1000,Bank Transfer,Website,completed,In Transit,,4.0,
CUST04967,ORD004967,PRD0016,2348014322802,Customer 4967,Male,18-25,Kaduna,North West,Regular,2025-03-23,Sports,Football,3,25000,0.0,75000.0,3500,Cash on Delivery,Instagram,pending,delivered,5.0,4.0,
CUST04968,ORD004968,PRD0021,2348013294453,Customer 4968,,,Enugu,South East,Regular,2025-04-15,Home & Kitchen,Air Fryer,1,25000,0.15,21250.0,0,Cash on Delivery,Store,pending,delivered,1.0,5.0,
CUST04969,ORD004969,PRD0006,2348012541320,Customer 4969,Male,,Port Harcourt,South South,Regular,2026-01-15,Fashion,Shirt,2,25000,0.15,42500.0,1500,Card,Instagram,,Delivered,13.0,3.0,Yes
CUST04970,ORD004970,PRD0010,2348013029914,Customer 4970,Male,46-60,Benin City,South South,,2024-04-24,Groceries,Beverage Pack,1,75000,0.15,63750.0,3500,Bank Transfer,Store,Completed,DELIVERED,3.0,2.0,Yes
CUST04971,ORD004971,PRD0007,2348055443129,Customer 4971,Female,18-25,Lagos,South West,Premium,2025-11-26,Home & Kitchen,Air Fryer,5,75000,0.05,356250.0,1500,Cash on Delivery,Website,Returned,delivered,4.0,5.0,No
CUST04972,ORD004972,PRD0005,2348096928638,Customer 4972, m ,60+,Benin City,South South,Regular,2025-07-16,Home & Kitchen,Vacuum Cleaner,4,5000,0.1,18000.0,1000,Card,Instagram,Cancelled,Returned,9.0,2.0,Yes
CUST04973,ORD004973,PRD0006,2348066726402,Customer 4973,Male,60+,Lagos,South West,Business,2024-07-08,Home & Kitchen,Air Fryer,5,40000,0.1,180000.0,1000,USSD,Website,pending,DELIVERED,5.0,,
CUST04974,ORD004974,PRD0019,2348077430257,Customer 4974,Male,60+,Port Harcourt,South South,Occasional,2025-07-06,Sports,Yoga Mat,4,15000,0.05,57000.0,1500,,Instagram,Cancelled,,12.0,3.0,
CUST04975,ORD004975,PRD0024,2348081688304, Customer 4975 ,Male,18-25,Abuja,North Central,Premium,2025-11-02,Fashion,Handbag,4,10000,0.2,32000.0,1000,,Mobile App,Pending,delivered,1.0,4.0,
CUST04976,ORD004976,PRD0001,2348070971678,Customer 4976,Male,36-45,Ibadan,South West,Regular,2025-04-20,Beauty,Makeup Kit,3,3500,0.1,9450.0,1000,Wallet,Website,Returned,delivered,9.0,5.0,No
CUST04977,ORD004977,PRD0024,2348056335523,Customer 4977,Female,18-25,Lagos,South West,Premium,2024-05-22,Beauty,Perfume,3,5000,0.15,12750.0,3500,Wallet,Store,Completed,Returned,12.0,5.0,No
CUST04978,ORD004978,PRD0025,2348055576302,Customer 4978,Female,60+,Enugu,South East,Regular,2026-02-20,Beauty,Hair Dryer,1,120000,0.2,96000.0,1500,Cash on Delivery,Marketplace,Completed,,7.0,3.0,
CUST04979,ORD004979,PRD0030,2348098091755,Customer 4979,Male,26-35,Ibadan,South West,Premium,2025-11-02,Home & Kitchen,Air Fryer,3,120000,0.05,342000.0,0,USSD,Instagram,,Returned,8.0,3.0,Yes
CUST04980,ORD004980,PRD0027,2348076737133,Customer 4980,male,,Port Harcourt,South South,Premium,2025-04-14,Beauty,Skincare Set,2,75000,0.0,150000.0,1500,bank transfer,Website,Completed,,12.0,5.0,
CUST04981,ORD004981,PRD0024,2348072324379,Customer 4981,Male,18-25,Abuja,North Central,Occasional,2025-06-09,Home & Kitchen,Air Fryer,2,15000,0.0,30000.0,0,Wallet,mobile app,Pending,,1.0,4.0,No
CUST04982,ORD004982,PRD0025,2348022449790,Customer 4982,M,,Kano,North West,Business,2025-02-27,Electronics,Smart TV,3,15000,0.1,40500.0,3500,Card,Mobile App,cancelled,delivered,,2.0,NO
CUST04983,ORD004983,PRD0005,2348085941217,Customer 4983,Female,46-60,Lagos,South West,Premium,2025-01-19,Sports,Football,5,10000,0.0,50000.0,1000,USSD,Store,COMPLETED,,4.0,1.0,Yes
CUST04984,ORD004984,PRD0008,2348050110905,Customer 4984,Male,36-45,Kano,North West,Occasional,2024-06-13,Home & Kitchen,Vacuum Cleaner,2,7500,0.0,15000.0,3500,Wallet,Website,Completed,In Transit,12.0,,
CUST04985,ORD004985,PRD0008,2348030604695,Customer 4985,,26-35,Ibadan,South West,Regular,2025-09-21,Beauty,Perfume,1,75000,0.1,67500.0,0,Bank Transfer,Marketplace,cancelled,Returned,12.0,5.0,Yes
CUST04986,ORD004986,PRD0008,2348062151567,Customer 4986,Male,36-45,Abuja,North Central,Occasional,2026-04-30,Sports,Gym Bag,1,25000,0.2,20000.0,0,Card,mobile app,completed,Delivered,,4.0,No
CUST04987,ORD004987,PRD0016,2348069868321,Customer 4987,Female,18-25,Abuja,North Central,Regular,2025-04-09,Home & Kitchen,Blender,2,10000,0.2,16000.0,1000,Card,Mobile App,cancelled,Delivered,2.0,4.0,No
CUST04988,ORD004988,PRD0003,2348080461467,Customer 4988,Male,36-45,Ibadan,South West,Regular,2026-05-03,Electronics,Smart TV,3,3500,0.0,10500.0,2500,Wallet,Store,Completed,In Transit,8.0,4.0,No
CUST04989,ORD004989,PRD0022,2348052776440,Customer 4989,,,Lagos,South West,Regular,2026-02-13,Beauty,Skincare Set,2,120000,0.2,192000.0,1000,Bank Transfer,Website,cancelled,Returned,8.0,5.0,
CUST04990,ORD004990,PRD0027,2348032603884,Customer 4990,Female,36-45,Benin City,South South,Regular,2025-11-21,Fashion,Handbag,4,40000,0.15,136000.0,0,USSD,Store,Cancelled,,,4.0,Yes
CUST04991,ORD004991,PRD0024,2348055026934,Customer 4991,F,18-25,Lagos,South West,Occasional,2025-01-10,Beauty,Skincare Set,5,120000,0.0,600000.0,0,Card,Store,Completed,delivered,4.0,4.0,No
CUST04992,ORD004992,PRD0011,2348086875083,Customer 4992,female,46-60,Kaduna,North West,Premium,2025-03-11,Electronics,Wireless Earbuds,5,15000,0.0,75000.0,1500,Cash on Delivery,Mobile App,completed,delivered,11.0,4.0,yes
CUST04993,ORD004993,PRD0008,2348079126699,Customer 4993,Male,46-60,Kaduna,North West,Regular,2024-05-31,Fashion,Jeans,5,10000,0.2,40000.0,1500,Bank Transfer,Mobile App,Completed,Delayed,7.0,5.0,No
CUST04994,ORD004994,PRD0005,2348018595149,Customer 4994,Female,36-45,Abuja,North Central,Occasional,2026-04-05,Sports,Running Shoes,5,7500,0.0,37500.0,1000,Card,website,Cancelled,,14.0,1.0,Yes
CUST04995,ORD004995,PRD0016,2348098820715,Customer 4995,M,18-25,Abuja,North Central,Business,2026-05-22,Electronics,Smart TV,4,3500,0.0,14000.0,1000,USSD,Instagram,Completed,,9.0,4.0,No
CUST04996,ORD004996,PRD0008,2348082415426,Customer 4996,,,Kano,North West,premium ,2026-02-14,Home & Kitchen,Vacuum Cleaner,5,120000,0.05,570000.0,2500,Bank Transfer,Instagram,completed,Delivered,,4.0,No
CUST04997,ORD004997,PRD0030,2348094150958,Customer 4997,Male,60+,Kaduna,North West,Regular,2024-04-06,Sports,Yoga Mat,3,15000,0.05,42750.0,0,Bank Transfer,Marketplace,Returned,In Transit,,4.0,No
CUST04998,ORD004998,PRD0002,2348052007276,Customer 4998,,36-45,Abuja,North Central,premium ,2024-06-06,Beauty,Makeup Kit,4,5000,0.15,17000.0,3500,USSD,mobile app,Completed,In Transit,4.0,4.0,yes
CUST04999,ORD004999,PRD0021,2348078351557,Customer 4999,Male,18-25,Benin City,South South,premium ,2025-12-17,Beauty,Perfume,2,120000,0.1,216000.0,1000,Cash on Delivery,website,completed,Delivered,13.0,4.0,Yes
CUST05000,ORD005000,PRD0010,2348075328308, Customer 5000 ,,36-45,Ibadan,South West,Regular,2026-08-30,Beauty,Perfume,5,7500,0.05,35625.0,3500,bank transfer,Store,Completed,In Transit,11.0,4.0,NO
